日期,类型,代码,名称,价格,涨跌%,成交量,相对量,RSI,SAR,EMA20,50日均线,信号,AI点评
2026-10-02,信号,PSX,Phillips 66,264.58,0.13,2056600,0.62,63.01,多头,256.747,240.26,🎯 SAR 转多,PSX现价264.58高于50日均线240.26，SAR转多信号获趋势支撑；RSI 63.01接近超买区但未破70，信号可靠性中等偏强。
2026-10-02,信号,UMC,United Microelectronics Corpora,26.27,4.2,10197500,0.94,68.29,多头,23.698,20.926,🎯 SAR 转多,SAR转多，RSI 68.29接近超买，现价高于50日均线约25.5%，信号偏强但需留意超买风险。
2026-10-02,表格,WBD,"Warner Bros. Discovery, Inc. - ",30.94,-0.03,59649600,1.23,75.14,多头,29.849,28.224,,
2026-10-02,表格,SOFI,"SoFi Technologies, Inc.",15.77,-0.44,44379400,0.99,36.2,空头,16.69,17.454,,
2026-10-02,表格,VALE,VALE S.A.,13.76,2.3,43090900,1.43,42.2,空头,14.048,14.417,,
2026-10-02,表格,WDC,Western Digital Corporation,415.29,-10.22,24717300,3.64,39.23,空头,450.778,466.063,,
2026-10-02,表格,WMT,Walmart Inc.,104.26,0.0,23255300,1.04,40.15,空头,106.911,108.744,,
2026-10-02,表格,VZ,Verizon Communications Inc.,45.92,-0.13,19763100,0.93,34.56,空头,47.567,48.318,,
2026-10-02,表格,QXO,"QXO, Inc.",12.06,0.08,16767400,0.84,44.44,空头,12.307,13.353,,
2026-10-02,表格,STM,STMicroelectronics N.V.,57.26,7.03,16335100,1.94,66.65,多头,52.335,51.739,,
2026-10-02,表格,UBER,"Uber Technologies, Inc.",68.11,0.34,15553900,0.81,36.83,空头,70.542,73.033,,
2026-10-02,表格,TSCO,Tractor Supply Company,31.09,-2.02,13638100,1.43,37.23,多头,32.488,33.421,,
2026-10-02,表格,VYLR,"Vylor, Inc.",67.26,-1.46,13484203,0.9,,多头,,,,
2026-10-02,表格,VST,Vistra Corp.,140.02,0.19,12523600,2.61,47.03,多头,140.779,143.124,,
2026-10-02,表格,XP,XP Inc.,21.5,1.56,11895600,1.47,69.39,多头,20.172,18.304,,
2026-10-02,表格,XOM,ExxonMobil Holdings Corporation,164.01,0.12,11287000,0.79,55.13,空头,162.24,160.217,,
2026-10-02,表格,VG,"Venture Global, Inc.",13.13,2.82,10824000,0.74,44.15,空头,13.533,13.825,,
2026-10-02,表格,WFC,Wells Fargo & Company,80.45,0.25,10115200,0.73,33.7,空头,83.748,86.074,,
2026-10-02,表格,TSM,Taiwan Semiconductor Manufactur,472.78,2.96,9916700,0.99,71.68,多头,443.946,424.071,,
2026-10-02,表格,TOST,"Toast, Inc.",29.79,1.92,9583000,1.15,39.01,空头,30.908,32.944,,
2026-10-02,表格,PYPL,"PayPal Holdings, Inc.",52.8,-0.49,9013000,0.73,43.89,多头,53.807,56.421,,
2026-10-02,表格,QRVO,"Qorvo, Inc.",114.17,1.75,8341400,4.54,55.86,空头,112.564,102.65,,
2026-10-02,表格,WMB,"Williams Companies, Inc. (The)",70.54,1.91,8295700,1.11,47.24,空头,70.77,71.752,,
2026-10-02,表格,U,Unity Software Inc.,43.61,0.0,8270700,0.81,56.66,多头,42.169,41.326,,
2026-10-02,表格,VICI,VICI Properties Inc.,22.65,-0.35,7793800,0.7,24.55,空头,23.774,25.016,,
2026-10-02,表格,PSLV,"""Sprott Physical Silver Trust""",19.55,-0.26,7788401,1.2,39.07,空头,20.592,20.845,,
2026-10-02,表格,WY,Weyerhaeuser Company,18.47,-0.65,7705700,1.06,16.6,空头,20.756,22.931,,
2026-10-02,表格,USB,U.S. Bancorp,57.51,0.26,7590200,0.94,34.04,空头,59.277,61.586,,
2026-10-02,表格,VTRS,Viatris Inc.,17.6,0.8,7525600,0.83,57.55,多头,17.295,16.894,,
2026-10-02,表格,VMRK,Vivmark Residential,59.79,-0.63,6499500,1.04,30.29,空头,62.378,64.896,,
2026-10-02,表格,TU,Telus Corporation,8.04,-1.83,5917600,0.84,24.24,空头,8.687,9.343,,
2026-10-02,表格,SHOP,Shopify Inc.,151.39,1.54,5730900,0.55,61.14,多头,142.63,140.745,,
2026-10-02,表格,TEM,"Tempus AI, Inc.",76.63,0.17,5685600,0.82,56.65,空头,74.8,62.569,,
2026-10-02,表格,TD,Toronto Dominion Bank (The),117.88,0.23,5544300,3.66,41.92,空头,119.877,120.446,,
2026-10-02,表格,ZTS,Zoetis Inc.,69.69,0.85,5259300,1.15,37.5,空头,71.873,74.397,,
2026-10-02,表格,SMMT,Summit Therapeutics Inc.,16.755,0.39,5190100,0.66,54.47,多头,16.412,15.028,,
2026-10-02,表格,TXN,Texas Instruments Incorporated,293.8,4.44,5050700,0.87,70.45,多头,273.698,270.398,,
2026-10-02,表格,TME,Tencent Music Entertainment Gro,7.74,-0.39,5033800,0.69,36.41,空头,8.112,8.605,,
2026-10-02,表格,TRU,TransUnion,63.44,2.03,5009000,1.79,29.33,空头,70.481,77.696,,
2026-10-02,表格,UPS,"United Parcel Service, Inc.",93.02,-0.93,4675700,0.97,34.38,空头,96.802,101.409,,
2026-10-02,表格,XEL,Xcel Energy Inc.,71.4,1.2,4601100,0.78,41.55,多头,72.172,75.36,,
2026-10-02,表格,PHYS,"""Sprott Physical Gold Trust""",31.21,-0.73,4325328,0.97,37.98,空头,32.231,32.693,,
2026-10-02,表格,VOD,Vodafone Group Plc,16.82,2.69,4179500,1.22,54.18,空头,16.64,16.366,,
2026-10-02,表格,UAL,"United Airlines Holdings, Inc.",112.51,0.65,4025600,1.04,50.71,空头,111.649,115.856,,
2026-10-02,表格,V,Visa Inc.,360.66,0.23,4009200,0.65,41.3,空头,366.541,368.505,,
2026-10-02,表格,SE,Sea Limited,95.19,-0.08,3972000,1.07,29.04,空头,102.59,110.265,,
2026-10-02,表格,PLD,"Prologis, Inc.",128.91,0.57,3823800,1.06,30.31,空头,133.524,137.87,,
2026-10-02,表格,XYZ,"Block, Inc.",74.33,0.39,3819300,0.98,40.48,空头,76.595,79.663,,
2026-10-02,表格,TWLO,Twilio Inc.,294.58,-2.22,3673600,1.42,65.74,多头,269.211,237.183,,
2026-10-02,表格,TPR,"Tapestry, Inc.",118.12,-0.94,3638900,1.14,46.9,多头,117.548,130.222,,
2026-10-02,表格,USFD,US Foods Holding Corp.,96.92,3.18,3479300,1.34,49.77,多头,95.972,101.4,,
2026-10-02,表格,VIK,Viking Holdings Ltd,80.56,3.02,3459600,0.72,38.61,空头,82.816,91.822,,
2026-10-02,表格,RCL,Royal Caribbean Cruises Ltd.,277.74,2.87,3418900,1.05,61.2,多头,258.912,280.777,,
2026-10-02,表格,VRT,"Vertiv Holdings, LLC",252.18,2.46,3344900,0.62,49.04,空头,251.165,260.721,,
2026-10-02,表格,UBS,UBS Group AG Registered,47.71,0.29,3304700,1.51,33.04,空头,50.186,52.495,,
2026-10-02,表格,SNOW,Snowflake Inc.,341.04,-0.28,3303300,0.62,57.09,空头,333.475,323.696,,
2026-10-02,表格,TSN,"Tyson Foods, Inc.",51.89,2.81,3294700,0.83,44.39,空头,52.102,54.991,,
2026-10-02,表格,SW,Smurfit WestRock plc,42.54,-1.16,3289300,0.76,37.04,空头,44.864,46.557,,
2026-10-02,表格,SUNB,"Sunbelt Rentals Holdings, Inc.",77.1,1.97,3172400,0.48,58.94,多头,73.975,74.884,,
2026-10-02,表格,TXG,"10x Genomics, Inc.",93.5,5.34,3142600,1.02,77.03,多头,79.66,64.804,,
2026-10-02,表格,UDR,"UDR, Inc.",33.27,-1.22,3134000,0.73,26.4,空头,34.449,36.354,,
2026-10-02,表格,SYF,Synchrony Financial,71.77,0.36,3117000,1.07,39.09,空头,73.72,76.655,,
2026-10-02,表格,UL,Unilever PLC,59.7,0.2,3079000,1.02,33.64,空头,61.921,62.966,,
2026-10-02,表格,UNP,Union Pacific Corporation,278.28,2.15,3049500,1.25,44.64,多头,279.492,289.84,,
2026-10-02,表格,SRE,DBA Sempra,78.38,0.42,2949400,0.84,37.81,空头,80.005,83.419,,
2026-10-02,表格,VTR,"Ventas, Inc.",84.01,0.33,2949400,0.78,28.59,空头,86.941,90.193,,
2026-10-02,表格,WEC,"WEC Energy Group, Inc.",101.59,-0.14,2750700,0.96,38.92,空头,103.192,106.341,,
2026-10-02,表格,QSR,Restaurant Brands International,69.91,0.22,2748600,0.8,32.24,空头,72.861,74.89,,
2026-10-02,表格,RELX,RELX PLC PLC,33.42,-0.21,2736000,1.25,44.46,多头,33.856,34.934,,
2026-10-02,表格,WELL,Welltower Inc.,227.71,0.34,2646800,1.01,40.16,空头,232.245,235.43,,
2026-10-02,表格,VLO,Valero Energy Corporation,406.3,-0.53,2586500,0.65,65.56,多头,386.398,354.967,,
2026-10-02,表格,WMG,Warner Music Group Corp.,26.815,-0.87,2539600,1.17,41.51,空头,27.552,27.274,,
2026-10-02,表格,WTRG,"Essential Utilities, Inc.",39.38,1.84,2491800,0.96,41.45,空头,40.083,40.364,,
2026-10-02,表格,TTE,TotalEnergies SE,84.4,-0.13,2480500,1.51,36.22,空头,87.984,87.582,,
2026-10-02,表格,WM,"Waste Management, Inc.",204.45,1.26,2371800,1.07,32.85,空头,209.997,219.158,,
2026-10-02,表格,TXT,Textron Inc.,77.26,0.12,2287900,1.18,38.39,空头,78.744,83.141,,
2026-10-02,表格,XYL,Xylem Inc.,101.79,0.9,2256400,0.79,32.73,空头,105.258,111.985,,
2026-10-02,表格,WRB,W.R. Berkley Corporation,68.98,0.12,2243200,0.58,50.53,多头,68.697,70.012,,
2026-10-02,表格,RPRX,Royalty Pharma plc,57.16,-0.82,2229500,0.67,37.08,空头,58.688,59.347,,
2026-10-02,表格,WCN,"Waste Connections, Inc.",153.82,2.1,2228000,1.76,36.8,空头,157.096,162.973,,
2026-10-02,表格,W,Wayfair Inc.,101.25,-0.12,2214700,0.91,50.91,空头,101.094,100.418,,
2026-10-02,表格,TWST,Twist Bioscience Corporation,188.67,0.33,2081400,0.92,70.7,多头,165.297,135.714,,
2026-10-02,表格,ZM,"Zoom Communications, Inc.",92.88,-0.98,2007300,0.67,48.6,多头,92.719,97.22,,
2026-10-02,表格,TSEM,Tower Semiconductor Ltd.,240.86,-0.18,1997700,1.02,57.38,多头,225.95,224.354,,
2026-10-02,表格,TRMB,Trimble Inc.,57.52,-0.02,1997500,0.83,47.2,空头,57.95,58.244,,
2026-10-02,表格,ZTO,ZTO Express (Cayman) Inc.,19.5,0.57,1985800,0.62,35.06,空头,20.123,21.668,,
2026-10-02,表格,ZBH,"Zimmer Biomet Holdings, Inc.",88.29,0.26,1985300,0.91,35.27,空头,92.485,95.844,,
2026-10-02,表格,RCI,"Rogers Communication, Inc.",30.83,0.36,1973100,1.55,22.28,空头,33.231,34.708,,
2026-10-02,表格,SPOT,Spotify Technology S.A.,472.89,-3.77,1900100,1.32,34.42,空头,509.487,516.497,,
2026-10-02,表格,RY,Royal Bank Of Canada,195.67,0.16,1800900,1.87,33.44,空头,201.68,206.655,,
2026-10-02,表格,ZS,"Zscaler, Inc.",196.6,-1.1,1786300,0.46,54.6,空头,193.974,179.088,,
2026-10-02,表格,YUM,"Yum! Brands, Inc.",136.12,-0.42,1755000,0.76,37.39,空头,140.42,146.181,,
2026-10-02,表格,TEAM,Atlassian Corporation,187.89,-1.06,1748500,0.55,56.02,空头,183.983,163.616,,
2026-10-02,表格,TRI,Thomson Reuters Corp,97.62,-1.75,1735500,1.14,47.04,多头,99.09,101.288,,
2026-10-02,表格,TMO,Thermo Fisher Scientific Inc,654.8,0.35,1667700,0.72,56.67,空头,650.344,617.118,,
2026-10-02,表格,RBA,"RB Global, Inc.",81.88,0.36,1652200,0.97,39.39,空头,83.169,89.224,,
2026-10-02,表格,VLTO,Veralto Corp,94.68,0.08,1623800,0.92,45.0,空头,95.622,96.435,,
2026-10-02,表格,TROW,"T. Rowe Price Group, Inc.",104.62,-1.14,1620300,1.05,44.01,多头,105.455,109.101,,
2026-10-02,表格,TTMI,"TTM Technologies, Inc.",131.87,4.25,1609600,0.85,58.22,多头,123.993,123.059,,
2026-10-02,表格,TTWO,"Take-Two Interactive Software, ",202.73,-0.44,1596000,0.64,37.17,空头,209.87,226.207,,
2026-10-02,表格,RVMD,"Revolution Medicines, Inc.",206.64,0.36,1570300,0.76,55.97,多头,202.475,202.388,,
2026-10-02,表格,WPM,Wheaton Precious Metals Corp,136.28,2.14,1548300,0.81,42.03,空头,142.887,139.784,,
2026-10-02,表格,YUMC,"Yum China Holdings, Inc.",39.98,-2.39,1480400,1.12,30.53,空头,41.816,44.591,,
2026-10-02,表格,TW,Tradeweb Markets Inc.,102.22,-1.05,1441200,1.11,48.75,多头,102.366,103.562,,
2026-10-02,表格,WDAY,"Workday, Inc.",186.14,-0.33,1440800,0.57,47.06,空头,189.81,185.887,,
2026-10-02,表格,ROKU,"Roku, Inc.",152.39,0.75,1420400,0.67,45.38,空头,153.537,153.178,,
2026-10-02,表格,XPO,"XPO, Inc.",186.09,3.54,1358600,1.21,54.15,多头,180.906,191.275,,
2026-10-02,表格,TT,Trane Technologies plc,463.91,1.08,1331800,1.16,62.72,多头,447.143,453.766,,
2026-10-02,表格,VRSN,"VeriSign, Inc.",288.32,0.49,1242300,1.72,48.58,空头,289.902,288.981,,
2026-10-02,表格,SNN,"Smith & Nephew SNATS, Inc.",26.42,0.58,1228400,0.81,34.7,空头,27.161,28.681,,
2026-10-02,表格,SPG,"Simon Property Group, Inc.",200.95,0.07,1228400,0.98,30.93,空头,205.177,213.473,,
2026-10-02,表格,WPC,W. P. Carey Inc. REIT,64.52,1.08,1223400,0.73,31.24,空头,66.118,69.114,,
2026-10-02,表格,RSG,"Republic Services, Inc.",209.56,1.58,1178400,0.74,38.5,多头,214.049,216.107,,
2026-10-02,表格,ULS,UL Solutions Inc.,65.99,-0.77,1169800,1.18,36.46,多头,67.721,74.508,,
2026-10-02,表格,TXRH,"Texas Roadhouse, Inc.",156.14,-0.36,1150800,0.97,16.29,空头,168.253,189.136,,
2026-10-02,表格,REG,Regency Centers Corporation,71.6,-0.28,1138400,0.83,29.08,空头,73.288,75.416,,
2026-10-02,表格,SKM,"SK Telecom Co., Ltd.",36.79,3.37,1124700,0.95,52.61,多头,36.249,36.3,,
2026-10-02,表格,TLN,Talen Energy Corporation,320.77,-0.72,1112200,1.31,56.43,多头,308.574,319.037,,
2026-10-02,表格,VEEV,Veeva Systems Inc.,273.33,-3.05,1081200,0.71,55.92,多头,270.61,250.734,,
2026-10-02,表格,SUI,"Sun Communities, Inc.",110.75,0.68,1058600,0.97,35.61,多头,113.117,117.686,,
2026-10-02,表格,UNM,Unum Group,88.57,0.56,1056900,0.52,39.81,空头,91.459,91.153,,
2026-10-02,表格,VICR,Vicor Corporation,308.9,0.1,1015600,1.11,75.22,多头,254.338,219.607,,
2026-10-02,表格,UTHR,United Therapeutics Corporation,541.7,-5.19,996700,1.1,60.03,多头,508.901,511.106,,
2026-10-02,表格,TIGO,Millicom International Cellular,88.32,3.17,993600,1.17,41.39,空头,91.827,93.819,,
2026-10-02,表格,TS,Tenaris S.A.,55.99,0.61,984500,0.9,51.87,空头,55.741,55.353,,
2026-10-02,表格,WWD,"Woodward, Inc.",331.62,-1.36,950800,1.23,46.76,多头,331.802,348.309,,
2026-10-02,表格,WSM,"Williams-Sonoma, Inc.",232.3,-0.47,944900,0.81,53.63,多头,229.365,233.658,,
2026-10-02,表格,VRTX,Vertex Pharmaceuticals Incorpor,504.73,-0.4,939600,0.94,39.03,空头,519.818,518.204,,
2026-10-02,表格,TKO,"TKO Group Holdings, Inc.",175.58,-0.26,929800,0.76,34.9,空头,184.343,187.602,,
2026-10-02,表格,SN,"SharkNinja, Inc.",182.57,1.55,925100,0.45,60.17,多头,175.864,175.375,,
2026-10-02,表格,VMC,Vulcan Materials Company (Holdi,243.06,-0.38,914100,0.71,37.1,空头,249.206,265.029,,
2026-10-02,表格,WAB,Westinghouse Air Brake Technolo,287.54,-0.1,913500,1.18,51.12,多头,286.97,290.482,,
2026-10-02,表格,RMD,ResMed Inc.,218.89,-1.02,898900,0.72,41.31,空头,223.149,223.028,,
2026-10-02,表格,SCCO,Southern Copper Corporation,205.54,3.17,882600,0.83,56.23,多头,200.687,196.777,,
2026-10-02,表格,TRV,"The Travelers Companies, Inc.",360.38,-0.35,882400,0.63,43.05,空头,365.488,370.778,,
2026-10-02,表格,SOLV,Solventum Corporation,87.85,0.09,880400,1.02,45.96,空头,88.759,88.125,,
2026-10-02,表格,PWR,"Quanta Services, Inc.",676.56,2.11,868400,1.05,61.61,多头,643.486,642.933,,
2026-10-02,表格,VRSK,"Verisk Analytics, Inc.",163.88,-2.67,827700,0.64,33.46,空头,173.397,183.76,,
2026-10-02,表格,YPF,YPF Sociedad Anonima,49.67,0.81,795700,0.58,38.6,空头,52.133,51.776,,
2026-10-02,表格,WES,"Western Midstream Partners, LP",44.76,0.86,757100,0.83,34.13,空头,46.191,47.348,,
2026-10-02,表格,WAT,Waters Corporation,425.21,-0.08,625600,0.9,53.15,多头,424.445,410.184,,
2026-10-02,表格,URI,"United Rentals, Inc.",1081.04,4.54,617300,1.28,59.59,多头,1031.797,1064.374,,
2026-10-02,表格,STRL,"Sterling Infrastructure, Inc.",533.42,5.6,606100,1.14,55.89,多头,506.553,521.372,,
2026-10-02,表格,THC,Tenet Healthcare Corporation,258.62,1.83,574600,0.75,49.81,空头,259.238,261.734,,
2026-10-02,表格,RL,Ralph Lauren Corporation,363.37,0.2,559300,0.81,58.76,多头,351.516,362.103,,
2026-10-02,表格,SQM,Sociedad Quimica y Minera S.A.,64.52,0.62,534900,0.52,35.46,空头,68.616,71.329,,
2026-10-02,表格,RACE,Ferrari N.V.,388.33,0.27,519600,1.27,36.99,空头,404.316,407.81,,
2026-10-02,表格,WST,"West Pharmaceutical Services, I",364.98,-0.01,473000,0.75,54.21,多头,363.361,351.818,,
2026-10-02,表格,WCC,"WESCO International, Inc.",381.73,2.81,466900,0.96,64.36,多头,358.386,351.222,,
2026-10-02,表格,WTW,Willis Towers Watson Public Lim,288.61,-1.03,464000,0.84,30.21,空头,303.637,322.487,,
2026-10-02,表格,WSO,"Watsco, Inc.",297.47,-1.22,420500,0.92,36.65,空头,310.573,316.918,,
2026-10-02,表格,SITM,SiTime Corporation,709.44,4.5,418600,0.89,64.61,多头,635.179,610.35,,
2026-10-02,表格,TYL,"Tyler Technologies, Inc.",322.81,-2.23,379500,0.51,42.41,多头,333.522,336.131,,
2026-10-02,表格,SUN,Sunoco LP,74.73,0.25,371500,0.53,48.19,空头,75.236,75.324,,
2026-10-02,表格,ULTA,"Ulta Beauty, Inc.",543.69,1.11,341200,0.67,51.21,多头,543.676,534.556,,
2026-10-02,表格,RNR,RenaissanceRe Holdings Ltd.,325.53,0.79,333900,1.06,50.05,空头,325.614,325.217,,
2026-10-02,表格,ZBRA,Zebra Technologies Corporation,375.86,0.11,332400,0.6,63.76,多头,362.794,350.876,,
2026-10-02,表格,TM,Toyota Motor Corporation,181.49,-1.01,297900,0.97,35.2,空头,189.096,190.681,,
2026-10-02,表格,RS,"Reliance, Inc.",400.31,1.85,273100,0.98,56.13,多头,391.701,399.82,,
2026-10-02,表格,WTS,"Watts Water Technologies, Inc.",363.07,1.0,238500,1.22,56.0,多头,357.478,361.745,,
2026-10-02,表格,TDY,Teledyne Technologies Incorpora,617.17,0.73,181900,0.65,51.37,空头,612.648,633.816,,
2026-10-02,表格,BRK-A,Berkshire Hathaway Inc.,754790.0,0.41,119,0.5,47.37,空头,757719.769,761000.04,,
2026-09-30,信号,ITUB,Itau Unibanco Banco Holding SA,8.535,5.5,22660654,1.04,61.92,多头,8.152,7.992,🎯 SAR 转多,现价8.535高于50日均线7.992，SAR转多信号获均线支撑；RSI 61.92偏强但未超买，信号可靠性中等偏上。
2026-09-30,信号,UTHR,United Therapeutics Corporation,545.245,13.25,1753705,2.33,66.51,多头,498.828,510.043,🎯 SAR 转多,UTHR现价545.25高于50日均线510.04，SAR转多信号获均线支撑；RSI 66.51接近超买区，可靠性中等偏强。
2026-09-30,表格,INTC,Intel Corporation,119.625,3.19,48905039,0.45,61.38,多头,111.091,100.133,,
2026-09-30,表格,NVDA,NVIDIA Corporation,230.48,1.44,46065087,0.41,59.74,多头,223.364,217.272,,
2026-09-30,表格,NU,Nu Holdings Ltd.,12.445,0.77,41475856,0.57,31.9,空头,13.716,14.288,,
2026-09-30,表格,SPCX,Space Exploration Technologies ,151.0,1.18,40402430,0.44,56.59,空头,147.912,137.49,,
2026-09-30,表格,NOK,Nokia Corporation Sponsored,10.125,-2.27,34420748,0.4,46.52,多头,10.366,10.052,,
2026-09-30,表格,GRAB,Grab Holdings Limited,3.165,1.44,30337147,0.4,48.32,多头,3.148,3.367,,
2026-09-30,表格,SOFI,"SoFi Technologies, Inc.",15.915,0.03,23699726,0.53,36.62,空头,16.905,17.5,,
2026-09-30,表格,AGNC,AGNC Investment Corp.,9.16,-3.07,23690930,0.62,19.46,空头,9.928,10.417,,
2026-09-30,表格,HOOD,"Robinhood Markets, Inc.",113.825,-2.06,22166337,0.97,50.78,多头,114.878,105.066,,
2026-09-30,表格,WBD,"Warner Bros. Discovery, Inc. - ",30.825,-0.08,21822024,0.5,74.15,多头,29.595,28.02,,
2026-09-30,表格,TSLA,"Tesla, Inc.",350.656,-0.62,21616028,0.56,43.74,空头,362.439,346.881,,
2026-09-30,表格,AAPL,Apple Inc.,336.62,2.19,19161665,0.45,57.41,空头,331.487,322.087,,
2026-09-30,表格,F,Ford Motor Company,12.015,-2.32,18414055,0.38,28.56,空头,13.125,13.827,,
2026-09-30,表格,VALE,VALE S.A.,13.525,1.69,17950239,0.61,36.64,空头,14.155,14.453,,
2026-09-30,表格,HPE,Hewlett Packard Enterprise Comp,65.43,6.41,17900519,0.66,64.14,多头,59.746,54.887,,
2026-09-30,表格,SMCI,"Super Micro Computer, Inc.",40.78,-0.59,17253002,0.45,55.63,多头,39.731,36.033,,
2026-09-30,表格,BMNR,"BitMine Immersion Technologies,",26.715,-0.06,17186729,0.41,57.48,多头,25.726,22.156,,
2026-09-30,表格,IONQ,"IonQ, Inc.",44.695,1.79,17107401,0.72,59.93,多头,41.682,40.238,,
2026-09-30,表格,CDE,"Coeur Mining, Inc.",17.838,-0.01,16992371,0.49,39.56,空头,19.313,18.839,,
2026-09-30,表格,NKE,"Nike, Inc.",35.685,-0.43,16866426,0.51,37.41,空头,36.735,38.987,,
2026-09-30,表格,AMZN,"Amazon.com, Inc.",251.48,1.95,16618554,0.49,47.96,多头,252.379,256.166,,
2026-09-30,表格,STLA,Stellantis N.V.,4.4,-0.68,16205644,0.68,31.02,空头,4.871,5.294,,
2026-09-30,表格,IBRX,"ImmunityBio, Inc.",9.89,12.0,16161406,1.56,68.18,多头,8.52,7.914,,
2026-09-30,表格,CCL,Carnival Corporation Ltd.,24.965,-0.58,15582019,0.61,60.35,多头,23.298,25.255,,
2026-09-30,表格,HBAN,Huntington Bancshares Incorpora,15.26,-0.07,15427391,0.51,32.9,空头,15.931,16.715,,
2026-09-30,表格,GOOGL,Alphabet Inc.,351.47,3.09,15076135,0.58,55.63,空头,344.336,343.933,,
2026-09-30,表格,BBD,Banco Bradesco Sa,3.52,4.76,14814069,0.51,56.06,空头,3.433,3.396,,
2026-09-30,表格,AUR,"Aurora Innovation, Inc.",5.578,3.49,14638836,0.43,38.8,空头,6.059,6.286,,
2026-09-30,表格,IREN,IREN LIMITED,41.3,-0.19,14558626,0.4,45.12,空头,43.435,41.392,,
2026-09-30,表格,RKLB,Rocket Lab Corporation,72.28,3.7,13721859,0.68,55.24,多头,69.249,69.72,,
2026-09-30,表格,NVO,Novo Nordisk A/S,38.355,0.12,13471382,1.0,30.13,空头,41.34,44.905,,
2026-09-30,表格,RKT,"Rocket Companies, Inc.",11.605,-0.73,13414463,0.39,34.43,空头,12.602,13.423,,
2026-09-30,表格,MRNA,"Moderna, Inc.",188.696,-7.26,12830987,0.85,65.85,多头,167.222,118.279,,
2026-09-30,表格,NFLX,"Netflix, Inc.",70.195,-0.15,12546067,0.38,36.94,空头,73.855,75.627,,
2026-09-30,表格,MSTR,Strategy Inc,154.33,-0.22,12370652,0.52,60.05,多头,145.825,121.094,,
2026-09-30,表格,HL,Hecla Mining Company,17.18,0.17,12164452,0.33,40.27,空头,18.467,18.19,,
2026-09-30,表格,BAC,Bank of America Corporation,54.705,-0.46,11975184,0.33,24.8,空头,58.057,60.981,,
2026-09-30,表格,ORCL,Oracle Corporation,137.78,-0.01,11744571,0.33,43.08,空头,143.719,142.912,,
2026-09-30,表格,PBR,Petroleo Brasileiro S.A. Petrob,21.16,2.47,11314672,0.52,60.63,空头,20.515,19.22,,
2026-09-30,表格,PSKY,Paramount Skydance Corporation,10.18,1.9,11263224,0.49,48.92,空头,10.274,9.832,,
2026-09-30,表格,T,AT&T Inc.,24.635,0.63,11227778,0.29,42.28,空头,25.274,24.919,,
2026-09-30,表格,MU,"Micron Technology, Inc.",1072.48,0.69,11174531,0.45,60.55,多头,1020.953,951.741,,
2026-09-30,表格,PFE,"Pfizer, Inc.",28.775,0.19,10932885,0.33,67.74,多头,28.121,27.195,,
2026-09-30,表格,NLY,Annaly Capital Management Inc.,19.175,-5.63,10846558,1.05,15.87,空头,21.234,22.373,,
2026-09-30,表格,HLN,Haleon plc,9.045,-0.28,10734711,0.52,35.7,空头,9.33,9.67,,
2026-09-30,表格,QXO,"QXO, Inc.",11.855,2.02,10219804,0.54,41.88,多头,12.378,13.428,,
2026-09-30,表格,PCG,Pacific Gas & Electric Co.,12.225,0.37,10114215,0.2,30.26,空头,13.374,15.695,,
2026-09-30,表格,CRWV,"CoreWeave, Inc.",87.19,1.47,10076383,0.34,50.58,空头,86.548,86.41,,
2026-09-30,表格,MDT,Medtronic plc.,87.31,0.25,9886545,0.89,40.76,空头,89.705,89.09,,
2026-09-30,表格,GOOG,Alphabet Inc.,348.05,3.18,9464574,0.56,55.66,空头,340.999,341.478,,
2026-09-30,表格,GEN,Gen Digital Inc.,22.285,6.88,9334654,0.87,29.14,空头,26.307,28.084,,
2026-09-30,表格,META,"Meta Platforms, Inc.",736.558,-0.3,9049939,0.38,63.96,空头,691.275,620.456,,
2026-09-30,表格,MSFT,Microsoft Corporation,518.21,1.82,8970781,0.43,62.71,多头,501.177,482.3,,
2026-09-30,表格,CPNG,"Coupang, Inc.",13.795,-0.4,8771205,0.55,31.91,空头,14.566,15.512,,
2026-09-30,表格,FCX,"Freeport-McMoRan, Inc.",71.535,1.05,8765954,0.79,49.49,多头,71.941,70.31,,
2026-09-30,表格,LYG,Lloyds Banking Group Plc,5.655,-0.62,8626837,0.58,39.01,空头,5.82,5.971,,
2026-09-30,表格,KVUE,Kenvue Inc.,17.865,-0.25,8537225,0.32,44.98,空头,17.945,18.466,,
2026-09-30,表格,NBIS,Nebius Group N.V.,239.66,0.97,8510709,0.56,56.13,多头,228.395,218.208,,
2026-09-30,表格,CMCSA,Comcast Corporation,21.95,1.62,8392318,0.27,30.92,空头,23.398,24.739,,
2026-09-30,表格,RIVN,"Rivian Automotive, Inc.",15.145,1.17,8318834,0.39,45.05,空头,15.418,15.823,,
2026-09-30,表格,CBRS,Cerebras Systems Inc.,180.6,-7.36,8127023,1.34,40.88,空头,197.214,202.99,,
2026-09-30,表格,AMD,"Advanced Micro Devices, Inc.",601.735,-0.96,7928920,0.36,63.62,多头,564.542,510.181,,
2026-09-30,表格,BE,Bloom Energy Corporation,279.28,-4.11,7917400,0.45,56.2,多头,264.553,233.578,,
2026-09-30,表格,INFY,Infosys Limited,10.82,1.69,7821534,0.5,42.56,多头,11.015,11.627,,
2026-09-30,表格,BSX,Boston Scientific Corporation,43.93,0.11,7629684,0.36,42.01,空头,44.875,46.896,,
2026-09-30,表格,WMT,Walmart Inc.,105.53,-1.19,7628815,0.34,42.63,多头,107.652,108.95,,
2026-09-30,表格,UBER,"Uber Technologies, Inc.",69.11,-0.36,7250382,0.39,39.15,空头,71.163,73.11,,
2026-09-30,表格,PLTR,Palantir Technologies Inc.,189.54,1.37,7226574,0.28,62.51,多头,181.368,167.209,,
2026-09-30,表格,SMMT,Summit Therapeutics Inc.,17.355,5.89,7160748,0.98,58.25,多头,16.386,14.962,,
2026-09-30,表格,AVGO,Broadcom Inc.,352.86,-0.63,6818019,0.25,44.91,多头,357.136,374.488,,
2026-09-30,表格,BEKE,KE Holdings Inc,16.915,1.9,6756203,1.31,51.34,多头,16.76,16.982,,
2026-09-30,表格,ASTS,"AST SpaceMobile, Inc.",62.22,4.75,6302868,0.62,50.48,多头,61.444,62.876,,
2026-09-30,表格,BA,Boeing Company (The),187.86,0.1,6265149,0.84,32.52,空头,200.094,213.005,,
2026-09-30,表格,RBLX,Roblox Corporation,42.55,3.33,6255012,0.55,44.22,空头,45.122,42.642,,
2026-09-30,表格,SHEL,Shell PLC,95.53,0.41,6190915,0.98,55.76,空头,94.774,92.053,,
2026-09-30,表格,MRVL,"Marvell Technology, Inc.",259.785,-1.32,5922374,0.33,59.54,多头,245.157,224.237,,
2026-09-30,表格,TOST,"Toast, Inc.",29.415,-3.43,5756286,0.72,33.66,多头,31.255,32.924,,
2026-09-30,表格,VZ,Verizon Communications Inc.,46.195,0.47,5648160,0.27,36.25,空头,47.957,48.249,,
2026-09-30,表格,GME,GameStop Corporation,24.81,4.42,5500362,0.56,70.61,空头,22.418,20.408,,
2026-09-30,表格,AES,The AES Corporation,14.89,0.2,5487972,0.69,68.14,多头,14.824,14.757,,
2026-09-30,表格,WFC,Wells Fargo & Company,80.203,-0.34,5486119,0.39,32.02,空头,84.515,86.295,,
2026-09-30,表格,BMY,Bristol-Myers Squibb Company,62.98,0.19,5406349,0.48,45.93,多头,63.535,64.511,,
2026-09-30,表格,EXC,Exelon Corporation,40.8,0.37,5187184,0.64,31.86,空头,41.924,43.873,,
2026-09-30,表格,KHC,The Kraft Heinz Company,23.05,-1.71,5150207,0.23,30.86,空头,24.154,24.874,,
2026-09-30,表格,SKHY,SK hynix Inc.,185.94,-0.4,5107469,0.26,52.79,空头,181.795,165.511,,
2026-09-30,表格,COIN,"Coinbase Global, Inc.",187.585,-1.28,5060465,0.52,52.43,多头,186.381,171.96,,
2026-09-30,表格,CRCL,"Circle Internet Group, Inc.",83.427,-0.33,4920083,0.34,45.71,多头,88.319,80.712,,
2026-09-30,表格,HAL,Halliburton Company,31.945,1.28,4906889,0.47,34.37,空头,33.704,33.927,,
2026-09-30,表格,TSM,Taiwan Semiconductor Manufactur,459.275,0.51,4839182,0.49,66.35,多头,439.28,422.184,,
2026-09-30,表格,CMG,"Chipotle Mexican Grill, Inc.",31.945,0.2,4801543,0.36,35.17,空头,33.649,34.675,,
2026-09-30,表格,VST,Vistra Corp.,137.7,-2.22,4757496,1.03,42.74,空头,140.913,144.219,,
2026-09-30,表格,FIG,"Figma, Inc.",21.5,3.76,4693466,0.34,41.42,空头,22.614,24.332,,
2026-09-30,表格,KEY,KeyCorp,20.135,0.07,4691136,0.31,32.37,空头,20.926,21.808,,
2026-09-30,表格,EQX,Equinox Gold Corp.,11.23,-1.49,4622626,0.35,42.34,空头,11.964,11.615,,
2026-09-30,表格,HPQ,HP Inc.,31.395,2.16,4459384,0.28,49.71,空头,31.779,30.1,,
2026-09-30,表格,PBR-A,Petroleo Brasileiro S.A. Petrob,19.21,2.24,4363497,0.59,62.44,空头,18.576,17.255,,
2026-09-30,表格,APH,Amphenol Corporation,84.595,0.3,4360955,0.35,59.17,多头,81.824,80.745,,
2026-09-30,表格,TU,Telus Corporation,8.47,3.8,4354683,0.66,33.62,空头,8.822,9.42,,
2026-09-30,表格,KO,Coca-Cola Company (The),86.78,-0.07,4219089,0.27,44.15,空头,87.714,87.389,,
2026-09-30,表格,NOW,"ServiceNow, Inc.",134.425,3.45,4183353,0.32,50.73,空头,135.015,127.503,,
2026-09-30,表格,MDB,"MongoDB, Inc.",355.819,5.52,4135615,1.28,42.71,空头,385.68,387.707,,
2026-09-30,表格,STM,STMicroelectronics N.V.,53.095,-0.27,4091830,0.49,54.86,多头,51.614,51.9,,
2026-09-30,表格,GIS,"General Mills, Inc.",32.945,-2.59,4019820,0.4,27.37,空头,35.791,37.383,,
2026-09-30,表格,SLB,SLB Limited,49.11,-1.52,3991982,0.29,33.14,空头,52.418,52.712,,
2026-09-30,表格,XP,XP Inc.,21.255,4.86,3926455,0.5,67.56,多头,19.937,18.139,,
2026-09-30,表格,PSLV,"""Sprott Physical Silver Trust""",19.415,-1.85,3886678,0.62,37.33,空头,20.822,20.818,,
2026-09-30,表格,CRWD,"CrowdStrike Holdings, Inc.",266.64,1.48,3812940,0.33,67.4,多头,241.872,216.549,,
2026-09-30,表格,JHX,James Hardie Industries plc.,25.575,1.89,3784738,0.27,37.43,空头,26.997,28.253,,
2026-09-30,表格,VTRS,Viatris Inc.,17.985,-0.75,3700645,0.42,66.31,多头,17.268,16.879,,
2026-09-30,表格,HUT,Hut 8 Corp.,87.52,-5.75,3694476,0.85,44.36,空头,93.934,92.961,,
2026-09-30,表格,BABA,Alibaba Group Holding Limited,108.291,0.51,3627200,0.43,40.33,空头,111.626,117.236,,
2026-09-30,表格,ET,Energy Transfer LP,19.785,-0.63,3587975,0.42,26.45,空头,20.667,20.764,,
2026-09-30,表格,U,Unity Software Inc.,41.69,4.96,3572000,0.35,49.81,空头,41.922,40.761,,
2026-09-30,表格,O,Realty Income Corporation,54.605,-0.97,3555861,0.43,14.59,空头,57.468,60.868,,
2026-09-30,表格,XOM,ExxonMobil Holdings Corporation,163.781,1.51,3528834,0.25,54.57,空头,161.966,159.868,,
2026-09-30,表格,CRH,CRH PLC,83.455,-1.27,3524070,0.65,33.49,空头,87.543,93.383,,
2026-09-30,表格,GM,General Motors Company,77.35,-3.88,3518653,0.48,35.26,空头,83.092,85.418,,
2026-09-30,表格,KMI,"Kinder Morgan, Inc.",30.215,-0.77,3502252,0.28,37.14,空头,31.102,31.5,,
2026-09-30,表格,PINS,"Pinterest, Inc.",19.035,2.67,3499795,0.23,43.08,空头,19.431,21.679,,
2026-09-30,表格,FPS,"Forgent Power Solutions, Inc.",37.485,0.77,3447713,0.32,54.75,多头,35.992,34.948,,
2026-09-30,表格,GSK,GSK plc,48.555,-1.61,3445616,1.15,40.53,空头,49.862,50.616,,
2026-09-30,表格,CNH,CNH Industrial N.V.,13.105,0.34,3424216,0.16,52.56,空头,13.142,12.016,,
2026-09-30,表格,WDC,Western Digital Corporation,460.96,1.65,3361930,0.51,51.03,空头,454.286,470.928,,
2026-09-30,表格,CRM,"Salesforce, Inc.",230.74,2.41,3354033,0.26,48.62,空头,235.21,216.757,,
2026-09-30,表格,NEE,"NextEra Energy, Inc.",76.19,0.4,3298937,0.28,27.3,空头,79.287,83.246,,
2026-09-30,表格,CSCO,"Cisco Systems, Inc.",108.07,1.06,3288704,0.18,46.02,空头,108.758,112.185,,
2026-09-30,表格,SNDK,Sandisk Corporation,1738.335,0.5,3272606,0.34,54.7,多头,1690.561,1533.675,,
2026-09-30,表格,MRK,"Merck & Company, Inc.",146.38,-1.94,3188293,0.33,51.25,多头,146.981,141.084,,
2026-09-30,表格,ARCC,Ares Capital Corporation,19.315,-0.23,3180851,0.69,51.24,空头,19.302,19.182,,
2026-09-30,表格,HBM,Hudbay Minerals Inc.,26.815,-0.72,3102358,0.78,49.47,多头,26.923,26.554,,
2026-09-30,表格,PPL,PPL Corporation,32.845,0.81,3098163,0.46,41.14,多头,33.206,34.375,,
2026-09-30,表格,CSX,CSX Corporation,47.13,0.43,3094081,0.29,39.76,空头,47.828,49.549,,
2026-09-30,表格,AIG,"American International Group, I",74.51,-1.01,3062066,0.64,46.17,空头,75.062,76.31,,
2026-09-30,表格,B,Barrick Mining Corporation,40.895,-0.84,3060257,0.35,41.38,空头,42.719,42.196,,
2026-09-30,表格,SNOW,Snowflake Inc.,346.291,4.84,3051287,0.54,59.63,空头,332.339,320.828,,
2026-09-30,表格,BHP,BHP Group Limited,85.405,0.69,3050404,1.24,44.3,空头,86.644,87.43,,
2026-09-30,表格,DOW,Dow Inc.,27.705,0.34,3049089,0.34,36.86,空头,28.837,29.758,,
2026-09-30,表格,VG,"Venture Global, Inc.",12.74,1.59,3046782,0.2,39.08,空头,13.669,13.907,,
2026-09-30,表格,QCOM,QUALCOMM Incorporated,184.25,0.08,3045305,0.2,52.08,空头,184.111,170.5,,
2026-09-30,表格,PEP,"Pepsico, Inc.",127.885,-0.63,3015675,0.33,28.7,多头,132.306,136.445,,
2026-09-30,表格,BKNG,Booking Holdings Inc. Common St,163.5,0.71,2999630,0.34,34.47,多头,172.184,189.886,,
2026-09-30,表格,BP,BP p.l.c.,44.075,1.28,2990316,0.32,49.77,空头,44.254,43.59,,
2026-09-30,表格,ROL,"Rollins, Inc.",29.855,-2.11,2981320,0.41,22.95,空头,32.765,35.669,,
2026-09-30,表格,FITB,Fifth Third Bancorp,50.649,-0.63,2979387,0.52,31.34,空头,52.883,55.124,,
2026-09-30,表格,PDD,PDD Holdings Inc.,77.885,0.5,2975038,0.47,39.89,空头,79.709,84.07,,
2026-09-30,表格,BKR,Baker Hughes Company,55.33,-1.06,2902897,0.35,32.06,空头,58.344,60.599,,
2026-09-30,表格,EPD,Enterprise Products Partners L.,35.93,-0.25,2891419,1.04,27.51,空头,37.713,38.229,,
2026-09-30,表格,TECK,Teck Resources Ltd,66.57,2.65,2884289,0.99,50.82,多头,66.422,65.544,,
2026-09-30,表格,ERIC,Ericsson,9.19,-1.39,2865483,0.37,33.2,空头,9.66,9.804,,
2026-09-30,表格,SAN,"Banco Santander, S.A. Sponsored",13.93,-1.83,2861699,0.39,40.28,空头,14.418,14.437,,
2026-09-30,表格,C,"Citigroup, Inc.",130.26,-0.41,2856830,0.3,40.93,空头,133.303,134.013,,
2026-09-30,表格,MDLZ,"Mondelez International, Inc.",58.42,-1.52,2844685,0.36,30.85,空头,60.996,62.034,,
2026-09-30,表格,MDLN,Medline Inc.,35.575,1.7,2819379,0.33,56.66,多头,34.299,35.437,,
2026-09-30,表格,PANW,"Palo Alto Networks, Inc.",403.21,3.81,2817372,0.41,62.53,多头,374.062,359.207,,
2026-09-30,表格,SHOP,Shopify Inc.,150.245,1.34,2787840,0.26,59.99,多头,141.116,139.383,,
2026-09-30,表格,EQT,EQT Corporation,49.01,0.27,2785502,0.37,31.76,空头,51.501,52.936,,
2026-09-30,表格,RF,Regions Financial Corporation,26.91,0.07,2785051,0.32,25.04,空头,28.432,29.934,,
2026-09-30,表格,DVN,Devon Energy Corporation,46.635,0.08,2781788,0.21,45.11,空头,47.707,46.618,,
2026-09-30,表格,COHR,Coherent Corp.,284.01,-2.81,2780480,0.44,46.42,空头,293.875,296.336,,
2026-09-30,表格,GLW,Corning Incorporated,153.61,-3.21,2779578,0.32,49.19,多头,154.281,152.494,,
2026-09-30,表格,CRDO,Credo Technology Group Holding ,188.534,-1.98,2737779,0.27,47.86,多头,189.852,208.658,,
2026-09-30,表格,HDB,HDFC Bank Limited,22.445,-0.86,2726337,0.26,44.3,空头,22.862,23.164,,
2026-09-30,表格,OXY,Occidental Petroleum Corporatio,55.5,1.02,2697376,0.3,38.82,空头,57.982,58.184,,
2026-09-30,表格,FNV,Franco-Nevada Corporation,237.21,-4.33,2691740,3.77,36.37,空头,255.921,246.707,,
2026-09-30,表格,DELL,Dell Technologies Inc.,543.83,0.79,2688115,0.24,54.44,空头,534.585,484.611,,
2026-09-30,表格,AKAM,"Akamai Technologies, Inc.",109.52,0.99,2638129,0.48,48.33,空头,110.412,112.448,,
2026-09-30,表格,ACN,Accenture plc,182.68,3.14,2635082,0.53,51.69,空头,181.778,177.431,,
2026-09-30,表格,MNST,Monster Beverage Corporation,41.895,0.37,2617783,0.26,32.89,空头,43.722,45.68,,
2026-09-30,表格,DIS,Walt Disney Company (The),105.68,0.26,2612320,0.31,51.44,空头,105.428,104.016,,
2026-09-30,表格,IR,Ingersoll Rand Inc.,75.925,-0.73,2593905,0.55,50.01,多头,75.384,79.543,,
2026-09-30,表格,APP,Applovin Corporation,299.3,-2.08,2581257,0.55,37.96,空头,316.7,336.128,,
2026-09-30,表格,BAX,Baxter International Inc.,23.905,1.81,2557114,0.38,46.32,多头,23.991,25.17,,
2026-09-30,表格,CVS,CVS Health Corporation,86.65,-0.52,2553161,0.34,34.82,空头,90.314,95.775,,
2026-09-30,表格,KGC,Kinross Gold Corporation,24.18,-0.58,2550377,0.33,33.9,空头,27.079,27.605,,
2026-09-30,表格,PYPL,"PayPal Holdings, Inc.",52.985,-1.68,2545493,0.2,44.0,多头,54.046,56.537,,
2026-09-30,表格,CRBG,Corebridge Financial Inc.,33.735,-0.1,2544548,0.57,50.2,空头,33.923,33.068,,
2026-09-30,表格,UMC,United Microelectronics Corpora,24.575,-0.59,2521281,0.22,61.51,空头,23.247,20.741,,
2026-09-30,表格,JD,"JD.com, Inc.",26.64,1.29,2481619,0.41,38.03,空头,27.247,29.171,,
2026-09-30,表格,ARM,Arm Holdings plc,286.475,-2.45,2470509,0.43,52.47,空头,282.431,265.055,,
2026-09-30,表格,TEM,"Tempus AI, Inc.",84.65,2.51,2458736,0.36,69.43,多头,74.67,61.421,,
2026-09-30,表格,EQNR,Equinor ASA,41.86,1.26,2458196,0.67,46.4,空头,42.732,41.763,,
2026-09-30,表格,WMB,"Williams Companies, Inc. (The)",67.75,-1.28,2445241,0.33,31.84,空头,70.939,71.926,,
2026-09-30,表格,VICI,VICI Properties Inc.,23.115,-0.37,2429289,0.22,28.68,空头,24.029,25.15,,
2026-09-30,表格,LVS,Las Vegas Sands Corp.,38.195,-0.33,2410393,0.42,22.63,空头,40.811,44.187,,
2026-09-30,表格,TJX,"TJX Companies, Inc. (The)",132.35,-1.08,2404964,0.26,47.58,多头,131.708,141.695,,
2026-09-30,表格,WY,Weyerhaeuser Company,19.405,-0.74,2402381,0.36,20.52,空头,21.284,23.137,,
2026-09-30,表格,FISV,"Fiserv, Inc.",45.36,0.0,2346448,0.31,31.61,空头,48.086,51.19,,
2026-09-30,表格,JBL,Jabil Inc.,296.34,-7.06,2343727,1.96,40.91,空头,309.381,317.745,,
2026-09-30,表格,LRCX,Lam Research Corporation,325.6,0.54,2335170,0.25,60.36,多头,305.669,304.738,,
2026-09-30,表格,CPRT,"Copart, Inc.",27.405,0.98,2334165,0.23,32.51,空头,29.398,30.491,,
2026-09-30,表格,ASX,"ASE Technology Holding Co., Ltd",44.655,-1.45,2326534,0.34,62.82,多头,41.764,38.74,,
2026-09-30,表格,SNY,Sanofi,41.265,1.29,2282489,0.92,36.69,空头,42.332,43.52,,
2026-09-30,表格,LITE,Lumentum Holdings Inc.,956.41,-1.75,2275914,0.5,55.18,多头,922.862,869.371,,
2026-09-30,表格,PR,Permian Resources Corporation,21.345,0.68,2251349,0.22,40.63,空头,22.184,22.051,,
2026-09-30,表格,RVTY,"Revvity, Inc.",155.84,2.01,2248756,1.03,76.98,多头,141.332,126.338,,
2026-09-30,表格,KR,Kroger Company (The),60.085,-1.16,2237511,0.27,55.2,多头,59.173,57.965,,
2026-09-30,表格,USB,U.S. Bancorp,57.75,-0.67,2228825,0.29,31.61,空头,60.192,62.389,,
2026-09-30,表格,SCHW,Charles Schwab Corporation (The,98.47,-0.64,2218778,0.26,31.89,空头,103.174,106.381,,
2026-09-30,表格,TSCO,Tractor Supply Company,31.265,-0.78,2207945,0.24,36.79,空头,32.728,33.35,,
2026-09-30,表格,CVNA,Carvana Co.,63.15,-0.74,2186912,0.3,41.0,空头,66.552,68.681,,
2026-09-30,表格,BTI,British American Tobacco  Indus,54.765,-0.15,2164195,0.41,39.92,空头,55.811,57.201,,
2026-09-30,表格,AMAT,"Applied Materials, Inc.",508.44,-0.7,2160268,0.34,61.59,多头,473.392,487.758,,
2026-09-30,表格,GMAB,Genmab A/S,35.695,0.35,2143037,0.98,68.12,多头,34.397,32.445,,
2026-09-30,表格,BX,Blackstone Inc.,112.69,-1.15,2054619,0.49,26.24,空头,123.865,132.716,,
2026-09-30,表格,COP,ConocoPhillips,126.265,0.66,2051234,0.3,43.44,空头,129.687,127.442,,
2026-09-30,表格,XYZ,"Block, Inc.",73.915,-0.18,2023239,0.51,38.42,空头,77.164,79.782,,
2026-09-30,表格,CEG,Constellation Energy Corporatio,252.15,-4.7,2014529,0.7,37.56,空头,266.665,271.961,,
2026-09-30,表格,KDP,Keurig Dr Pepper Inc.,30.945,-0.27,1998476,0.2,47.18,空头,31.264,31.024,,
2026-09-30,表格,SO,Southern Company (The),83.43,-0.02,1976836,0.32,30.37,多头,85.566,89.567,,
2026-09-30,表格,HD,"Home Depot, Inc. (The)",286.04,-0.69,1941141,0.41,27.81,空头,302.667,322.898,,
2026-09-30,表格,RCL,Royal Caribbean Cruises Ltd.,267.165,2.49,1934897,0.63,55.01,多头,255.679,281.166,,
2026-09-30,表格,NWG,NatWest Group plc,18.2,-0.33,1934663,0.61,45.63,空头,18.465,18.518,,
2026-09-30,表格,V,Visa Inc.,361.09,-1.31,1922254,0.32,40.95,空头,368.097,368.204,,
2026-09-30,表格,GFI,Gold Fields Limited,36.225,-1.51,1921658,0.5,35.48,空头,40.873,40.341,,
2026-09-30,表格,PG,Procter & Gamble Company (The),146.67,-1.11,1915795,0.24,50.88,多头,146.583,145.863,,
2026-09-30,表格,AS,"Amer Sports, Inc.",27.21,-0.11,1906690,0.25,39.86,多头,28.052,31.278,,
2026-09-30,表格,BN,Brookfield Corporation,36.355,-0.37,1903032,0.38,29.35,空头,37.908,40.642,,
2026-09-30,表格,MO,"Altria Group, Inc.",68.02,-1.02,1902494,0.24,47.52,空头,68.496,67.825,,
2026-09-30,表格,TFC,Truist Financial Corporation,46.45,0.02,1899664,0.25,31.22,空头,48.513,50.421,,
2026-09-30,表格,MKC,"McCormick & Company, Incorporat",47.13,-2.62,1899096,0.59,29.1,多头,49.815,51.965,,
2026-09-30,表格,VIAV,Viavi Solutions Inc.,41.31,-1.22,1895840,0.35,60.64,多头,38.086,38.13,,
2026-09-30,表格,CVE,Cenovus Energy Inc,31.565,1.95,1876603,0.28,49.38,空头,31.736,31.061,,
2026-09-30,表格,IAG,Iamgold Corporation,18.47,-0.91,1873508,0.35,42.0,空头,19.564,18.609,,
2026-09-30,表格,ABT,Abbott Laboratories,99.915,-1.03,1871642,0.22,32.43,空头,103.502,107.002,,
2026-09-30,表格,DAL,"Delta Air Lines, Inc.",83.17,-2.0,1866055,0.26,52.55,多头,82.184,84.024,,
2026-09-30,表格,NVS,Novartis AG,143.79,-1.32,1847510,0.69,45.0,空头,145.154,151.089,,
2026-09-30,表格,CTSH,Cognizant Technology Solutions ,57.73,1.57,1828836,0.3,45.07,空头,59.15,58.102,,
2026-09-30,表格,MCD,McDonald's Corporation,233.33,-0.28,1819736,0.31,23.38,空头,246.212,259.445,,
2026-09-30,表格,KLAC,KLA Corporation,194.83,-0.87,1815683,0.19,59.11,多头,185.099,187.661,,
2026-09-30,表格,UNH,UnitedHealth Group Incorporated,371.35,-0.96,1809493,0.35,37.39,空头,380.189,394.355,,
2026-09-30,表格,ON,ON Semiconductor Corporation,76.1,0.2,1797257,0.16,52.81,多头,74.071,76.98,,
2026-09-30,表格,STX,Seagate Technology Holdings PLC,923.475,1.1,1781962,0.48,59.1,多头,877.432,854.665,,
2026-09-30,表格,RDY,Dr. Reddy's Laboratories Ltd,12.701,-1.16,1771679,0.56,60.75,多头,12.293,12.104,,
2026-09-30,表格,CARR,Carrier Global Corporation,54.96,-0.76,1750524,0.25,37.97,多头,56.389,60.032,,
2026-09-30,表格,CNQ,Canadian Natural Resources Limi,47.81,1.36,1749377,0.25,44.87,空头,48.642,48.24,,
2026-09-30,表格,CCJ,Cameco Corporation,87.845,1.11,1748702,0.63,37.44,空头,92.27,94.819,,
2026-09-30,表格,AVTR,"Avantor, Inc.",15.31,0.46,1746733,0.19,58.16,空头,15.041,14.209,,
2026-09-30,表格,HMY,Harmony Gold Mining Company Lim,17.825,-0.86,1739609,0.43,40.66,空头,19.148,19.135,,
2026-09-30,表格,EW,Edwards Lifesciences Corporatio,86.93,-1.31,1735837,0.52,46.06,多头,87.682,88.45,,
2026-09-30,表格,HST,"Host Hotels & Resorts, Inc.",22.3,-0.62,1718696,0.21,47.84,多头,22.325,22.997,,
2026-09-30,表格,TCOM,Trip.com Group Limited,39.05,1.06,1714997,0.38,35.22,空头,40.602,43.334,,
2026-09-30,表格,FIS,Fidelity National Information S,33.11,-0.72,1713457,0.27,24.25,空头,36.361,39.872,,
2026-09-30,表格,CVX,Chevron Corporation,206.24,0.91,1711957,0.17,51.08,空头,206.536,201.389,,
2026-09-30,表格,ANET,"Arista Networks, Inc.",204.29,0.7,1701497,0.36,57.19,多头,199.806,192.224,,
2026-09-30,表格,CSGP,"CoStar Group, Inc.",27.14,0.71,1696599,0.27,33.44,空头,29.07,30.27,,
2026-09-30,表格,COO,"The Cooper Companies, Inc.",57.31,1.2,1695669,0.32,38.26,多头,58.977,67.51,,
2026-09-30,表格,VOD,Vodafone Group Plc,16.265,-0.4,1690686,0.52,43.36,空头,16.657,16.32,,
2026-09-30,表格,FAST,Fastenal Company,50.24,0.56,1689307,0.25,53.85,多头,49.925,49.688,,
2026-09-30,表格,MCHP,Microchip Technology Incorporat,78.37,-0.52,1682860,0.2,57.84,多头,75.418,75.723,,
2026-09-30,表格,APA,APA Corporation,42.595,0.96,1681647,0.28,48.26,空头,43.273,41.312,,
2026-09-30,表格,XEL,Xcel Energy Inc.,70.86,0.24,1680710,0.27,37.14,多头,72.468,75.722,,
2026-09-30,表格,NI,NiSource Inc,39.335,0.04,1677396,0.29,32.85,空头,40.281,41.936,,
2026-09-30,表格,BCS,Barclays PLC,24.31,-0.73,1671961,0.38,34.78,空头,25.352,26.622,,
2026-09-30,表格,SBUX,Starbucks Corporation,95.35,-0.08,1670121,0.24,34.44,多头,97.751,102.476,,
2026-09-30,表格,CNP,"CenterPoint Energy, Inc (Holdin",37.075,0.37,1666467,0.26,33.01,空头,38.055,39.842,,
2026-09-30,表格,TXG,"10x Genomics, Inc.",93.555,3.9,1661403,0.57,79.24,多头,77.396,63.125,,
2026-09-30,表格,OKTA,"Okta, Inc.",211.985,3.47,1658010,0.41,69.18,多头,188.244,161.784,,
2026-09-30,表格,UAL,"United Airlines Holdings, Inc.",110.64,-1.78,1655994,0.42,47.39,多头,111.506,116.016,,
2026-09-30,表格,NEM,Newmont Corporation,116.47,-0.53,1654495,0.24,42.07,空头,121.739,116.917,,
2026-09-30,表格,JPM,JP Morgan Chase & Co.,332.83,-0.64,1639670,0.2,33.06,空头,345.261,352.928,,
2026-09-30,表格,IBN,ICICI Bank Limited,27.595,1.27,1626521,0.36,35.15,空头,28.387,29.363,,
2026-09-30,表格,SONY,Sony Group Corporation,23.71,1.45,1612806,0.46,51.55,空头,23.616,23.474,,
2026-09-30,表格,EIX,Edison International,53.775,0.4,1612260,0.25,37.02,空头,56.386,65.413,,
2026-09-30,表格,BRK-B,Berkshire Hathaway Inc. New,500.75,-0.32,1610427,0.36,42.54,空头,505.945,506.978,,
2026-09-30,表格,RDDT,"Reddit, Inc.",148.17,1.93,1604372,0.33,44.94,空头,152.394,157.273,,
2026-09-30,表格,VRT,"Vertiv Holdings, LLC",242.715,-2.27,1596116,0.3,43.53,空头,251.711,262.884,,
2026-09-30,表格,EOG,"EOG Resources, Inc.",138.995,-0.48,1589296,0.48,40.66,空头,143.17,144.504,,
2026-09-30,表格,ABNB,"Airbnb, Inc.",160.86,2.48,1585759,0.32,43.83,多头,164.57,168.774,,
2026-09-30,表格,DHR,Danaher Corporation,222.62,-1.54,1582570,0.39,62.26,多头,216.417,207.731,,
2026-09-30,表格,UL,Unilever PLC,61.38,0.23,1581911,0.51,41.38,空头,62.488,63.014,,
2026-09-30,表格,SUNB,"Sunbelt Rentals Holdings, Inc.",74.49,0.96,1554394,0.21,52.55,多头,73.561,74.842,,
2026-09-30,表格,LEN,Lennar Corporation,81.61,-1.69,1552879,0.31,48.74,多头,81.685,83.766,,
2026-09-30,表格,ROIV,Roivant Sciences Ltd.,36.695,0.53,1542261,0.17,46.21,空头,37.543,36.565,,
2026-09-30,表格,IP,International Paper Company,33.65,0.99,1540110,0.29,36.14,空头,35.372,38.351,,
2026-09-30,表格,ELAN,Elanco Animal Health Incorporat,22.795,0.82,1529869,0.27,44.89,空头,22.989,23.889,,
2026-09-30,表格,ADBE,Adobe Inc.,238.41,2.25,1517484,0.27,40.96,空头,248.303,257.487,,
2026-09-30,表格,LULU,lululemon athletica inc.,96.75,-0.12,1516826,0.19,36.62,空头,102.967,112.619,,
2026-09-30,表格,SAIL,"SailPoint, Inc.",20.83,0.77,1502104,0.29,57.36,多头,20.085,18.657,,
2026-09-30,表格,IBM,International Business Machines,220.66,0.3,1492823,0.27,38.08,空头,230.386,230.749,,
2026-09-30,表格,ACGL,Arch Capital Group Ltd.,94.435,-0.72,1491220,0.34,36.93,空头,96.183,98.464,,
2026-09-30,表格,DASH,"DoorDash, Inc.",186.75,-0.19,1475089,0.35,39.11,多头,196.524,205.412,,
2026-09-30,表格,TEVA,Teva Pharmaceutical Industries ,40.2,0.98,1472930,0.28,61.6,多头,38.661,36.589,,
2026-09-30,表格,EGO,Eldorado Gold Corporation,38.545,-0.91,1469156,0.45,40.71,空头,41.556,39.979,,
2026-09-30,表格,MS,Morgan Stanley,190.46,-1.19,1466361,0.29,26.53,空头,202.388,210.432,,
2026-09-30,表格,PHYS,"""Sprott Physical Gold Trust""",31.315,-0.43,1455133,0.33,38.08,空头,32.438,32.678,,
2026-09-30,表格,SAP,SAP  SE,210.945,0.05,1443768,0.76,52.47,空头,210.631,204.051,,
2026-09-30,表格,HRL,Hormel Foods Corporation,19.965,0.58,1416643,0.3,29.35,空头,20.764,22.873,,
2026-09-30,表格,ILMN,"Illumina, Inc.",277.855,2.15,1416640,0.35,76.07,多头,244.243,215.954,,
2026-09-30,表格,PAAS,Pan American Silver Corp.,45.815,-0.7,1412388,0.4,40.61,空头,48.582,48.787,,
2026-09-30,表格,OTIS,Otis Worldwide Corporation,65.155,-0.72,1410958,0.3,33.78,空头,68.047,70.532,,
2026-09-30,表格,TWST,Twist Bioscience Corporation,195.54,5.06,1409523,0.67,75.73,多头,160.402,131.959,,
2026-09-30,表格,JNJ,Johnson & Johnson,267.04,-0.2,1407975,0.22,47.93,空头,268.77,265.433,,
2026-09-30,表格,TLN,Talen Energy Corporation,311.765,-0.98,1399945,1.84,51.93,多头,305.539,321.275,,
2026-09-30,表格,KKR,KKR & Co. Inc.,92.04,-1.22,1390563,0.36,32.01,空头,98.856,103.49,,
2026-09-30,表格,BJ,"BJ's Wholesale Club Holdings, I",91.43,-4.25,1388828,0.87,46.73,多头,92.885,93.683,,
2026-09-30,表格,ING,"ING Group, N.V.",35.645,-1.21,1375104,0.74,45.83,空头,36.209,35.426,,
2026-09-30,表格,INIO,INNIO N.V.,18.46,0.44,1368180,0.24,39.62,空头,19.927,22.872,,
2026-09-30,表格,LLY,Eli Lilly and Company,1179.6,-0.42,1355802,0.6,54.17,多头,1167.627,1177.787,,
2026-09-30,表格,SWKS,"Skyworks Solutions, Inc.",86.125,-2.18,1337602,0.18,56.81,空头,83.929,73.351,,
2026-09-30,表格,BCE,"BCE, Inc.",20.48,1.69,1336555,0.31,25.85,空头,21.802,22.348,,
2026-09-30,表格,SE,Sea Limited,97.985,-0.64,1322591,0.38,32.66,空头,104.281,110.556,,
2026-09-30,表格,FRO,Frontline Plc,49.68,1.53,1317639,0.34,68.06,空头,46.941,41.863,,
2026-09-30,表格,DUK,Duke Energy Corporation (Holdin,114.505,0.26,1317293,0.33,33.09,多头,116.862,121.092,,
2026-09-30,表格,KMB,Kimberly-Clark Corporation,98.73,-0.26,1309749,0.28,39.59,多头,100.146,104.953,,
2026-09-30,表格,D,"Dominion Energy, Inc.",60.915,0.45,1306330,0.26,30.19,空头,62.899,65.926,,
2026-09-30,表格,DECK,Deckers Outdoor Corporation,78.42,0.95,1303072,0.38,36.74,空头,80.886,88.596,,
2026-09-30,表格,CIEN,Ciena Corporation,342.77,-3.42,1299641,0.45,44.37,多头,354.706,374.467,,
2026-09-30,表格,BAM,Brookfield Asset Management Inc,44.545,-0.95,1299175,0.45,32.07,空头,46.455,49.038,,
2026-09-30,表格,LUV,Southwest Airlines Company,41.55,-1.26,1295442,0.21,52.07,多头,41.108,42.255,,
2026-09-30,表格,ALLY,Ally Financial Inc.,37.28,-1.4,1290531,0.36,22.32,空头,40.007,42.267,,
2026-09-30,表格,IOT,Samsara Inc.,38.45,1.26,1287436,0.16,47.6,空头,38.998,38.774,,
2026-09-30,表格,SW,Smurfit WestRock plc,44.62,0.54,1283004,0.29,45.44,空头,45.376,46.604,,
2026-09-30,表格,TGT,Target Corporation,156.845,0.27,1276460,0.39,49.51,多头,157.625,154.546,,
2026-09-30,表格,DB,Deutsche Bank AG,36.11,0.0,1273403,0.65,37.06,空头,37.7,38.074,,
2026-09-30,表格,RIO,Rio Tinto Plc,94.73,0.61,1265933,0.73,38.9,空头,97.157,98.013,,
2026-09-30,表格,FHN,First Horizon Corporation,23.085,-0.06,1252345,0.25,33.92,空头,23.785,24.671,,
2026-09-30,表格,CFG,"Citizens Financial Group, Inc.",63.98,0.14,1249454,0.32,30.96,空头,66.975,70.089,,
2026-09-30,表格,PLD,"Prologis, Inc.",130.88,-1.3,1243491,0.37,32.23,空头,134.722,138.5,,
2026-09-30,表格,DT,"Dynatrace, Inc.",58.41,1.53,1239273,0.18,67.82,多头,55.426,50.77,,
2026-09-30,表格,KNX,Knight-Swift Transportation Hol,64.74,0.86,1236603,0.32,40.05,空头,66.614,68.94,,
2026-09-30,表格,AMX,"America Movil, S.A.B. de C.V.",21.45,-1.52,1236543,0.45,23.27,空头,22.478,23.542,,
2026-09-30,表格,AGI,Alamos Gold Inc.,32.675,-1.1,1233874,0.33,40.12,空头,34.654,33.894,,
2026-09-30,表格,TWLO,Twilio Inc.,295.58,1.65,1225554,0.51,68.24,多头,263.182,232.698,,
2026-09-30,表格,CHYM,"Chime Financial, Inc.",26.86,1.28,1224634,0.15,36.44,空头,29.345,29.459,,
2026-09-30,表格,VIK,Viking Holdings Ltd,79.61,1.14,1207965,0.25,33.76,空头,83.687,92.674,,
2026-09-30,表格,HSBC,"HSBC Holdings, plc.",99.655,-1.06,1203596,0.87,39.99,空头,102.024,103.279,,
2026-09-30,表格,PEG,Public Service Enterprise Group,67.72,0.06,1203428,0.35,31.42,多头,69.675,73.145,,
2026-09-30,表格,CMS,CMS Energy Corporation,63.305,-0.23,1201296,0.34,27.95,多头,65.298,68.704,,
2026-09-30,表格,AZN,AstraZeneca PLC,162.86,-0.82,1191002,0.4,47.01,多头,164.272,163.835,,
2026-09-30,表格,AR,Antero Resources Corporation,33.985,1.24,1186279,0.28,37.08,空头,35.915,36.658,,
2026-09-30,表格,CI,The Cigna Group,273.95,-0.48,1184088,0.77,47.03,空头,275.627,278.637,,
2026-09-30,表格,EMR,Emerson Electric Company,156.625,-0.39,1183421,0.52,56.45,多头,153.907,153.787,,
2026-09-30,表格,ORLY,"O'Reilly Automotive, Inc.",85.52,-0.64,1182547,0.18,45.21,多头,86.236,88.436,,
2026-09-30,表格,IVZ,Invesco Ltd,30.325,-0.31,1173591,0.27,41.88,空头,31.042,31.315,,
2026-09-30,表格,GILD,"Gilead Sciences, Inc.",150.16,-0.74,1173274,0.2,56.98,多头,148.701,142.0,,
2026-09-30,表格,TECH,Bio-Techne Corp,72.532,0.21,1161938,0.38,60.44,多头,72.387,72.211,,
2026-09-30,表格,UPS,"United Parcel Service, Inc.",94.065,0.14,1160144,0.25,35.99,空头,97.608,102.21,,
2026-09-30,表格,IBKR,"Interactive Brokers Group, Inc.",86.17,-0.01,1147343,0.3,39.91,空头,89.73,90.835,,
2026-09-30,表格,GE,GE Aerospace,314.65,-1.02,1139186,0.27,38.1,多头,323.785,343.137,,
2026-09-30,表格,BNY,The Bank of New York Mellon Cor,146.09,-0.61,1138384,0.3,25.09,空头,153.416,158.04,,
2026-09-30,表格,KIM,Kimco Realty Corporation (HC),22.27,-0.67,1138279,0.2,28.65,空头,22.822,23.818,,
2026-09-30,表格,AXP,American Express Company,305.65,0.08,1134469,0.36,34.59,空头,314.748,329.179,,
2026-09-30,表格,APO,"Apollo Global Management, Inc. ",117.308,-1.42,1117484,0.41,31.15,空头,124.889,128.688,,
2026-09-30,表格,MAIR,Madison Air Solutions Corporati,25.12,0.92,1112475,0.44,45.07,多头,25.263,27.923,,
2026-09-30,表格,EXEL,"Exelixis, Inc.",60.4,2.98,1108839,0.51,63.98,多头,57.639,55.76,,
2026-09-30,表格,NRG,"NRG Energy, Inc.",95.36,-1.86,1099127,0.4,30.4,空头,104.743,115.949,,
2026-09-30,表格,FER,Ferrovial N.V.,54.07,-0.92,1092813,0.72,31.39,空头,56.325,60.384,,
2026-09-30,表格,NTAP,"NetApp, Inc.",212.54,1.61,1080487,0.41,68.44,多头,197.217,190.176,,
2026-09-30,表格,P,"Everpure, Inc.",130.925,0.67,1072427,0.14,73.61,多头,112.283,99.56,,
2026-09-30,表格,NET,"Cloudflare, Inc.",351.935,-0.09,1071320,0.34,62.57,多头,332.467,304.445,,
2026-09-30,表格,ES,Eversource Energy (D/B/A),64.74,1.31,1069294,0.44,36.19,空头,66.495,69.684,,
2026-09-30,表格,FE,FirstEnergy Corp.,43.655,0.03,1062577,0.26,32.96,空头,44.792,46.486,,
2026-09-30,表格,TMUS,"T-Mobile US, Inc.",163.92,0.58,1055637,0.2,36.9,空头,170.707,176.556,,
2026-09-30,表格,INTU,Intuit Inc.,274.34,2.35,1046230,0.29,32.08,空头,301.053,323.389,,
2026-09-30,表格,RTX,RTX Corporation,187.03,0.05,1042879,0.27,26.86,空头,194.698,206.998,,
2026-09-30,表格,ENB,Enbridge Inc,46.71,0.13,1042733,0.18,29.18,空头,48.243,50.507,,
2026-09-30,表格,AMKR,"Amkor Technology, Inc.",52.69,-2.68,1039187,0.27,52.06,多头,51.624,52.131,,
2026-09-30,表格,ZTS,Zoetis Inc.,70.33,0.04,1020592,0.23,38.04,空头,72.467,74.606,,
2026-09-30,表格,CL,Colgate-Palmolive Company,86.27,-0.22,1018189,0.19,40.3,空头,87.41,89.914,,
2026-09-30,表格,FOXA,Fox Corporation,63.315,1.34,1008749,0.2,44.4,空头,64.54,63.925,,
2026-09-30,表格,EL,"Estee Lauder Companies, Inc. (T",93.35,-1.08,1008631,0.34,44.49,空头,96.174,93.204,,
2026-09-30,表格,WPM,Wheaton Precious Metals Corp,134.945,-0.33,1008618,0.53,39.37,空头,144.769,138.837,,
2026-09-30,表格,CP,Canadian Pacific Kansas City Li,86.24,-0.31,1004975,0.44,36.66,空头,88.333,90.669,,
2026-09-30,表格,PM,Philip Morris International Inc,192.62,-0.66,1003552,0.23,54.74,多头,190.787,190.214,,
2026-09-30,表格,INVH,Invitation Homes Inc.,26.482,-0.33,1000270,0.19,25.93,多头,27.208,28.607,,
2026-09-30,表格,BBIO,"BridgeBio Pharma, Inc.",65.98,0.02,998892,0.36,31.45,空头,69.681,76.952,,
2026-09-30,表格,LOW,"Lowe's Companies, Inc.",186.19,-0.57,998254,0.31,30.43,空头,194.575,205.962,,
2026-09-30,表格,ALL,Allstate Corporation (The),223.56,-0.83,994657,0.45,25.47,空头,240.37,254.247,,
2026-09-30,表格,ITW,Illinois Tool Works Inc.,261.8,-1.97,986812,0.75,34.74,空头,270.909,279.394,,
2026-09-30,表格,TTWO,"Take-Two Interactive Software, ",209.25,3.19,982960,0.39,43.68,空头,211.526,227.391,,
2026-09-30,表格,AFRM,"Affirm Holdings, Inc.",70.005,1.02,975985,0.22,46.37,多头,71.164,73.398,,
2026-09-30,表格,AA,Alcoa Corporation,42.255,0.68,971163,0.26,31.91,空头,45.441,47.71,,
2026-09-30,表格,TTMI,"TTM Technologies, Inc.",120.6,-1.79,959757,0.53,47.2,多头,122.6,123.638,,
2026-09-30,表格,ALAB,"Astera Labs, Inc.",346.5,-3.17,957621,0.23,57.54,多头,325.521,307.493,,
2026-09-30,表格,AEP,American Electric Power Company,119.67,0.31,954978,0.24,41.09,空头,120.77,124.19,,
2026-09-30,表格,DHI,"D.R. Horton, Inc.",138.305,-0.79,953252,0.35,43.72,多头,140.848,144.34,,
2026-09-30,表格,AU,AngloGold Ashanti PLC,94.09,-0.57,949942,0.38,39.12,空头,100.553,98.918,,
2026-09-30,表格,LNT,Alliant Energy Corporation,64.245,-0.15,949437,0.38,34.76,多头,65.607,68.466,,
2026-09-30,表格,W,Wayfair Inc.,104.45,2.45,936647,0.39,56.0,空头,101.227,99.743,,
2026-09-30,表格,DDOG,"Datadog, Inc.",277.0,3.14,933758,0.25,70.4,多头,247.937,243.455,,
2026-09-30,表格,FICO,Fair Isaac Corporation,595.71,-3.59,929243,1.37,15.84,空头,895.447,1050.586,,
2026-09-30,表格,EBAY,eBay Inc.,107.34,2.02,928322,0.18,49.87,空头,107.478,107.329,,
2026-09-30,表格,INSM,Insmed Incorporated,116.25,0.54,920358,0.44,42.21,空头,120.633,119.745,,
2026-09-30,表格,RPRX,Royalty Pharma plc,58.595,0.64,919422,0.28,46.05,空头,58.999,59.401,,
2026-09-30,表格,CCI,Crown Castle Inc.,66.73,-0.51,909522,0.26,26.54,空头,71.01,73.469,,
2026-09-30,表格,SYY,Sysco Corporation,78.46,-0.04,907826,0.19,40.51,空头,79.644,81.987,,
2026-09-30,表格,ECHO,EchoStar Corporation,90.08,0.21,897765,0.28,46.63,空头,91.171,89.555,,
2026-09-30,表格,NWSA,News Corporation,28.895,1.31,896470,0.2,45.52,空头,29.312,29.206,,
2026-09-30,表格,EVRG,"Evergy, Inc.",79.255,0.67,895852,0.39,43.47,多头,79.779,81.727,,
2026-09-30,表格,SU,Suncor Energy  Inc.,68.78,1.88,893088,0.19,54.39,空头,68.06,66.449,,
2026-09-30,表格,OKE,"ONEOK, Inc.",86.18,-0.78,892600,0.24,29.96,空头,91.377,92.242,,
2026-09-30,表格,FORM,"FormFactor, Inc.",147.768,8.45,890505,0.77,72.86,多头,122.274,113.819,,
2026-09-30,表格,FTNT,"Fortinet, Inc.",180.1,2.35,888960,0.21,63.27,多头,170.864,162.611,,
2026-09-30,表格,SYK,Stryker Corporation,276.345,-0.87,885824,0.28,37.46,空头,284.686,312.829,,
2026-09-30,表格,VMRK,Vivmark Residential,61.17,-0.29,883441,0.14,35.51,空头,62.951,65.236,,
2026-09-30,表格,ZM,"Zoom Communications, Inc.",91.33,3.37,881188,0.3,45.12,多头,92.64,96.896,,
2026-09-30,表格,NDAQ,"Nasdaq, Inc.",92.9,1.14,880985,0.27,47.03,多头,93.6,94.694,,
2026-09-30,表格,MA,Mastercard Incorporated,555.44,-1.44,880962,0.34,39.73,空头,567.502,569.982,,
2026-09-30,表格,ZS,"Zscaler, Inc.",202.13,1.9,879770,0.22,58.24,空头,193.421,176.874,,
2026-09-30,表格,SYF,Synchrony Financial,70.84,-1.23,879476,0.3,34.93,空头,74.167,76.666,,
2026-09-30,表格,CLS,"Celestica, Inc.",355.96,-2.87,879444,0.37,56.28,空头,342.68,328.286,,
2026-09-30,表格,JCI,Johnson Controls International ,150.635,0.81,876723,0.26,61.25,多头,145.55,145.242,,
2026-09-30,表格,WEC,"WEC Energy Group, Inc.",101.71,-0.85,867069,0.31,37.12,多头,103.62,106.817,,
2026-09-30,表格,NXPI,NXP Semiconductors N.V.,234.44,-0.86,864184,0.24,52.32,多头,231.534,233.227,,
2026-09-30,表格,SGI,Somnigroup International Inc.,61.995,-0.43,862370,0.25,40.8,空头,64.254,65.867,,
2026-09-30,表格,SMTC,Semtech Corporation,176.78,-1.84,858194,0.26,58.55,多头,166.048,143.81,,
2026-09-30,表格,RELX,RELX PLC PLC,33.34,0.3,857660,0.4,43.45,空头,33.96,34.9,,
2026-09-30,表格,CART,Maplebear Inc.,43.47,-0.05,850080,0.2,35.19,空头,45.67,47.333,,
2026-09-30,表格,AMRZ,Amrize Ltd,37.665,-0.12,842394,0.19,32.6,空头,39.647,44.163,,
2026-09-30,表格,GFL,GFL Environmental Inc. Subordin,42.21,0.02,840336,0.27,51.45,空头,42.099,41.568,,
2026-09-30,表格,CTVA,"Corteva, Inc.",78.61,0.95,838366,0.17,40.27,空头,80.741,81.834,,
2026-09-30,表格,SNPS,"Synopsys, Inc.",421.79,1.61,837052,0.44,57.13,多头,407.928,402.758,,
2026-09-30,表格,EXE,Expand Energy Corporation,84.65,0.56,836471,0.25,29.46,空头,89.67,93.127,,
2026-09-30,表格,MMM,3M Company,167.065,-0.85,834952,0.28,45.75,多头,168.41,173.382,,
2026-09-30,表格,ABBV,AbbVie Inc.,263.72,0.16,834276,0.2,55.76,多头,262.058,257.635,,
2026-09-30,表格,BSP,Bending Spoons S.p.A.,33.33,1.74,830617,0.37,35.94,空头,36.707,39.15,,
2026-09-30,表格,TTE,TotalEnergies SE,86.205,-1.72,828803,0.53,38.35,空头,89.783,88.613,,
2026-09-30,表格,EXPE,"Expedia Group, Inc.",267.19,0.32,828199,0.34,38.17,空头,279.727,297.688,,
2026-09-30,表格,CHTR,"Charter Communications, Inc.",110.95,0.25,821346,0.26,29.06,空头,127.076,140.96,,
2026-09-30,表格,EQH,"Equitable Holdings, Inc.",52.11,-0.15,818802,0.25,49.77,空头,52.466,51.077,,
2026-09-30,表格,UBS,UBS Group AG Registered,48.23,-1.13,816948,0.38,34.25,空头,50.759,52.676,,
2026-09-30,表格,CG,The Carlyle Group Inc.,39.7,0.05,813841,0.24,31.49,多头,41.811,45.441,,
2026-09-30,表格,BBVA,Banco Bilbao Vizcaya Argentaria,28.07,-1.99,812870,0.64,44.66,空头,28.645,28.373,,
2026-09-30,表格,TXN,Texas Instruments Incorporated,281.1,-0.21,806376,0.13,62.2,多头,270.654,270.441,,
2026-09-30,表格,TEAM,Atlassian Corporation,180.48,2.57,805952,0.25,51.25,空头,183.017,159.395,,
2026-09-30,表格,NYT,New York Times Company (The),64.25,3.1,805590,0.24,43.03,空头,66.227,68.005,,
2026-09-30,表格,DKS,Dick's Sporting Goods Inc,135.87,0.87,799139,0.25,43.89,多头,136.455,163.243,,
2026-09-30,表格,DTE,DTE Energy Company,122.61,0.18,795895,0.43,26.45,空头,127.28,134.82,,
2026-09-30,表格,PCAR,PACCAR Inc.,110.655,-1.02,792140,0.23,22.83,空头,116.842,125.432,,
2026-09-30,表格,BRKR,Bruker Corporation,66.38,2.9,791519,0.35,64.56,多头,60.928,58.824,,
2026-09-30,表格,CBRE,CBRE Group Inc,129.17,-1.28,789729,0.39,31.72,空头,138.183,144.261,,
2026-09-30,表格,PSX,Phillips 66,257.88,2.23,784520,0.23,56.97,空头,255.293,238.058,,
2026-09-30,表格,RBRK,"Rubrik, Inc.",116.195,1.24,775448,0.24,65.5,多头,106.116,94.463,,
2026-09-30,表格,TMO,Thermo Fisher Scientific Inc,681.0,0.2,772176,0.35,74.24,多头,650.164,613.05,,
2026-09-30,表格,ADM,Archer-Daniels-Midland Company,80.155,0.95,771365,0.21,41.15,空头,82.571,81.969,,
2026-09-30,表格,FLUT,Flutter Entertainment plc,75.77,1.77,768424,0.26,27.49,空头,88.487,96.767,,
2026-09-30,表格,TSN,"Tyson Foods, Inc.",51.04,0.12,762618,0.19,34.21,空头,52.347,55.209,,
2026-09-30,表格,ARXS,"Arxis, Inc.",49.43,0.37,759955,0.77,42.81,空头,50.838,52.09,,
2026-09-30,表格,BWA,BorgWarner Inc.,60.31,-1.03,758460,0.32,40.2,空头,62.552,64.589,,
2026-09-30,表格,CDNS,"Cadence Design Systems, Inc.",327.98,1.18,755799,0.28,61.57,多头,309.831,317.858,,
2026-09-30,表格,ZBH,"Zimmer Biomet Holdings, Inc.",89.07,-2.49,754359,0.37,35.89,空头,93.686,96.127,,
2026-09-30,表格,LIN,Linde plc,478.79,1.14,744231,0.37,56.21,多头,471.256,480.958,,
2026-09-30,表格,UDR,"UDR, Inc.",33.875,-0.22,742676,0.18,29.72,多头,34.698,36.589,,
2026-09-30,表格,NTR,Nutrien Ltd.,71.33,0.21,740955,0.26,40.48,空头,74.09,72.091,,
2026-09-30,表格,CF,"CF Industries Holdings, Inc.",117.33,1.4,740033,0.27,39.0,空头,123.632,124.741,,
2026-09-30,表格,PAYX,"Paychex, Inc.",99.57,0.26,731194,0.21,21.33,空头,110.382,117.411,,
2026-09-30,表格,VLO,Valero Energy Corporation,394.585,1.77,724728,0.18,61.39,空头,382.424,351.088,,
2026-09-30,表格,ASML,ASML Holding N.V. - New York Re,1812.205,-1.21,724397,0.54,60.12,多头,1729.751,1719.989,,
2026-09-30,表格,WM,"Waste Management, Inc.",205.23,-0.9,721944,0.33,28.84,空头,211.619,220.488,,
2026-09-30,表格,PGR,Progressive Corporation (The),208.755,-0.84,715701,0.26,43.86,空头,211.937,214.196,,
2026-09-30,表格,OVV,Ovintiv Inc. (DE),59.16,0.56,708810,0.22,39.28,空头,61.536,62.596,,
2026-09-30,表格,AMT,American Tower Corporation (REI,164.7,-1.58,707931,0.27,34.07,空头,171.82,173.061,,
2026-09-30,表格,FLEX,Flex Ltd.,111.41,-2.13,702704,0.21,47.84,多头,112.173,114.638,,
2026-09-30,表格,BEN,"Franklin Templeton, Inc.",32.095,-1.76,702094,0.18,37.53,空头,33.145,33.645,,
2026-09-30,表格,RVMD,"Revolution Medicines, Inc.",207.885,1.67,698961,0.35,56.98,多头,201.881,201.625,,
2026-09-30,表格,SRE,DBA Sempra,78.31,0.17,698952,0.18,36.69,空头,80.433,83.996,,
2026-09-30,表格,GEHC,GE HealthCare Technologies Inc.,65.94,-0.78,694503,0.19,43.63,多头,66.632,68.631,,
2026-09-30,表格,ETR,Entergy Corporation,100.015,0.26,694476,0.22,37.05,多头,102.104,105.974,,
2026-09-30,表格,CNC,Centene Corporation,62.335,0.2,694195,0.15,41.92,空头,64.11,64.826,,
2026-09-30,表格,NOC,Northrop Grumman Corporation,485.95,-3.7,693326,0.85,27.53,空头,517.89,538.736,,
2026-09-30,表格,HSY,The Hershey Company,159.39,-1.25,693104,0.48,23.82,空头,169.251,176.276,,
2026-09-30,表格,AMH,American Homes 4 Rent,30.57,-0.36,685534,0.21,29.8,空头,31.381,32.674,,
2026-09-30,表格,A,"Agilent Technologies, Inc.",174.658,-0.21,684148,0.27,75.5,多头,162.131,151.353,,
2026-09-30,表格,CAT,"Caterpillar, Inc.",816.15,-1.27,683323,0.29,50.05,多头,813.031,825.797,,
2026-09-30,表格,GEV,GE Vernova Inc.,956.5,-0.62,682463,0.32,51.39,多头,947.479,965.963,,
2026-09-30,表格,BIDU,"Baidu, Inc.",87.36,0.75,674004,0.27,36.17,空头,90.799,97.85,,
2026-09-30,表格,AMGN,Amgen Inc.,422.89,-0.18,670855,0.21,60.31,多头,407.811,407.028,,
2026-09-30,表格,DOCU,"DocuSign, Inc.",67.54,0.84,669745,0.18,54.43,空头,67.008,62.294,,
2026-09-30,表格,COF,Capital One Financial Corporati,194.23,-1.14,665471,0.19,32.87,空头,203.307,211.084,,
2026-09-30,表格,XYL,Xylem Inc.,101.795,0.86,663305,0.24,31.41,空头,106.173,112.584,,
2026-09-30,表格,WELL,Welltower Inc.,231.293,-0.69,659569,0.25,44.97,多头,233.432,236.162,,
2026-09-30,表格,TPR,"Tapestry, Inc.",115.39,1.11,658791,0.21,40.27,空头,117.337,131.117,,
2026-09-30,表格,TOL,"Toll Brothers, Inc.",135.92,0.03,655723,0.59,43.93,多头,137.343,143.673,,
2026-09-30,表格,ICE,Intercontinental Exchange Inc.,153.54,0.89,655364,0.21,46.51,空头,155.139,154.626,,
2026-09-30,表格,TRU,TransUnion,61.93,-3.67,651291,0.25,22.38,空头,72.251,78.18,,
2026-09-30,表格,UNP,Union Pacific Corporation,275.265,0.41,642925,0.27,36.65,多头,280.676,290.771,,
2026-09-30,表格,NTRA,"Natera, Inc.",424.96,2.52,641837,0.42,85.39,多头,374.444,325.505,,
2026-09-30,表格,GLPI,"Gaming and Leisure Properties, ",38.37,0.26,639900,0.18,30.6,空头,39.795,41.663,,
2026-09-30,表格,TS,Tenaris S.A.,55.6,1.0,638813,0.58,49.24,空头,55.762,55.442,,
2026-09-30,表格,BBY,"Best Buy Co., Inc.",88.84,0.1,635249,0.17,49.64,空头,89.704,86.822,,
2026-09-30,表格,LNG,"Cheniere Energy, Inc.",268.26,0.36,635131,0.28,44.27,空头,273.038,271.867,,
2026-09-30,表格,NGG,"National Grid Transco, PLC Nati",76.16,1.63,630497,0.63,44.01,空头,76.629,78.943,,
2026-09-30,表格,CAH,"Cardinal Health, Inc.",225.53,0.72,627642,0.35,43.49,空头,228.081,232.493,,
2026-09-30,表格,COST,Costco Wholesale Corporation,918.86,-0.62,625837,0.26,50.13,多头,915.317,933.596,,
2026-09-30,表格,FNF,"Fidelity National Financial, In",39.905,-3.05,621856,0.22,23.24,空头,42.853,46.487,,
2026-09-30,表格,MTZ,"MasTec, Inc.",213.99,1.79,612180,0.4,39.1,空头,225.069,258.116,,
2026-09-30,表格,GFS,GlobalFoundries Inc.,48.16,0.63,611278,0.15,52.29,多头,47.074,48.356,,
2026-09-30,表格,LYB,LyondellBasell Industries NV,58.02,-0.28,603461,0.17,35.63,空头,61.097,62.19,,
2026-09-30,表格,PNW,Pinnacle West Capital Corporati,93.67,0.29,603143,0.56,41.09,多头,94.501,98.206,,
2026-09-30,表格,DG,Dollar General Corporation,119.835,-2.29,598782,0.24,42.69,空头,123.682,124.239,,
2026-09-30,表格,HONA,Honeywell Aerospace Inc.,154.74,-0.45,598118,0.14,46.14,空头,160.641,171.317,,
2026-09-30,表格,MPLX,MPLX LP,56.49,-0.98,595595,0.42,36.76,空头,58.274,58.541,,
2026-09-30,表格,ARMK,Aramark,53.92,-0.97,592470,0.26,33.36,空头,56.149,57.51,,
2026-09-30,表格,VEEV,Veeva Systems Inc.,286.13,2.71,591547,0.39,69.17,多头,269.167,246.925,,
2026-09-30,表格,FOX,Fox Corporation,56.565,1.32,589679,0.48,44.37,空头,57.68,57.046,,
2026-09-30,表格,COR,"Cencora, Inc.",304.075,-1.15,588568,0.46,38.91,空头,313.901,317.299,,
2026-09-30,表格,FTI,TechnipFMC plc,68.76,-0.13,586650,0.19,32.02,空头,72.537,74.328,,
2026-09-30,表格,FDXF,"FedEx Freight Holding Company, ",112.3,0.21,585542,0.34,30.32,空头,120.839,133.398,,
2026-09-30,表格,AMCR,Amcor plc,42.32,-0.33,585502,0.18,41.57,空头,43.104,44.616,,
2026-09-30,表格,HIG,"The Hartford Insurance Group, I",123.93,-1.53,585479,0.35,27.25,空头,130.692,136.61,,
2026-09-30,表格,ADI,"Analog Devices, Inc.",395.76,-0.62,583969,0.17,62.63,多头,380.467,373.702,,
2026-09-30,表格,PPG,"PPG Industries, Inc.",105.16,-0.81,580294,0.33,39.46,多头,107.423,111.375,,
2026-09-30,表格,WDAY,"Workday, Inc.",190.095,0.49,575597,0.22,50.91,空头,190.524,183.628,,
2026-09-30,表格,GS,"Goldman Sachs Group, Inc. (The)",905.97,-1.12,574384,0.27,31.34,空头,959.96,1008.43,,
2026-09-30,表格,GH,"Guardant Health, Inc.",180.01,1.28,570146,0.31,62.18,多头,172.939,164.333,,
2026-09-30,表格,FSLR,"First Solar, Inc.",177.045,0.06,569329,0.23,36.43,空头,192.634,208.914,,
2026-09-30,表格,WCN,"Waste Connections, Inc.",155.24,-0.21,567905,0.47,32.67,多头,158.28,163.613,,
2026-09-30,表格,APG,APi Group Corporation,38.665,-0.22,563996,0.15,48.91,空头,38.484,39.899,,
2026-09-30,表格,BWXT,"BWX Technologies, Inc.",139.095,0.79,561603,0.49,35.47,空头,146.022,158.047,,
2026-09-30,表格,DXCM,"DexCom, Inc.",86.43,-0.24,558908,0.14,47.94,多头,87.194,85.785,,
2026-09-30,表格,RMBS,"Rambus, Inc.",103.75,0.61,555897,0.21,62.18,多头,96.009,93.22,,
2026-09-30,表格,MT,Arcelor Mittal NY Registry Shar,67.23,-1.07,555397,0.47,33.24,空头,71.942,72.46,,
2026-09-30,表格,ADSK,"Autodesk, Inc.",208.745,2.74,555260,0.24,39.01,空头,218.965,233.115,,
2026-09-30,表格,AEM,Agnico Eagle Mines Limited,184.653,-0.63,553979,0.27,41.48,空头,194.224,186.121,,
2026-09-30,表格,MET,"MetLife, Inc.",94.795,-0.43,552040,0.18,42.96,空头,96.417,96.281,,
2026-09-30,表格,HWM,Howmet Aerospace Inc.,228.43,-1.09,546888,0.15,38.18,空头,235.871,260.359,,
2026-09-30,表格,ETN,"Eaton Corporation, PLC",432.46,-0.19,543609,0.26,55.07,多头,424.854,420.714,,
2026-09-30,表格,TER,"Teradyne, Inc.",399.2,-0.95,535448,0.21,57.79,多头,379.949,372.373,,
2026-09-30,表格,MPC,Marathon Petroleum Corporation,398.325,1.61,533187,0.17,58.73,空头,391.395,360.868,,
2026-09-30,表格,BUD,Anheuser-Busch Inbev SA Sponsor,74.13,-0.22,532078,0.23,31.48,空头,77.707,79.955,,
2026-09-30,表格,PHM,"PulteGroup, Inc.",117.33,-0.99,531086,0.33,41.33,多头,120.216,125.19,,
2026-09-30,表格,HTHT,H World Group Limited,42.78,-0.83,529206,0.38,44.63,多头,43.406,43.509,,
2026-09-30,表格,SPGI,S&P Global Inc.,396.16,0.95,525084,0.28,37.88,空头,408.677,418.208,,
2026-09-30,表格,ED,"Consolidated Edison, Inc.",103.62,0.28,525009,0.27,40.36,空头,104.864,107.095,,
2026-09-30,表格,TRP,TC Energy Corporation,58.135,-0.21,524561,0.16,31.23,空头,59.993,62.53,,
2026-09-30,表格,USFD,US Foods Holding Corp.,92.8,-0.96,523049,0.2,30.54,多头,96.132,101.428,,
2026-09-30,表格,HALO,"Halozyme Therapeutics, Inc.",111.045,-0.46,521166,0.22,56.52,多头,110.087,101.784,,
2026-09-30,表格,IRM,Iron Mountain Incorporated (Del,110.045,-1.3,520064,0.31,38.12,空头,114.082,118.78,,
2026-09-30,表格,LSCC,Lattice Semiconductor Corporati,125.77,0.26,519408,0.31,57.94,多头,119.59,121.211,,
2026-09-30,表格,CHD,"Church & Dwight Company, Inc.",94.78,-0.18,517930,0.29,40.24,多头,96.167,98.449,,
2026-09-30,表格,WRB,W.R. Berkley Corporation,68.18,-0.06,515993,0.14,44.59,空头,68.704,70.179,,
2026-09-30,表格,SCCO,Southern Copper Corporation,203.59,0.51,515113,0.49,54.71,多头,200.367,196.124,,
2026-09-30,表格,NTNX,"Nutanix, Inc.",70.85,1.08,513313,0.22,63.97,多头,68.454,65.217,,
2026-09-30,表格,TXRH,"Texas Roadhouse, Inc.",158.08,0.55,513241,0.44,18.54,空头,171.044,190.53,,
2026-09-30,表格,SWK,"Stanley Black & Decker, Inc.",89.76,1.09,507226,0.3,43.59,空头,91.207,94.735,,
2026-09-30,表格,ISRG,"Intuitive Surgical, Inc.",409.51,-0.65,507053,0.21,64.77,多头,392.462,377.687,,
2026-09-30,表格,ALB,Albemarle Corporation,106.683,-0.87,505768,0.19,34.86,空头,115.543,123.043,,
2026-09-30,表格,LYV,"Live Nation Entertainment, Inc.",171.615,0.31,503111,0.25,45.69,多头,172.262,177.652,,
2026-09-30,表格,DINO,HF Sinclair Corporation,107.95,2.24,499445,0.18,57.2,空头,106.349,98.308,,
2026-09-30,表格,ARES,Ares Management Corporation,116.56,-2.03,499398,0.22,30.94,空头,125.722,132.259,,
2026-09-30,表格,PNC,"PNC Financial Services Group, I",221.87,0.1,493450,0.29,27.53,空头,231.944,243.245,,
2026-09-30,表格,ALC,Alcon Inc.,64.81,-0.96,490906,0.28,35.22,多头,66.743,69.65,,
2026-09-30,表格,ASND,Ascendis Pharma A/S,229.79,0.75,481239,0.54,39.28,空头,240.533,249.724,,
2026-09-30,表格,BALL,Ball Corporation,56.48,-0.3,479826,0.24,27.32,空头,59.319,61.872,,
2026-09-30,表格,AHR,"American Healthcare REIT, Inc.",51.58,-0.96,479103,0.15,34.99,空头,52.957,54.67,,
2026-09-30,表格,DEO,Diageo plc,86.09,0.88,476811,0.5,43.42,空头,87.457,89.6,,
2026-09-30,表格,YUM,"Yum! Brands, Inc.",137.83,0.07,473214,0.21,39.69,空头,141.455,146.624,,
2026-09-30,表格,CGNX,Cognex Corporation,60.565,1.5,469840,0.31,49.82,空头,60.253,61.942,,
2026-09-30,表格,BIIB,Biogen Inc.,228.145,0.47,466751,0.47,62.21,多头,221.928,214.453,,
2026-09-30,表格,IQV,"IQVIA Holdings, Inc.",271.885,1.08,465547,0.29,61.12,多头,266.151,251.594,,
2026-09-30,表格,SPOT,Spotify Technology S.A.,496.24,0.52,464965,0.32,40.97,空头,516.492,516.252,,
2026-09-30,表格,VTR,"Ventas, Inc.",85.69,-1.4,459665,0.12,31.02,空头,88.163,91.266,,
2026-09-30,表格,EFX,"Equifax, Inc.",138.33,-1.78,458634,0.27,20.01,空头,159.407,174.241,,
2026-09-30,表格,TRMB,Trimble Inc.,57.655,0.55,458104,0.19,47.67,空头,58.096,57.963,,
2026-09-30,表格,NXT,Nextpower Inc.,79.07,-0.3,455784,0.22,39.42,空头,82.34,89.641,,
2026-09-30,表格,AEE,Ameren Corporation,100.23,-0.02,452316,0.25,31.95,多头,102.355,106.075,,
2026-09-30,表格,FANG,"Diamondback Energy, Inc.",185.359,0.77,445185,0.14,38.75,空头,192.688,198.092,,
2026-09-30,表格,HUBS,"HubSpot, Inc.",206.77,4.6,444665,0.25,41.58,空头,222.231,229.984,,
2026-09-30,表格,SF,Stifel Financial Corporation,70.395,1.0,444084,0.33,27.05,空头,74.647,79.578,,
2026-09-30,表格,HON,Honeywell International Inc.,211.04,0.43,443666,0.15,47.09,多头,210.969,222.318,,
2026-09-30,表格,FTAI,FTAI Aviation Ltd.,171.42,1.47,442722,0.32,38.16,空头,183.836,199.975,,
2026-09-30,表格,QSR,Restaurant Brands International,71.595,0.16,441632,0.13,37.44,空头,73.58,74.993,,
2026-09-30,表格,AXON,"Axon Enterprise, Inc.",427.355,1.85,440075,0.4,34.73,空头,468.958,532.843,,
2026-09-30,表格,DLTR,"Dollar Tree, Inc.",112.86,-0.39,435550,0.15,38.05,多头,117.302,124.301,,
2026-09-30,表格,BTSG,"BrightSpring Health Services, I",56.04,0.63,434427,0.17,41.12,空头,57.683,60.931,,
2026-09-30,表格,TT,Trane Technologies plc,457.17,0.35,428794,0.39,59.49,多头,444.445,454.434,,
2026-09-30,表格,MRSH,Marsh,170.555,0.08,428183,0.15,34.5,空头,175.628,184.044,,
2026-09-30,表格,CME,CME Group Inc.,263.968,0.28,428182,0.24,41.32,空头,270.101,269.202,,
2026-09-30,表格,HUM,Humana Inc.,388.145,0.33,427255,0.41,49.89,多头,388.419,385.978,,
2026-09-30,表格,SANM,Sanmina Corporation,212.27,-4.7,426535,0.74,52.83,多头,209.792,201.631,,
2026-09-30,表格,LMT,Lockheed Martin Corporation,511.49,-0.14,424361,0.35,33.76,空头,529.761,555.573,,
2026-09-30,表格,QRVO,"Qorvo, Inc.",115.12,-1.4,420277,0.29,58.03,空头,112.475,101.659,,
2026-09-30,表格,ADP,"Automatic Data Processing, Inc.",261.7,-0.04,419509,0.19,39.0,空头,267.956,269.463,,
2026-09-30,表格,GPN,Global Payments Inc.,82.265,-1.28,412653,0.17,36.86,空头,86.266,87.825,,
2026-09-30,表格,IFF,International Flavors & Fragran,84.55,-0.82,412545,0.24,50.45,空头,84.757,83.344,,
2026-09-30,表格,DOCN,"DigitalOcean Holdings, Inc.",136.76,1.3,411922,0.14,55.88,空头,131.804,124.684,,
2026-09-30,表格,ROKU,"Roku, Inc.",153.23,0.72,411557,0.19,47.68,空头,154.001,152.819,,
2026-09-30,表格,DLR,"Digital Realty Trust, Inc.",176.08,-0.27,406450,0.22,38.1,空头,182.036,187.24,,
2026-09-30,表格,AON,Aon plc,275.0,-0.33,405727,0.18,26.58,空头,296.754,332.209,,
2026-09-30,表格,ATI,ATI Inc.,188.065,-0.47,405650,0.25,43.63,多头,192.229,202.61,,
2026-09-30,表格,DE,Deere & Company,676.78,-0.55,404660,0.3,52.04,空头,678.94,646.388,,
2026-09-30,表格,VMC,Vulcan Materials Company (Holdi,245.885,1.29,401021,0.32,40.31,空头,250.59,266.348,,
2026-09-30,表格,STZ,"Constellation Brands, Inc.",113.28,0.45,400224,0.17,25.72,空头,119.752,127.623,,
2026-09-30,表格,NUE,Nucor Corporation,236.79,0.23,399546,0.32,36.57,空头,249.139,255.879,,
2026-09-30,表格,RMD,ResMed Inc.,222.68,-0.07,398758,0.32,47.79,空头,224.005,221.932,,
2026-09-30,表格,BMRN,BioMarin Pharmaceutical Inc.,60.26,0.65,396355,0.2,35.82,空头,62.898,64.023,,
2026-09-30,表格,HAS,"Hasbro, Inc.",88.705,0.5,394342,0.24,45.63,多头,89.364,91.675,,
2026-09-30,表格,BDX,"Becton, Dickinson and Company",180.45,-0.84,390725,0.22,48.7,空头,181.846,178.438,,
2026-09-30,表格,GDDY,GoDaddy Inc.,96.08,2.15,390211,0.14,48.3,空头,97.58,96.331,,
2026-09-30,表格,NBIX,"Neurocrine Biosciences, Inc.",140.3,1.41,389421,0.32,33.72,空头,146.509,156.883,,
2026-09-30,表格,SSNC,"SS&C Technologies Holdings, Inc",77.39,-0.26,384909,0.24,38.8,空头,79.495,79.566,,
2026-09-30,表格,EMBJ,Embraer S.A.,75.93,-1.22,383933,0.32,54.25,多头,75.418,73.273,,
2026-09-30,表格,SQM,Sociedad Quimica y Minera S.A.,64.99,-1.65,383182,0.37,35.61,空头,69.577,71.477,,
2026-09-30,表格,HLT,Hilton Worldwide Holdings Inc.,319.67,-1.17,381905,0.23,56.12,多头,313.833,317.769,,
2026-09-30,表格,FROG,JFrog Ltd.,95.29,5.44,381584,0.21,56.26,多头,91.548,89.061,,
2026-09-30,表格,ROST,"Ross Stores, Inc.",233.97,-0.18,377334,0.19,51.8,多头,232.748,237.63,,
2026-09-30,表格,CCEP,Coca-Cola Europacific Partners ,101.77,-0.51,377326,0.21,44.41,空头,102.949,105.954,,
2026-09-30,表格,DOV,Dover Corporation,188.29,-0.74,376130,0.27,41.1,多头,190.935,198.03,,
2026-09-30,表格,FDX,FedEx Corporation,285.72,-0.61,375597,0.22,33.64,多头,299.96,313.617,,
2026-09-30,表格,MAS,Masco Corporation,67.99,-0.56,372632,0.15,42.0,空头,69.286,72.419,,
2026-09-30,表格,UNM,Unum Group,88.46,0.25,372379,0.18,38.46,空头,92.22,91.099,,
2026-09-30,表格,BNS,Bank Nova Scotia Halifax Pfd 3,91.4,-1.16,370503,0.2,46.07,空头,92.648,90.783,,
2026-09-30,表格,AER,AerCap Holdings N.V.,144.16,-0.65,369927,0.32,48.05,多头,144.704,147.324,,
2026-09-30,表格,EXPD,Expeditors International of Was,187.47,-0.37,368310,0.38,49.92,空头,188.165,184.403,,
2026-09-30,表格,MGA,"Magna International, Inc.",64.31,-0.39,359783,0.32,46.75,空头,64.804,66.908,,
2026-09-30,表格,STLD,"Steel Dynamics, Inc.",223.415,0.68,354851,0.35,37.89,空头,234.258,243.334,,
2026-09-30,表格,RSG,"Republic Services, Inc.",211.23,-0.33,353866,0.22,35.59,空头,216.215,217.171,,
2026-09-30,表格,OMC,Omnicom Group Inc.,74.52,0.51,352877,0.1,35.95,空头,77.658,81.326,,
2026-09-30,表格,SHW,Sherwin-Williams Company (The),324.82,-1.7,352828,0.21,44.86,多头,328.496,338.484,,
2026-09-30,表格,TXT,Textron Inc.,77.155,-0.61,351620,0.18,35.21,空头,79.173,83.769,,
2026-09-30,表格,STT,State Street Corporation,177.115,-0.37,346553,0.17,33.47,空头,183.545,186.62,,
2026-09-30,表格,LHX,"L3Harris Technologies, Inc.",238.105,0.69,345447,0.21,27.06,空头,247.037,266.512,,
2026-09-30,表格,TROW,"T. Rowe Price Group, Inc.",104.43,-0.08,343200,0.24,41.55,多头,105.548,109.462,,
2026-09-30,表格,TEL,TE Connectivity plc,211.895,-0.33,342681,0.17,53.45,多头,210.051,208.142,,
2026-09-30,表格,AME,"AMETEK, Inc.",251.23,0.18,339350,0.24,63.18,多头,243.733,243.181,,
2026-09-30,表格,VLTO,Veralto Corp,95.5,-1.19,338360,0.2,47.33,多头,96.069,96.449,,
2026-09-30,表格,NTES,"NetEase, Inc.",121.32,-0.41,337487,0.53,53.17,多头,119.271,122.499,,
2026-09-30,表格,DRI,"Darden Restaurants, Inc.",196.5,0.71,336953,0.26,36.05,空头,207.174,211.674,,
2026-09-30,表格,SJM,The J.M. Smucker Company,120.53,-0.14,336816,0.25,43.81,空头,122.267,122.182,,
2026-09-30,表格,TKO,"TKO Group Holdings, Inc.",179.13,0.87,335951,0.29,38.25,空头,186.181,187.75,,
2026-09-30,表格,NVT,nVent Electric plc,161.195,-0.3,335692,0.16,53.88,多头,158.486,157.073,,
2026-09-30,表格,FIVE,"Five Below, Inc.",215.73,-2.84,335091,0.26,35.73,空头,232.119,233.841,,
2026-09-30,表格,WPC,W. P. Carey Inc. REIT,65.22,-1.15,331948,0.2,24.87,空头,67.483,70.525,,
2026-09-30,表格,ELV,"Elevance Health, Inc.",395.41,0.68,331069,0.27,44.46,空头,401.729,396.164,,
2026-09-30,表格,TSEM,Tower Semiconductor Ltd.,227.21,-3.08,330236,0.17,52.12,多头,222.578,224.906,,
2026-09-30,表格,PNFP,"Pinnacle Financial Partners, In",93.49,-0.03,330063,0.32,33.45,空头,96.598,100.967,,
2026-09-30,表格,VRSK,"Verisk Analytics, Inc.",166.905,0.58,329912,0.26,35.45,空头,174.942,184.784,,
2026-09-30,表格,FWONK,Liberty Media Corporation - Ser,93.255,0.19,329648,0.15,39.11,空头,95.588,98.692,,
2026-09-30,表格,CDW,CDW Corporation,129.27,-0.34,329329,0.21,34.04,空头,141.101,141.938,,
2026-09-30,表格,CMI,Cummins Inc.,519.24,-0.41,328866,0.29,31.75,空头,538.823,585.358,,
2026-09-30,表格,PRU,"Prudential Financial, Inc.",114.055,-0.87,325516,0.21,36.23,空头,117.895,119.663,,
2026-09-30,表格,ULS,UL Solutions Inc.,65.658,1.14,321331,0.36,33.72,多头,68.055,75.305,,
2026-09-30,表格,TRI,Thomson Reuters Corp,97.19,0.99,319993,0.2,46.19,空头,99.219,100.784,,
2026-09-30,表格,H,Hyatt Hotels Corporation,159.91,-1.3,317268,0.39,42.54,多头,161.836,171.038,,
2026-09-30,表格,ECL,Ecolab Inc.,276.75,-0.4,317043,0.27,49.88,多头,276.651,278.081,,
2026-09-30,表格,CTAS,Cintas Corporation,196.77,-0.49,316623,0.15,45.74,多头,198.838,201.857,,
2026-09-30,表格,TIGO,Millicom International Cellular,88.65,-3.37,316405,0.39,39.07,空头,93.033,94.253,,
2026-09-30,表格,ONTO,Onto Innovation Inc.,305.35,0.22,313978,0.38,60.93,多头,280.797,281.478,,
2026-09-30,表格,VRTX,Vertex Pharmaceuticals Incorpor,527.12,0.07,310886,0.31,53.79,多头,523.36,516.974,,
2026-09-30,表格,DGX,Quest Diagnostics Incorporated,236.315,1.87,309985,0.27,48.29,空头,238.002,237.319,,
2026-09-30,表格,FUTU,Futu Holdings Limited,111.28,-1.5,307292,0.35,47.0,空头,112.856,111.677,,
2026-09-30,表格,FERG,Ferguson Enterprises Inc.,223.785,-0.04,304003,0.21,48.72,多头,223.276,231.872,,
2026-09-30,表格,ALGN,"Align Technology, Inc.",146.29,1.58,301148,0.33,40.33,空头,150.597,161.217,,
2026-09-30,表格,SPG,"Simon Property Group, Inc.",202.45,-0.9,299596,0.24,33.19,多头,206.29,214.404,,
2026-09-30,表格,CNI,Canadian National Railway Compa,120.6,0.04,295881,0.2,45.21,多头,121.146,124.208,,
2026-09-30,表格,TD,Toronto Dominion Bank (The),117.96,-0.87,293472,0.18,41.6,空头,120.389,120.555,,
2026-09-30,表格,HII,"Huntington Ingalls Industries, ",266.93,2.81,293184,0.64,37.34,空头,274.922,293.958,,
2026-09-30,表格,RY,Royal Bank Of Canada,197.12,-1.34,293180,0.3,35.01,空头,203.095,207.193,,
2026-09-30,表格,BNTX,BioNTech SE,98.77,0.2,291315,0.34,49.1,空头,99.16,98.334,,
2026-09-30,表格,GMED,"Globus Medical, Inc.",75.21,-0.63,290222,0.18,42.97,多头,76.061,79.574,,
2026-09-30,表格,WSM,"Williams-Sonoma, Inc.",229.97,0.0,290152,0.25,51.13,多头,228.793,233.204,,
2026-09-30,表格,HCA,"HCA Healthcare, Inc.",431.13,-0.12,289670,0.19,55.95,多头,425.979,414.011,,
2026-09-30,表格,RACE,Ferrari N.V.,393.34,-2.17,289668,0.78,39.25,空头,408.013,406.929,,
2026-09-30,表格,FN,Fabrinet,418.31,-1.37,287536,0.38,49.54,多头,412.76,450.178,,
2026-09-30,表格,MELI,"MercadoLibre, Inc.",1729.99,0.3,282945,0.46,35.64,空头,1814.019,1864.614,,
2026-09-30,表格,AFL,AFLAC Incorporated,113.16,-0.44,282909,0.13,35.19,空头,115.379,119.075,,
2026-09-30,表格,GNRC,Generac Holdlings Inc.,206.97,-2.47,280640,0.19,54.92,多头,199.778,200.787,,
2026-09-30,表格,PFGC,Performance Food Group Company,91.56,-0.47,280593,0.19,34.67,多头,93.982,102.521,,
2026-09-30,表格,PAG,"Penske Automotive Group, Inc.",201.705,-0.04,279980,0.78,27.19,空头,210.87,215.27,,
2026-09-30,表格,VICR,Vicor Corporation,284.57,-2.1,279551,0.31,69.04,多头,241.863,216.144,,
2026-09-30,表格,GD,General Dynamics Corporation,333.25,0.27,277626,0.21,22.7,空头,349.806,371.38,,
2026-09-30,表格,CRS,Carpenter Technology Corporatio,385.573,-1.57,277115,0.39,25.05,空头,420.977,487.246,,
2026-09-30,表格,LOGI,Logitech International S.A. - R,101.05,0.38,276895,0.39,51.52,空头,100.552,100.478,,
2026-09-30,表格,MCO,Moody's Corporation,456.88,0.45,274825,0.38,37.75,空头,471.321,482.148,,
2026-09-30,表格,GWRE,"Guidewire Software, Inc.",144.84,1.63,274405,0.16,40.52,空头,153.509,164.216,,
2026-09-30,表格,ODFL,"Old Dominion Freight Line, Inc.",177.94,0.27,271078,0.14,38.33,多头,181.3,198.561,,
2026-09-30,表格,INCY,Incyte Corporation,123.355,0.13,268665,0.18,47.8,空头,124.45,123.666,,
2026-09-30,表格,AWK,"American Water Works Company, I",130.715,0.7,268648,0.14,36.4,空头,134.258,135.784,,
2026-09-30,表格,ITT,ITT Inc.,205.355,0.4,268195,0.3,50.77,空头,205.113,204.597,,
2026-09-30,表格,ENTG,"Entegris, Inc.",154.28,-0.32,262630,0.13,60.82,多头,145.057,140.481,,
2026-09-30,表格,RGLD,"Royal Gold, Inc.",239.92,0.41,259260,0.39,42.54,空头,248.723,238.856,,
2026-09-30,表格,JAZZ,Jazz Pharmaceuticals plc,233.29,0.4,258115,0.34,38.26,空头,240.402,247.982,,
2026-09-30,表格,MAR,Marriott International,358.765,-0.79,254677,0.15,61.38,多头,348.278,352.059,,
2026-09-30,表格,Q,"Qnity Electronics, Inc.",125.195,-0.33,253130,0.16,51.51,多头,123.474,127.874,,
2026-09-30,表格,MTB,M&T Bank Corporation,217.44,-0.03,252412,0.24,27.01,空头,227.245,238.92,,
2026-09-30,表格,LPLA,LPL Financial Holdings Inc.,305.58,-0.8,252071,0.31,31.58,空头,326.987,346.772,,
2026-09-30,表格,LDOS,"Leidos Holdings, Inc.",122.48,-0.5,248668,0.19,38.34,空头,127.222,129.727,,
2026-09-30,表格,REGN,"Regeneron Pharmaceuticals, Inc.",755.37,0.65,248458,0.34,39.35,空头,785.04,781.137,,
2026-09-30,表格,CHKP,Check Point Software Technologi,129.13,1.73,248191,0.21,44.27,空头,133.215,132.041,,
2026-09-30,表格,PSA,Public Storage,283.67,-0.67,247312,0.28,33.34,空头,293.55,308.275,,
2026-09-30,表格,MLM,"Martin Marietta Materials, Inc.",485.01,1.24,247122,0.27,39.57,空头,498.375,524.084,,
2026-09-30,表格,TRGP,"Targa Resources, Inc.",272.895,-0.22,246419,0.22,36.86,空头,283.005,281.318,,
2026-09-30,表格,SN,"SharkNinja, Inc.",181.5,-0.52,245029,0.11,59.61,多头,174.804,174.014,,
2026-09-30,表格,CPAY,"Corpay, Inc.",387.88,-1.23,245007,0.54,38.12,空头,399.744,400.462,,
2026-09-30,表格,MTSI,MACOM Technology Solutions Hold,280.6,-1.29,244368,0.18,52.68,多头,274.989,274.232,,
2026-09-30,表格,CB,Chubb Limited,329.36,-0.82,243730,0.15,34.11,空头,336.634,342.815,,
2026-09-30,表格,BURL,"Burlington Stores, Inc.",266.735,-1.23,243011,0.14,48.74,多头,262.141,304.594,,
2026-09-30,表格,FMX,Fomento Economico Mexicano S.A.,118.46,-0.96,240540,0.65,45.45,空头,119.74,121.365,,
2026-09-30,表格,KSPI,Joint Stock Company Kaspi.kz - ,94.4,-1.41,239487,0.4,41.86,空头,97.07,95.977,,
2026-09-30,表格,NTRS,Northern Trust Corporation,170.64,-1.33,234113,0.24,32.55,空头,177.884,182.19,,
2026-09-30,表格,CORT,Corcept Therapeutics Incorporat,114.58,-0.14,233072,0.13,51.59,多头,114.359,112.131,,
2026-09-30,表格,AJG,Arthur J. Gallagher & Co.,228.445,0.31,231330,0.16,35.53,空头,239.112,249.811,,
2026-09-30,表格,KEYS,Keysight Technologies Inc.,364.36,1.03,230473,0.23,66.5,多头,343.574,331.995,,
2026-09-30,表格,EXR,Extra Space Storage Inc,132.24,-0.94,230164,0.15,36.76,空头,135.904,141.494,,
2026-09-30,表格,ICLR,ICON plc,167.72,-1.54,230038,0.22,49.37,多头,168.836,167.543,,
2026-09-30,表格,ARW,"Arrow Electronics, Inc.",227.66,-1.12,226488,0.42,59.12,多头,221.271,214.684,,
2026-09-30,表格,ALNY,"Alnylam Pharmaceuticals, Inc.",252.545,-0.6,226175,0.15,53.11,多头,249.132,243.302,,
2026-09-30,表格,CHRW,"C.H. Robinson Worldwide, Inc.",150.3,0.39,225416,0.16,47.91,空头,150.417,153.011,,
2026-09-30,表格,ROK,"Rockwell Automation, Inc.",437.255,1.33,224429,0.33,56.24,多头,429.081,437.773,,
2026-09-30,表格,RRX,Regal Rexnord Corporation,155.845,-0.03,222154,0.19,44.04,多头,156.778,171.466,,
2026-09-30,表格,WAT,Waters Corporation,444.44,0.27,219866,0.32,69.35,多头,424.723,408.334,,
2026-09-30,表格,IT,"Gartner, Inc.",187.42,0.84,218494,0.2,53.31,多头,184.849,180.032,,
2026-09-30,表格,TRV,"The Travelers Companies, Inc.",359.355,-1.06,215332,0.15,39.78,空头,366.758,371.312,,
2026-09-30,表格,L,Loews Corporation,105.51,-0.4,214061,0.21,32.92,空头,107.306,111.164,,
2026-09-30,表格,MSCI,MSCI Inc.,540.145,0.07,213050,0.39,40.06,空头,552.06,560.738,,
2026-09-30,表格,TYL,"Tyler Technologies, Inc.",320.795,1.43,210964,0.28,39.6,空头,335.329,334.565,,
2026-09-30,表格,IMO,Imperial Oil Limited,124.0,1.76,208990,0.32,41.0,空头,127.009,129.265,,
2026-09-30,表格,MAA,Mid-America Apartment Communiti,118.295,-0.11,208863,0.18,27.11,多头,121.91,128.447,,
2026-09-30,表格,CRL,Charles River Laboratories Inte,297.97,0.68,208062,0.22,62.97,多头,285.734,273.545,,
2026-09-30,表格,SUI,"Sun Communities, Inc.",111.42,-0.42,205792,0.18,32.36,多头,114.825,119.2,,
2026-09-30,表格,EWBC,"East West Bancorp, Inc.",124.56,-0.76,203430,0.25,39.05,空头,127.212,129.775,,
2026-09-30,表格,APD,"Air Products and Chemicals, Inc",281.99,1.0,203028,0.17,39.26,空头,288.111,296.649,,
2026-09-30,表格,NSC,Norfolk Southern Corporation,313.45,0.14,202018,0.19,35.01,多头,319.548,332.055,,
2026-09-30,表格,WAB,Westinghouse Air Brake Technolo,290.63,-0.21,199208,0.25,55.47,多头,287.141,290.791,,
2026-09-30,表格,SBAC,SBA Communications Corporation,163.02,0.13,199149,0.21,26.15,空头,174.545,180.221,,
2026-09-30,表格,BG,Bunge Limited,108.08,-0.06,197027,0.1,36.84,空头,113.493,114.177,,
2026-09-30,表格,STRL,"Sterling Infrastructure, Inc.",497.46,-1.48,191646,0.35,46.29,空头,504.119,529.448,,
2026-09-30,表格,EHC,Encompass Health Corporation,122.06,-1.21,189350,0.22,51.63,空头,122.193,120.091,,
2026-09-30,表格,PWR,"Quanta Services, Inc.",646.51,-0.81,186100,0.23,53.05,多头,638.116,642.274,,
2026-09-30,表格,JKHY,"Jack Henry & Associates, Inc.",145.75,-0.32,185901,0.18,33.84,空头,153.421,157.22,,
2026-09-30,表格,J,Jacobs Solutions Inc.,137.3,0.6,185297,0.24,39.58,空头,141.345,142.8,,
2026-09-30,表格,AMP,"Ameriprise Financial, Inc.",495.45,-0.38,183896,0.28,30.94,空头,523.636,544.492,,
2026-09-30,表格,PFG,Principal Financial Group Inc,112.85,-0.98,183644,0.12,45.69,多头,114.4,113.057,,
2026-09-30,表格,MKSI,MKS Inc.,263.275,-1.03,183569,0.14,49.49,多头,260.455,278.517,,
2026-09-30,表格,PTC,PTC Inc.,139.32,1.28,182573,0.11,50.02,多头,138.895,140.963,,
2026-09-30,表格,ALLE,Allegion plc,154.915,-0.33,181944,0.17,50.65,多头,154.567,157.602,,
2026-09-30,表格,ROP,"Roper Technologies, Inc.",351.135,0.48,179676,0.21,27.58,空头,373.822,390.393,,
2026-09-30,表格,BR,"Broadridge Financial Solutions,",161.42,0.29,177878,0.17,39.85,空头,166.128,167.234,,
2026-09-30,表格,GRMN,Garmin Ltd.,289.16,-0.37,173918,0.21,56.13,多头,285.359,285.478,,
2026-09-30,表格,URI,"United Rentals, Inc.",1018.46,0.39,173718,0.37,46.18,空头,1027.508,1065.845,,
2026-09-30,表格,RGEN,Repligen Corporation,194.93,0.19,170876,0.16,71.17,多头,181.781,168.094,,
2026-09-30,表格,WWD,"Woodward, Inc.",328.88,-0.27,170850,0.23,43.45,多头,331.389,351.274,,
2026-09-30,表格,DDS,"Dillard's, Inc.",686.14,1.27,170322,0.89,66.44,多头,651.149,624.856,,
2026-09-30,表格,DVA,DaVita Inc.,177.82,1.5,169938,0.23,43.05,空头,181.62,191.749,,
2026-09-30,表格,WTW,Willis Towers Watson Public Lim,288.61,0.01,168396,0.32,26.53,空头,307.62,323.407,,
2026-09-30,表格,CASY,"Caseys General Stores, Inc.",610.405,1.75,167374,0.21,33.76,多头,640.151,755.323,,
2026-09-30,表格,CW,Curtiss-Wright Corporation,546.58,2.38,165595,0.38,34.81,空头,564.034,633.419,,
2026-09-30,表格,LAMR,Lamar Advertising Company,145.375,-0.4,162265,0.33,42.2,多头,146.42,150.909,,
2026-09-30,表格,MSI,"Motorola Solutions, Inc.",448.69,0.58,158913,0.17,40.54,空头,459.233,458.678,,
2026-09-30,表格,UHS,"Universal Health Services, Inc.",175.8,0.04,158886,0.2,51.66,空头,175.879,171.517,,
2026-09-30,表格,ATO,Atmos Energy Corporation,157.355,-0.16,157503,0.15,29.75,多头,160.858,167.141,,
2026-09-30,表格,RL,Ralph Lauren Corporation,355.92,0.0,154858,0.22,53.95,多头,349.044,362.733,,
2026-09-30,表格,JBHT,"J.B. Hunt Transport Services, I",228.655,-0.27,154751,0.13,31.7,空头,243.981,263.101,,
2026-09-30,表格,JLL,Jones Lang LaSalle Incorporated,305.88,-1.65,153383,0.44,24.02,空头,334.194,352.929,,
2026-09-30,表格,XPO,"XPO, Inc.",177.94,0.32,152659,0.13,42.16,空头,180.613,192.554,,
2026-09-30,表格,SNX,TD SYNNEX Corporation,257.84,-0.14,150771,0.14,46.94,空头,263.083,257.722,,
2026-09-30,表格,IDXX,"IDEXX Laboratories, Inc.",526.675,-1.27,150637,0.3,48.87,多头,525.223,544.851,,
2026-09-30,表格,LH,Labcorp Holdings Inc.,309.57,0.25,148407,0.18,42.39,空头,315.522,318.201,,
2026-09-30,表格,AZO,"AutoZone, Inc.",2827.025,-1.7,148269,0.36,41.8,空头,2891.966,2969.292,,
2026-09-30,表格,ONC,BeOne Medicines Ltd.,372.335,1.93,144948,0.37,61.41,多头,360.202,352.032,,
2026-09-30,表格,MCK,McKesson Corporation,862.785,-0.24,143421,0.17,44.61,空头,877.471,874.478,,
2026-09-30,表格,IEX,IDEX Corporation,229.725,-0.31,142637,0.24,54.72,多头,227.494,229.506,,
2026-09-30,表格,EGP,"EastGroup Properties, Inc.",198.405,-2.09,142227,0.26,41.19,空头,201.057,202.853,,
2026-09-30,表格,BAP,Credicorp Ltd.,383.5,-0.14,142194,0.45,51.46,多头,382.72,382.522,,
2026-09-30,表格,BMO,Bank Of Montreal,167.82,-1.06,137958,0.23,37.52,空头,172.654,175.885,,
2026-09-30,表格,CINF,Cincinnati Financial Corporatio,160.81,-0.2,136036,0.2,28.04,空头,165.89,171.101,,
2026-09-30,表格,ARGX,argenx SE,958.588,-1.24,135030,0.55,44.73,空头,977.458,955.133,,
2026-09-30,表格,VRSN,"VeriSign, Inc.",285.055,1.86,131014,0.18,45.02,空头,290.692,287.991,,
2026-09-30,表格,EQIX,"Equinix, Inc.",1009.995,-0.52,129846,0.25,43.02,空头,1029.036,1042.28,,
2026-09-30,表格,LII,"Lennox International, Inc.",357.68,-0.69,125051,0.25,33.04,空头,373.33,409.211,,
2026-09-30,表格,STE,STERIS plc (Ireland),211.075,0.2,120279,0.18,40.27,多头,213.803,223.619,,
2026-09-30,表格,MPWR,"Monolithic Power Systems, Inc.",1331.78,-1.79,119239,0.16,55.35,多头,1292.03,1304.122,,
2026-09-30,表格,CSL,Carlisle Companies Incorporated,325.11,-0.17,117977,0.21,44.15,多头,330.151,348.282,,
2026-09-30,表格,EG,"Everest Group, Ltd.",369.15,0.09,113043,0.27,45.57,空头,372.212,372.949,,
2026-09-30,表格,RGA,"Reinsurance Group of America, I",250.73,-0.87,112068,0.33,57.6,多头,248.081,244.464,,
2026-09-30,表格,NDSN,Nordson Corporation,329.59,0.02,111743,0.31,64.93,多头,320.086,313.226,,
2026-09-30,表格,ESS,"Essex Property Trust, Inc.",271.515,-0.88,110513,0.19,40.79,多头,274.775,281.824,,
2026-09-30,表格,ZBRA,Zebra Technologies Corporation,376.17,0.05,109030,0.19,64.83,多头,360.213,346.301,,
2026-09-30,表格,MANH,"Manhattan Associates, Inc.",201.4,0.64,107719,0.17,44.56,空头,206.768,200.575,,
2026-09-30,表格,EME,"EMCOR Group, Inc.",755.36,-0.88,103242,0.29,48.36,多头,757.435,771.307,,
2026-09-30,表格,PEN,"Penumbra, Inc.",319.11,0.08,102398,0.28,45.54,多头,319.694,321.611,,
2026-09-30,表格,WSO,"Watsco, Inc.",308.055,2.41,102077,0.21,44.45,空头,313.6,319.49,,
2026-09-30,表格,HUBB,Hubbell Inc,458.84,-0.05,102011,0.21,47.94,多头,459.624,472.21,,
2026-09-30,表格,THC,Tenet Healthcare Corporation,258.415,0.32,101752,0.13,48.96,空头,260.136,259.426,,
2026-09-30,表格,PH,Parker-Hannifin Corporation,965.42,-0.51,100821,0.17,49.16,多头,964.779,987.626,,
2026-09-30,表格,CLH,"Clean Harbors, Inc.",312.12,0.14,95646,0.25,45.42,空头,314.739,314.512,,
2026-09-30,表格,BLK,"BlackRock, Inc.",1066.45,-0.14,94511,0.18,44.37,多头,1080.946,1105.398,,
2026-09-30,表格,ULTA,"Ulta Beauty, Inc.",545.32,-0.47,94220,0.17,52.04,多头,544.219,532.14,,
2026-09-30,表格,FFIV,"F5, Inc.",449.38,2.58,94103,0.17,62.54,空头,429.486,409.313,,
2026-09-30,表格,MOG-A,Moog Inc.,383.24,-1.12,93299,0.34,53.21,多头,377.659,390.406,,
2026-09-30,表格,PKG,Packaging Corporation of Americ,232.07,-0.52,91706,0.15,43.2,空头,235.814,241.891,,
2026-09-30,表格,HEI-A,Heico Corporation,230.66,-0.08,90250,0.27,41.0,多头,233.295,248.127,,
2026-09-30,表格,WST,"West Pharmaceutical Services, I",374.065,-0.68,87521,0.14,63.96,多头,363.314,351.552,,
2026-09-30,表格,MEDP,"Medpace Holdings, Inc.",623.985,0.3,86834,0.37,60.08,多头,611.922,598.865,,
2026-09-30,表格,TDG,Transdigm Group Incorporated,1086.785,-1.18,86560,0.22,34.25,空头,1120.545,1183.677,,
2026-09-30,表格,TPL,Texas Pacific Land Corporation,331.135,0.74,86257,0.22,37.61,空头,351.057,368.614,,
2026-09-30,表格,FIX,"Comfort Systems USA, Inc.",1656.705,-0.5,84937,0.27,52.46,多头,1635.435,1660.825,,
2026-09-30,表格,NVMI,Nova Ltd.,386.9,0.46,84456,0.14,57.85,多头,368.436,380.894,,
2026-09-30,表格,MDGL,"Madrigal Pharmaceuticals, Inc.",508.79,-0.13,83263,0.37,40.65,空头,522.4,524.987,,
2026-09-30,表格,GWW,"W.W. Grainger, Inc.",1255.98,0.59,82530,0.31,42.2,空头,1273.2,1305.243,,
2026-09-30,表格,AEIS,"Advanced Energy Industries, Inc",279.97,-1.18,82386,0.16,50.73,多头,276.308,289.806,,
2026-09-30,表格,WCC,"WESCO International, Inc.",363.0,-0.56,81606,0.17,56.52,多头,354.637,349.435,,
2026-09-30,表格,SITM,SiTime Corporation,645.67,-0.88,77586,0.17,55.25,多头,621.334,605.798,,
2026-09-30,表格,HEI,Heico Corporation,305.7,-0.46,76618,0.16,38.47,多头,312.596,337.102,,
2026-09-30,表格,AIT,Applied Industrial Technologies,334.715,-0.43,73135,0.25,54.98,多头,329.823,337.561,,
2026-09-30,表格,CACI,"CACI International, Inc.",613.237,0.84,70299,0.27,48.23,空头,619.726,603.307,,
2026-09-30,表格,RNR,RenaissanceRe Holdings Ltd.,323.17,-0.42,66402,0.22,45.17,多头,326.37,325.072,,
2026-09-30,表格,IESC,"IES Holdings, Inc.",320.955,-1.07,62583,0.24,47.7,多头,323.976,334.416,,
2026-09-30,表格,SNA,Snap-On Incorporated,365.25,-0.5,60773,0.21,27.87,空头,374.483,390.513,,
2026-09-30,表格,RBC,RBC Bearings Incorporated,499.16,-0.55,56942,0.18,46.07,多头,500.805,524.705,,
2026-09-30,表格,MSGS,Madison Square Garden Sports Co,415.375,0.37,52104,0.18,65.85,多头,401.28,397.717,,
2026-09-30,表格,LFUS,"Littelfuse, Inc.",425.7,-0.71,51473,0.27,53.91,多头,419.289,424.259,,
2026-09-30,表格,TDY,Teledyne Technologies Incorpora,609.225,0.6,49866,0.18,45.09,空头,612.346,635.302,,
2026-09-30,表格,ESLT,Elbit Systems Ltd.,685.05,-2.6,40548,0.54,30.02,空头,726.908,758.99,,
2026-09-30,表格,MTD,"Mettler-Toledo International, I",1523.91,-0.87,38069,0.18,68.07,多头,1443.956,1401.742,,
2026-09-30,表格,MKL,Markel Group Inc.,1735.37,-0.27,16128,0.23,32.59,空头,1770.181,1830.376,,
2026-09-30,表格,FCNCA,"First Citizens BancShares, Inc.",2072.105,-0.07,13441,0.2,41.37,空头,2113.306,2166.912,,
2026-09-30,表格,NVR,"NVR, Inc.",6165.61,-1.11,9121,0.22,44.82,多头,6248.008,6291.746,,
2026-09-30,表格,BRK-A,Berkshire Hathaway Inc.,751933.0,-0.19,113,0.48,43.91,空头,759158.895,760355.54,,
2026-09-25,信号,AME,"AMETEK, Inc.",250.74,1.21,1400100,0.96,63.36,多头,241.114,242.286,🎯 EMA20多头 + SAR多头 + T3形态突破,现价250.74高于50日均线242.29，EMA20与SAR均呈多头，T3形态突破；RSI 63.36偏强但未超买，信号技术面较可靠。
2026-09-25,信号,BE,Bloom Energy Corporation,288.7,8.27,17334300,1.06,62.8,多头,259.731,229.675,🎯 EMA20多头 + SAR多头 + T3形态突破,现价288.7高于50日均线229.675约25.7%，RSI 62.8未超买，EMA20与SAR多头信号一致，技术面信号可靠性较高。
2026-09-25,信号,CAT,"Caterpillar, Inc.",821.58,2.03,1978200,0.82,52.25,多头,810.318,829.201,🎯 EMA20多头 + SAR多头 + T3形态突破,CAT现价821.58略低于50日均线829.20，RSI 52.25处中性区间，未超买。EMA20与SAR多头叠加T3突破，信号偏多但受均线压制，可靠性中等。
2026-09-25,信号,CTAS,Cintas Corporation,199.91,1.13,2487300,1.24,51.22,多头,199.048,202.057,🎯 EMA20多头 + SAR多头 + T3形态突破,CTAS现价199.91略低于50日均线202.06，RSI 51.22处中性区间，无超买。EMA20与SAR多头叠加T3突破，信号偏多但受均线压制，可靠性中等。
2026-09-25,信号,DAL,"Delta Air Lines, Inc.",84.94,2.63,7067200,1.04,58.58,多头,81.551,84.049,🎯 EMA20多头 + SAR多头 + T3形态突破,DAL现价84.94高于50日均线84.05，EMA20与SAR均呈多头，T3形态突破；RSI 58.58处中性偏强区间，未超买，信号技术面可靠性尚可。
2026-09-25,信号,EMBJ,Embraer S.A.,78.63,2.92,1465100,1.23,66.97,多头,75.067,72.588,🎯 EMA20多头 + SAR多头 + T3形态突破,现价78.63高于50日均线72.59，EMA20与SAR均呈多头，T3形态突破；RSI 66.97接近超买区，信号偏强但需留意短线过热。
2026-09-25,信号,GE,GE Aerospace,327.09,2.29,4287300,1.01,47.33,多头,326.229,344.738,🎯 EMA20多头 + SAR多头 + T3形态突破,GE现价327.09低于50日均线344.74，均线仍构成上方压力；RSI 47.33处中性区间，未超买。EMA20与SAR多头及T3突破信号偏多，但需站上50日线确认。
2026-09-25,信号,HMC,"Honda Motor Company, Ltd.",32.93,2.3,871400,1.05,59.67,多头,32.168,31.28,🎯 EMA20多头 + SAR多头 + T3形态突破,HMC现价32.93美元，高于50日均线31.28，RSI 59.67未超买，EMA20与SAR多头信号一致，技术面可靠性较高。
2026-09-25,信号,LRCX,Lam Research Corporation,315.21,2.62,8138100,0.88,56.31,多头,300.063,304.28,🎯 EMA20多头 + SAR多头 + T3形态突破,现价315.21高于50日均线304.28，EMA20与SAR均呈多头，T3形态突破；RSI 56.31处中性偏强区间，未超买，信号技术面可靠性尚可。
2026-09-25,信号,LSCC,Lattice Semiconductor Corporati,128.05,4.77,1455000,0.9,61.51,多头,117.646,121.439,🎯 EMA20多头 + SAR多头 + T3形态突破,现价128.05高于50日均线121.44，EMA20与SAR均呈多头，T3形态突破；RSI 61.51处中性偏强区间，未达超买，信号技术面一致性较好。
2026-09-25,信号,NXPI,NXP Semiconductors N.V.,238.08,3.44,2929000,0.81,55.67,多头,230.083,235.147,🎯 EMA20多头 + SAR多头 + T3形态突破,现价238.08高于50日均线235.15，EMA20与SAR均呈多头，T3形态突破；RSI 55.67处中性偏强区间，未超买，信号技术面可靠性尚可。
2026-09-25,信号,RYAAY,Ryanair Holdings plc,55.3,2.33,1232400,0.82,51.81,多头,54.507,56.266,🎯 EMA20多头 + SAR多头 + T3形态突破,现价55.3低于50日均线56.27，RSI 51.81处中性区间，无超买；EMA20与SAR多头及T3突破信号偏多，但均线位置构成一定压制。
2026-09-25,信号,SHW,Sherwin-Williams Company (The),329.1,2.72,1843800,1.09,48.79,多头,328.291,338.145,🎯 EMA20多头 + SAR多头 + T3形态突破,现价329.1低于50日均线338.15，RSI 48.79处中性区间，未超买；EMA20与SAR多头信号与均线位置背离，可靠性偏弱。
2026-09-25,信号,SMCI,"Super Micro Computer, Inc.",43.26,4.22,49236100,1.31,63.82,多头,39.231,35.032,🎯 EMA20多头 + SAR多头 + T3形态突破,现价43.26高于50日均线35.03，EMA20与SAR均呈多头，T3形态突破；RSI 63.82接近超买区但未破70，信号偏可靠。
2026-09-25,信号,VIAV,Viavi Solutions Inc.,40.68,9.27,8407300,1.74,59.95,多头,36.945,38.063,🎯 EMA20多头 + SAR多头 + T3形态突破,现价40.68高于50日均线38.06，EMA20与SAR均呈多头，RSI 59.95未超买，信号技术面可靠性较高。
2026-09-25,信号,WMS,"Advanced Drainage Systems, Inc.",133.13,3.33,784200,0.99,50.54,多头,131.391,138.133,🎯 EMA20多头 + SAR多头 + T3形态突破,现价133.13低于50日均线138.13，RSI 50.54处中性区间，未超买；EMA20与SAR多头信号与均线位置背离，可靠性受限。
2026-09-25,表格,INTC,Intel Corporation,123.0,-3.45,97481700,0.92,66.9,多头,108.911,99.052,,
2026-09-25,表格,NVDA,NVIDIA Corporation,225.07,0.22,89808400,0.71,55.3,空头,221.423,215.795,,
2026-09-25,表格,GRAB,Grab Holdings Limited,3.13,0.64,63132800,0.9,45.88,多头,3.155,3.393,,
2026-09-25,表格,SPCX,Space Exploration Technologies ,148.68,0.44,54421300,0.61,54.82,空头,147.618,135.923,,
2026-09-25,表格,NU,Nu Holdings Ltd.,13.59,0.22,52828400,0.76,40.02,空头,14.195,14.387,,
2026-09-25,表格,TSLA,"Tesla, Inc.",372.11,-1.54,45925500,1.18,55.31,多头,365.597,348.249,,
2026-09-25,表格,NOK,Nokia Corporation Sponsored,10.39,-0.38,45306200,0.52,49.68,多头,10.424,10.056,,
2026-09-25,表格,CMCSA,Comcast Corporation,21.91,-0.99,41801800,1.4,27.48,空头,23.963,24.86,,
2026-09-25,表格,IREN,IREN LIMITED,44.125,-4.39,41058500,1.02,51.13,多头,44.129,41.207,,
2026-09-25,表格,NKE,"Nike, Inc.",35.75,-0.67,38219700,1.18,35.57,空头,37.01,39.405,,
2026-09-25,表格,MSFT,Microsoft Corporation,516.17,3.66,38154200,1.79,63.31,多头,497.234,475.404,,
2026-09-25,表格,F,Ford Motor Company,12.71,0.87,35038000,0.71,35.71,空头,13.442,13.934,,
2026-09-25,表格,AGNC,AGNC Investment Corp.,9.62,0.0,34998000,1.01,26.95,空头,10.131,10.499,,
2026-09-25,表格,AMZN,"Amazon.com, Inc.",249.67,0.12,34216300,0.97,44.53,空头,253.814,256.175,,
2026-09-25,表格,HBAN,Huntington Bancshares Incorpora,15.64,2.16,33485800,1.15,37.5,空头,16.161,16.877,,
2026-09-25,表格,PCG,Pacific Gas & Electric Co.,12.34,0.16,33439000,0.55,28.21,空头,13.811,16.013,,
2026-09-25,表格,CDE,"Coeur Mining, Inc.",19.22,1.48,32211100,0.93,46.76,多头,19.826,18.644,,
2026-09-25,表格,AUR,"Aurora Innovation, Inc.",6.04,-0.33,31912000,0.97,43.6,空头,6.279,6.33,,
2026-09-25,表格,AKAM,"Akamai Technologies, Inc.",113.94,3.2,31872400,8.99,53.4,多头,110.905,113.273,,
2026-09-25,表格,BMNR,"BitMine Immersion Technologies,",27.56,-1.68,31524300,0.71,61.12,多头,25.365,21.541,,
2026-09-25,表格,SOFI,"SoFi Technologies, Inc.",16.58,-1.31,31359700,0.7,41.69,空头,17.251,17.584,,
2026-09-25,表格,RKT,"Rocket Companies, Inc.",12.17,2.01,31249700,0.95,38.72,空头,12.938,13.568,,
2026-09-25,表格,AAPL,Apple Inc.,341.07,1.53,29950100,0.7,65.7,多头,330.343,321.743,,
2026-09-25,表格,GEN,Gen Digital Inc.,21.62,-6.29,29874300,3.63,20.72,空头,28.033,28.388,,
2026-09-25,表格,BAC,Bank of America Corporation,56.7,1.2,28586200,0.74,31.34,空头,59.12,61.317,,
2026-09-25,表格,PFE,"Pfizer, Inc.",28.67,0.92,27755200,0.82,66.43,多头,27.904,26.939,,
2026-09-25,表格,IONQ,"IonQ, Inc.",45.48,1.11,27472800,1.18,63.28,多头,40.73,39.665,,
2026-09-25,表格,META,"Meta Platforms, Inc.",751.66,-3.33,25753100,1.15,71.38,多头,677.362,615.32,,
2026-09-25,表格,VALE,VALE S.A.,13.61,0.37,25596200,0.85,35.09,空头,14.395,14.471,,
2026-09-25,表格,WBD,"Warner Bros. Discovery, Inc. - ",30.86,0.06,23737400,0.59,75.44,多头,29.153,27.739,,
2026-09-25,表格,ORCL,Oracle Corporation,137.1,-1.75,23549400,0.7,40.61,空头,146.343,142.245,,
2026-09-25,表格,CRWV,"CoreWeave, Inc.",87.59,-2.82,23510500,0.81,50.79,空头,86.693,85.763,,
2026-09-25,表格,NFLX,"Netflix, Inc.",71.15,-0.79,23175700,0.71,37.08,空头,75.227,75.537,,
2026-09-25,表格,T,AT&T Inc.,25.38,-0.28,22915400,0.6,50.33,空头,25.487,24.759,,
2026-09-25,表格,HLN,Haleon plc,9.26,0.43,22366200,1.18,41.81,空头,9.414,9.721,,
2026-09-25,表格,HL,Hecla Mining Company,18.19,1.39,22168300,0.62,45.25,空头,18.939,18.041,,
2026-09-25,表格,CCL,Carnival Corporation Ltd.,22.25,2.11,22083100,0.98,36.64,空头,22.995,25.375,,
2026-09-25,表格,GOOGL,Alphabet Inc.,343.92,0.46,21854700,0.81,49.77,空头,343.983,344.135,,
2026-09-25,表格,MU,"Micron Technology, Inc.",1082.28,0.16,20870400,0.82,63.2,多头,1005.717,941.615,,
2026-09-25,表格,STLA,Stellantis N.V.,4.6,2.91,20562300,0.92,34.68,空头,5.009,5.372,,
2026-09-25,表格,DKNG,DraftKings Inc.,22.02,3.53,20465800,1.68,40.01,空头,23.089,23.967,,
2026-09-25,表格,PYPL,"PayPal Holdings, Inc.",55.04,4.64,20379200,1.46,52.17,多头,54.176,56.69,,
2026-09-25,表格,CSCO,"Cisco Systems, Inc.",106.7,-0.25,19950000,1.12,41.67,空头,109.271,112.447,,
2026-09-25,表格,WMT,Walmart Inc.,107.98,0.36,19614100,0.84,49.47,多头,107.91,109.25,,
2026-09-25,表格,RKLB,Rocket Lab Corporation,73.95,0.46,18802600,0.95,59.4,多头,68.498,69.486,,
2026-09-25,表格,LYG,Lloyds Banking Group Plc,5.77,2.12,18540800,1.36,43.87,空头,5.867,5.983,,
2026-09-25,表格,MSTR,Strategy Inc,158.61,-1.86,18462100,0.71,63.48,多头,142.512,117.664,,
2026-09-25,表格,QCOM,QUALCOMM Incorporated,201.97,3.97,17805500,1.23,67.96,多头,183.74,169.64,,
2026-09-25,表格,PLTR,Palantir Technologies Inc.,189.67,-1.52,17779900,0.65,63.69,多头,179.022,163.927,,
2026-09-25,表格,AMD,"Advanced Micro Devices, Inc.",630.63,0.22,17594900,0.82,73.0,多头,550.193,504.713,,
2026-09-25,表格,INFY,Infosys Limited,10.5,0.0,17570900,1.13,33.79,空头,11.136,11.667,,
2026-09-25,表格,PSKY,Paramount Skydance Corporation,9.96,-2.16,16846700,0.79,44.76,空头,10.318,9.738,,
2026-09-25,表格,RIVN,"Rivian Automotive, Inc.",15.47,1.18,16669900,0.77,47.36,空头,15.572,15.974,,
2026-09-25,表格,QXO,"QXO, Inc.",12.43,1.39,16528000,0.96,46.02,多头,12.561,13.554,,
2026-09-25,表格,BBD,Banco Bradesco Sa,3.41,0.89,16507700,0.58,48.92,空头,3.439,3.407,,
2026-09-25,表格,NEE,"NextEra Energy, Inc.",76.08,0.61,16460500,1.42,23.11,空头,80.481,83.95,,
2026-09-25,表格,AVGO,Broadcom Inc.,352.81,0.7,16220900,0.59,44.04,多头,358.719,376.006,,
2026-09-25,表格,ITUB,Itau Unibanco Banco Holding SA,8.11,0.37,15929400,0.74,50.78,空头,8.127,7.998,,
2026-09-25,表格,KEY,KeyCorp,20.61,1.78,15833400,1.12,37.47,空头,21.177,21.978,,
2026-09-25,表格,CVS,CVS Health Corporation,89.13,4.8,15767300,2.25,40.1,空头,91.418,97.016,,
2026-09-25,表格,HPE,Hewlett Packard Enterprise Comp,62.94,-0.91,15495500,0.55,61.45,多头,58.508,53.831,,
2026-09-25,表格,BSX,Boston Scientific Corporation,43.92,-1.7,15205400,0.72,41.61,空头,45.193,46.878,,
2026-09-25,表格,U,Unity Software Inc.,41.55,0.31,15149400,1.55,47.8,空头,42.425,40.109,,
2026-09-25,表格,ET,Energy Transfer LP,20.19,-0.69,15112700,1.95,32.13,空头,20.928,20.765,,
2026-09-25,表格,NLY,Annaly Capital Management Inc.,20.61,0.05,14949800,1.65,25.56,空头,21.699,22.543,,
2026-09-25,表格,PBR,Petroleo Brasileiro S.A. Petrob,20.37,-2.26,14923600,0.66,52.95,空头,20.403,19.034,,
2026-09-25,表格,VG,"Venture Global, Inc.",12.62,-4.61,14762800,1.0,35.93,空头,14.002,13.984,,
2026-09-25,表格,MRNA,"Moderna, Inc.",198.88,2.08,13902900,0.84,76.07,多头,157.08,110.11,,
2026-09-25,表格,HOOD,"Robinhood Markets, Inc.",119.4,-1.18,13889500,0.6,57.28,多头,114.69,104.248,,
2026-09-25,表格,GOOG,Alphabet Inc.,341.08,0.61,13835100,0.78,50.0,空头,340.714,341.847,,
2026-09-25,表格,SKHY,SK hynix Inc.,191.56,2.78,13677500,0.71,56.92,多头,180.681,163.963,,
2026-09-25,表格,VZ,Verizon Communications Inc.,47.08,-0.51,13417600,0.63,39.83,空头,48.548,48.089,,
2026-09-25,表格,RBLX,Roblox Corporation,46.44,-4.89,13379500,1.23,52.5,空头,46.255,43.279,,
2026-09-25,表格,CNH,CNH Industrial N.V.,13.09,-1.43,13306300,0.53,52.76,空头,13.144,11.854,,
2026-09-25,表格,CMG,"Chipotle Mexican Grill, Inc.",31.33,-2.12,13257000,1.06,30.07,空头,34.263,34.779,,
2026-09-25,表格,ABEV,Ambev S.A.,2.91,0.0,13201700,0.53,44.23,空头,2.951,2.959,,
2026-09-25,表格,GME,GameStop Corporation,23.39,-6.51,13195000,1.41,65.07,空头,21.791,20.266,,
2026-09-25,表格,MDT,Medtronic plc.,88.64,0.97,13053500,1.35,44.01,空头,90.339,88.748,,
2026-09-25,表格,ONON,On Holding AG,29.96,-1.64,12676400,1.16,54.2,多头,28.893,31.793,,
2026-09-25,表格,KVUE,Kenvue Inc.,17.8,1.08,12558100,0.47,43.07,空头,17.966,18.507,,
2026-09-25,表格,MRVL,"Marvell Technology, Inc.",261.94,1.15,12399000,0.58,63.1,多头,240.459,220.57,,
2026-09-25,表格,KO,Coca-Cola Company (The),87.81,-0.33,12123400,0.77,49.98,多头,87.992,87.057,,
2026-09-25,表格,HPQ,HP Inc.,31.3,0.51,12013300,0.66,48.98,空头,31.999,29.694,,
2026-09-25,表格,O,Realty Income Corporation,55.54,0.23,11961800,1.59,17.42,空头,58.33,61.45,,
2026-09-25,表格,CPNG,"Coupang, Inc.",13.88,0.0,11858600,0.72,31.54,空头,14.835,15.661,,
2026-09-25,表格,CRDO,Credo Technology Group Holding ,210.97,7.65,11728000,1.25,57.86,多头,189.434,209.959,,
2026-09-25,表格,JPM,JP Morgan Chase & Co.,343.06,1.33,11460300,1.55,41.68,空头,348.968,353.344,,
2026-09-25,表格,ON,ON Semiconductor Corporation,77.2,5.54,11194700,1.03,54.81,多头,73.425,77.728,,
2026-09-25,表格,CRCL,"Circle Internet Group, Inc.",89.0,-4.3,11088000,0.71,50.74,多头,89.751,79.593,,
2026-09-25,表格,NBIS,Nebius Group N.V.,237.33,-2.53,11020500,0.72,55.55,多头,225.538,215.575,,
2026-09-25,表格,XOM,ExxonMobil Holdings Corporation,160.59,-0.96,10996700,0.75,48.96,空头,161.746,159.006,,
2026-09-25,表格,CPRT,"Copart, Inc.",27.59,-1.6,10902500,1.07,31.73,空头,30.147,30.501,,
2026-09-25,表格,UBER,"Uber Technologies, Inc.",69.62,0.58,10875500,0.58,38.3,空头,71.953,73.301,,
2026-09-25,表格,DVN,Devon Energy Corporation,47.05,-3.78,10757700,0.82,46.74,空头,48.076,46.436,,
2026-09-25,表格,BMY,Bristol-Myers Squibb Company,62.86,2.21,10672800,1.03,44.54,空头,63.648,64.354,,
2026-09-25,表格,GIS,"General Mills, Inc.",33.64,-3.42,10595500,1.07,28.87,空头,36.617,37.63,,
2026-09-25,表格,KHC,The Kraft Heinz Company,23.63,-0.96,10454000,0.44,36.73,空头,24.441,24.999,,
2026-09-25,表格,FIG,"Figma, Inc.",20.85,-2.3,10395800,0.66,35.02,空头,23.227,24.481,,
2026-09-25,表格,KR,Kroger Company (The),58.74,-0.31,10236400,1.38,50.44,多头,58.813,57.829,,
2026-09-25,表格,KGC,Kinross Gold Corporation,25.05,2.58,10234900,1.32,35.9,空头,28.086,27.521,,
2026-09-25,表格,RF,Regions Financial Corporation,27.62,1.32,10153300,1.26,29.47,空头,28.93,30.166,,
2026-09-25,表格,VTRS,Viatris Inc.,17.83,2.35,10151400,1.24,68.81,多头,16.971,16.821,,
2026-09-25,表格,APH,Amphenol Corporation,84.09,1.22,10146000,0.84,58.38,多头,80.88,80.262,,
2026-09-25,表格,KMI,"Kinder Morgan, Inc.",30.75,-1.6,10019700,0.79,42.3,多头,31.341,31.602,,
2026-09-25,表格,PR,Permian Resources Corporation,21.36,-2.24,9930800,0.95,40.06,空头,22.5,21.995,,
2026-09-25,表格,NVO,Novo Nordisk A/S,38.8,0.47,9922900,0.74,31.17,空头,42.353,45.546,,
2026-09-25,表格,HAL,Halliburton Company,32.76,0.0,9833000,0.9,36.54,空头,34.315,34.069,,
2026-09-25,表格,BEKE,KE Holdings Inc,16.33,-2.16,9756800,1.9,43.5,空头,16.738,16.991,,
2026-09-25,表格,MCHP,Microchip Technology Incorporat,78.69,5.36,9747400,1.16,59.35,多头,74.378,75.888,,
2026-09-25,表格,WFC,Wells Fargo & Company,82.97,0.96,9451500,0.65,38.52,空头,85.929,86.667,,
2026-09-25,表格,AEG,Aegon Ltd. New York Registry Sh,8.89,0.91,9370700,2.06,45.2,空头,8.98,9.017,,
2026-09-25,表格,STM,STMicroelectronics N.V.,51.93,0.68,9301200,1.15,51.31,多头,51.115,52.497,,
2026-09-25,表格,ROL,"Rollins, Inc.",30.03,-1.22,9264200,1.48,19.62,空头,33.632,36.512,,
2026-09-25,表格,EQX,Equinox Gold Corp.,11.94,1.79,9211500,0.7,48.07,多头,12.201,11.464,,
2026-09-25,表格,VICI,VICI Properties Inc.,23.51,1.03,8995900,0.85,32.42,空头,24.331,25.335,,
2026-09-25,表格,MNST,Monster Beverage Corporation,43.11,1.03,8976300,0.93,37.87,空头,44.383,46.045,,
2026-09-25,表格,BKNG,Booking Holdings Inc. Common St,163.95,4.15,8914300,1.07,33.84,空头,175.322,190.877,,
2026-09-25,表格,PINS,"Pinterest, Inc.",18.9,0.96,8895600,0.57,39.92,空头,19.693,21.936,,
2026-09-25,表格,KDP,Keurig Dr Pepper Inc.,31.95,3.47,8853400,0.88,53.55,空头,31.539,31.198,,
2026-09-25,表格,DOW,Dow Inc.,28.02,-1.89,8840500,1.01,38.37,空头,29.225,29.889,,
2026-09-25,表格,EQT,EQT Corporation,50.81,-2.04,8834800,1.19,38.72,空头,52.297,52.94,,
2026-09-25,表格,CRM,"Salesforce, Inc.",234.02,-1.76,8735500,0.52,50.29,空头,237.773,213.365,,
2026-09-25,表格,TSCO,Tractor Supply Company,32.27,2.64,8709500,0.95,42.73,空头,33.127,33.249,,
2026-09-25,表格,DELL,Dell Technologies Inc.,562.89,5.01,8703900,0.79,58.69,空头,531.883,475.696,,
2026-09-25,表格,TJX,"TJX Companies, Inc. (The)",130.06,-1.19,8659600,0.94,40.63,多头,131.535,143.042,,
2026-09-25,表格,CSX,CSX Corporation,46.78,-0.36,8579200,0.8,35.61,空头,48.135,49.739,,
2026-09-25,表格,TOST,"Toast, Inc.",30.6,1.63,8521200,0.98,39.84,多头,31.677,32.945,,
2026-09-25,表格,OXY,Occidental Petroleum Corporatio,56.86,-2.05,8430300,1.0,42.0,空头,58.853,58.169,,
2026-09-25,表格,TEM,"Tempus AI, Inc.",85.01,3.37,8427000,1.21,72.54,多头,71.371,59.372,,
2026-09-25,表格,MRK,"Merck & Company, Inc.",148.78,0.54,8288800,0.84,57.96,多头,146.611,139.715,,
2026-09-25,表格,JHX,James Hardie Industries plc.,26.1,0.0,8227800,0.6,37.96,空头,27.57,28.245,,
2026-09-25,表格,C,"Citigroup, Inc.",134.28,1.65,8082700,0.81,49.85,空头,134.195,133.945,,
2026-09-25,表格,SAN,"Banco Santander, S.A. Sponsored",14.42,0.98,7995400,1.02,48.3,空头,14.528,14.401,,
2026-09-25,表格,NOW,"ServiceNow, Inc.",135.62,-1.57,7980300,0.51,51.6,多头,136.057,125.787,,
2026-09-25,表格,ERIC,Ericsson,9.53,0.21,7904400,0.97,35.8,空头,9.969,9.986,,
2026-09-25,表格,TME,Tencent Music Entertainment Gro,8.39,0.6,7900500,1.05,52.38,多头,8.233,8.705,,
2026-09-25,表格,B,Barrick Mining Corporation,42.88,1.32,7840900,0.88,48.74,空头,43.297,41.847,,
2026-09-25,表格,BP,BP p.l.c.,44.15,-0.59,7827000,0.76,50.07,空头,44.344,43.452,,
2026-09-25,表格,MDLN,Medline Inc.,34.7,0.12,7797700,0.95,52.25,多头,33.974,35.68,,
2026-09-25,表格,ABT,Abbott Laboratories,101.29,0.22,7784200,0.88,36.14,空头,104.526,107.006,,
2026-09-25,表格,TSM,Taiwan Semiconductor Manufactur,450.61,-0.12,7751900,0.77,62.48,多头,433.222,419.242,,
2026-09-25,表格,CRWD,"CrowdStrike Holdings, Inc.",252.13,-2.9,7630500,0.59,62.13,多头,234.43,212.631,,
2026-09-25,表格,FCX,"Freeport-McMoRan, Inc.",72.31,0.32,7544200,0.62,51.53,多头,72.125,69.619,,
2026-09-25,表格,SCHW,Charles Schwab Corporation (The,99.03,-0.46,7528000,0.86,31.15,空头,104.766,106.527,,
2026-09-25,表格,XEL,Xcel Energy Inc.,69.8,0.35,7478300,1.27,28.07,空头,73.206,76.188,,
2026-09-25,表格,CX,"Cemex, S.A.B. de C.V. Sponsored",9.71,2.1,7388300,1.16,32.5,空头,10.307,11.061,,
2026-09-25,表格,IVZ,Invesco Ltd,30.92,0.78,7375300,1.84,46.56,空头,31.272,31.268,,
2026-09-25,表格,SNDK,Sandisk Corporation,1777.8,1.38,7322300,0.68,57.33,多头,1677.507,1516.759,,
2026-09-25,表格,SBUX,Starbucks Corporation,94.86,1.29,7282400,1.08,31.78,空头,98.59,103.014,,
2026-09-25,表格,SLB,SLB Limited,51.54,0.21,7260200,0.49,41.66,空头,53.238,52.487,,
2026-09-25,表格,DIS,Walt Disney Company (The),106.15,0.56,7246700,0.89,52.79,空头,105.38,103.487,,
2026-09-25,表格,GM,General Motors Company,82.63,2.56,7222600,0.98,45.25,空头,84.394,85.267,,
2026-09-25,表格,TFC,Truist Financial Corporation,47.66,1.02,7173600,0.96,36.75,空头,49.17,50.688,,
2026-09-25,表格,KLAC,KLA Corporation,187.92,0.43,7140400,0.74,54.16,多头,182.089,188.794,,
2026-09-25,表格,VIK,Viking Holdings Ltd,80.3,0.98,7134600,1.67,33.01,空头,85.251,93.785,,
2026-09-25,表格,CVX,Chevron Corporation,204.45,-0.58,7134300,0.7,48.12,空头,206.843,200.314,,
2026-09-25,表格,WY,Weyerhaeuser Company,20.01,-0.65,7126800,1.13,23.64,空头,21.892,23.392,,
2026-09-25,表格,CARR,Carrier Global Corporation,56.37,2.73,7024500,1.01,43.77,多头,56.744,60.745,,
2026-09-25,表格,ARM,Arm Holdings plc,310.32,1.3,6994400,1.35,61.18,多头,280.509,264.316,,
2026-09-25,表格,LUV,Southwest Airlines Company,42.68,2.72,6978900,1.2,59.46,多头,40.814,42.625,,
2026-09-25,表格,EXC,Exelon Corporation,40.34,0.35,6910400,0.91,24.5,空头,42.386,44.174,,
2026-09-25,表格,TU,Telus Corporation,8.48,-0.47,6897900,1.09,23.32,空头,8.992,9.529,,
2026-09-25,表格,PPL,PPL Corporation,32.03,0.19,6892400,1.02,26.31,空头,33.441,34.54,,
2026-09-25,表格,CNP,"CenterPoint Energy, Inc (Holdin",36.84,0.05,6859600,1.05,26.95,空头,38.461,40.191,,
2026-09-25,表格,DT,"Dynatrace, Inc.",57.95,-1.24,6848900,0.98,67.6,多头,54.544,49.934,,
2026-09-25,表格,FAST,Fastenal Company,50.43,-0.59,6809000,1.02,56.04,多头,49.821,49.365,,
2026-09-25,表格,ROIV,Roivant Sciences Ltd.,35.8,-0.91,6764400,0.63,40.9,空头,37.833,36.432,,
2026-09-25,表格,AS,"Amer Sports, Inc.",27.77,3.74,6724100,0.86,42.7,多头,28.3,31.782,,
2026-09-25,表格,PEP,"Pepsico, Inc.",128.63,0.37,6705400,0.75,29.79,空头,133.696,136.809,,
2026-09-25,表格,ZS,"Zscaler, Inc.",193.05,-10.06,6700000,1.78,53.64,多头,191.099,173.846,,
2026-09-25,表格,FISV,"Fiserv, Inc.",46.48,1.09,6684800,0.93,35.13,空头,48.971,51.513,,
2026-09-25,表格,CSGP,"CoStar Group, Inc.",28.09,0.83,6662500,0.88,36.67,空头,29.781,30.407,,
2026-09-25,表格,BAX,Baxter International Inc.,23.37,-0.47,6569000,1.04,38.29,多头,24.114,25.09,,
2026-09-25,表格,MCD,McDonald's Corporation,236.5,-0.22,6530000,1.13,24.98,空头,250.619,261.3,,
2026-09-25,表格,AVTR,"Avantor, Inc.",15.25,-0.85,6529500,0.75,57.59,空头,14.957,13.947,,
2026-09-25,表格,BKR,Baker Hughes Company,57.83,0.94,6521800,0.76,40.94,空头,59.142,60.569,,
2026-09-25,表格,ELAN,Elanco Animal Health Incorporat,22.31,-0.18,6454600,1.21,37.82,空头,23.115,24.06,,
2026-09-25,表格,ASTS,"AST SpaceMobile, Inc.",61.81,1.23,6434700,0.65,49.3,空头,61.629,62.794,,
2026-09-25,表格,WMB,"Williams Companies, Inc. (The)",69.26,-1.87,6433300,0.79,36.9,空头,71.824,72.205,,
2026-09-25,表格,USB,U.S. Bancorp,59.33,1.59,6412600,0.83,38.15,空头,60.893,62.696,,
2026-09-25,表格,UMC,United Microelectronics Corpora,24.31,0.87,6334400,0.52,61.81,多头,22.842,20.533,,
2026-09-25,表格,P,"Everpure, Inc.",126.0,3.38,6300700,0.85,71.05,多头,106.017,96.025,,
2026-09-25,表格,COIN,"Coinbase Global, Inc.",195.11,-2.06,6263400,0.61,56.89,多头,185.234,170.44,,
2026-09-25,表格,FIS,Fidelity National Information S,35.41,1.2,6238600,1.04,32.26,空头,37.346,40.343,,
2026-09-25,表格,HST,"Host Hotels & Resorts, Inc.",22.42,0.95,6232600,0.77,50.53,多头,22.28,23.098,,
2026-09-25,表格,SHOP,Shopify Inc.,142.25,-2.0,5991700,0.57,53.43,多头,138.806,137.954,,
2026-09-25,表格,PBR-A,Petroleo Brasileiro S.A. Petrob,18.52,-2.47,5973700,0.8,54.75,空头,18.462,17.064,,
2026-09-25,表格,HD,"Home Depot, Inc. (The)",293.2,0.35,5968600,1.36,31.91,空头,307.852,325.542,,
2026-09-25,表格,FITB,Fifth Third Bancorp,52.1,1.24,5959000,1.06,37.8,空头,53.531,55.522,,
2026-09-25,表格,WDC,Western Digital Corporation,456.81,1.44,5935300,0.91,49.64,空头,453.632,473.826,,
2026-09-25,表格,BABA,Alibaba Group Holding Limited,109.74,-0.8,5907900,0.65,42.14,多头,112.809,117.806,,
2026-09-25,表格,FPS,"Forgent Power Solutions, Inc.",38.97,0.05,5792800,0.56,59.29,多头,35.596,35.094,,
2026-09-25,表格,PG,Procter & Gamble Company (The),146.23,0.38,5790500,0.71,50.79,多头,146.112,145.86,,
2026-09-25,表格,CVE,Cenovus Energy Inc,30.93,-1.12,5780500,0.89,43.45,空头,31.915,30.88,,
2026-09-25,表格,EPD,Enterprise Products Partners L.,36.75,-1.4,5743000,2.33,32.9,空头,38.251,38.334,,
2026-09-25,表格,CBRS,Cerebras Systems Inc.,206.75,0.16,5639500,0.96,53.41,空头,199.663,202.711,,
2026-09-25,表格,PSLV,"""Sprott Physical Silver Trust""",21.01,1.2,5638511,0.89,48.25,多头,21.238,20.74,,
2026-09-25,表格,GLW,Corning Incorporated,156.74,1.68,5634000,0.64,51.76,空头,154.135,152.6,,
2026-09-25,表格,SUNB,"Sunbelt Rentals Holdings, Inc.",75.06,3.19,5602600,0.64,54.32,多头,73.276,74.71,,
2026-09-25,表格,CM,Canadian Imperial Bank of Comme,113.6,1.96,5597000,4.32,45.83,空头,114.582,116.962,,
2026-09-25,表格,MDLZ,"Mondelez International, Inc.",60.25,-1.0,5578300,0.69,39.65,空头,61.608,62.099,,
2026-09-25,表格,ABNB,"Airbnb, Inc.",157.47,4.02,5476500,1.06,38.31,空头,166.826,167.997,,
2026-09-25,表格,SYY,Sysco Corporation,78.46,0.35,5472500,1.27,40.33,空头,80.043,82.15,,
2026-09-25,表格,BA,Boeing Company (The),198.07,0.65,5376400,0.83,37.75,空头,204.764,214.372,,
2026-09-25,表格,DDOG,"Datadog, Inc.",268.13,4.36,5366500,1.48,66.97,多头,239.614,242.703,,
2026-09-25,表格,ENB,Enbridge Inc,46.74,-1.29,5361400,0.9,27.14,空头,48.759,51.012,,
2026-09-25,表格,INIO,INNIO N.V.,19.12,0.58,5358600,0.98,41.16,多头,20.482,23.483,,
2026-09-25,表格,APA,APA Corporation,42.74,-2.15,5333400,0.95,48.5,空头,43.585,40.871,,
2026-09-25,表格,INVH,Invitation Homes Inc.,26.62,0.45,5312600,0.96,26.88,空头,27.445,28.796,,
2026-09-25,表格,IBN,ICICI Bank Limited,27.92,0.14,5311700,1.19,34.41,空头,28.736,29.497,,
2026-09-25,表格,GILD,"Gilead Sciences, Inc.",150.93,0.83,5284300,0.9,60.57,多头,147.843,140.838,,
2026-09-25,表格,JBS,JBS N.V.,11.57,1.85,5256800,1.03,29.17,空头,12.34,13.036,,
2026-09-25,表格,XP,XP Inc.,20.51,-0.05,5232300,0.69,63.24,多头,19.697,17.91,,
2026-09-25,表格,AMH,American Homes 4 Rent,30.64,-0.1,5212200,1.8,28.84,空头,31.654,32.839,,
2026-09-25,表格,IOT,Samsara Inc.,37.96,-3.46,5204600,0.65,45.39,空头,39.301,38.746,,
2026-09-25,表格,DOC,"Healthpeak Properties, Inc.",20.31,0.2,5204400,1.03,43.43,空头,20.536,21.034,,
2026-09-25,表格,AMAT,"Applied Materials, Inc.",485.0,2.27,5201600,0.81,55.74,多头,462.984,489.977,,
2026-09-25,表格,CRH,CRH PLC,85.04,1.29,5197100,1.05,35.16,空头,88.818,94.377,,
2026-09-25,表格,LULU,lululemon athletica inc.,101.3,-0.33,5195900,0.64,41.92,空头,104.727,113.728,,
2026-09-25,表格,AES,The AES Corporation,14.87,0.13,5157800,0.67,66.56,多头,14.807,14.742,,
2026-09-25,表格,MO,"Altria Group, Inc.",68.82,-0.09,5156700,0.62,53.47,空头,68.465,68.075,,
2026-09-25,表格,JD,"JD.com, Inc.",26.51,-0.9,5148800,0.87,33.45,空头,27.502,29.393,,
2026-09-25,表格,COP,ConocoPhillips,127.3,-1.58,5083000,0.73,44.47,空头,131.005,126.798,,
2026-09-25,表格,KNX,Knight-Swift Transportation Hol,63.67,-2.79,5040900,1.37,34.78,空头,67.46,69.658,,
2026-09-25,表格,ILMN,"Illumina, Inc.",270.0,-1.42,5031600,1.32,73.7,多头,233.78,210.796,,
2026-09-25,表格,NI,NiSource Inc,39.42,0.77,5004800,0.91,31.31,空头,40.639,42.297,,
2026-09-25,表格,ACN,Accenture plc,176.11,-0.73,4960100,1.03,44.32,空头,182.973,175.329,,
2026-09-25,表格,GFS,GlobalFoundries Inc.,49.0,4.14,4939200,1.21,54.96,多头,46.769,48.945,,
2026-09-25,表格,UPS,"United Parcel Service, Inc.",93.96,2.07,4933500,1.09,35.16,空头,98.845,103.4,,
2026-09-25,表格,SO,Southern Company (The),82.88,-0.01,4920300,0.79,21.94,空头,86.425,90.208,,
2026-09-25,表格,D,"Dominion Energy, Inc.",60.68,0.46,4906200,0.96,25.05,空头,63.693,66.472,,
2026-09-25,表格,VST,Vistra Corp.,138.46,0.38,4899200,1.11,42.76,空头,141.641,145.387,,
2026-09-25,表格,PANW,"Palo Alto Networks, Inc.",374.74,-3.89,4879100,0.68,54.38,多头,366.748,356.523,,
2026-09-25,表格,AR,Antero Resources Corporation,35.0,-3.02,4850200,1.22,39.97,空头,36.602,36.634,,
2026-09-25,表格,HDB,HDFC Bank Limited,23.01,0.79,4828000,0.41,49.33,多头,22.989,23.289,,
2026-09-25,表格,NWG,NatWest Group plc,18.49,1.93,4828000,1.63,49.61,空头,18.536,18.478,,
2026-09-25,表格,EQNR,Equinor ASA,42.19,-2.27,4804100,1.47,47.39,空头,43.055,41.479,,
2026-09-25,表格,COHR,Coherent Corp.,295.83,1.8,4693700,0.75,49.55,多头,296.54,296.767,,
2026-09-25,表格,COST,Costco Wholesale Corporation,922.77,2.93,4629300,2.1,52.32,空头,912.982,934.297,,
2026-09-25,表格,SWKS,"Skyworks Solutions, Inc.",89.34,1.74,4609700,0.56,62.46,多头,82.783,71.758,,
2026-09-25,表格,V,Visa Inc.,367.38,-0.16,4576700,0.75,47.99,空头,369.293,367.769,,
2026-09-25,表格,MS,Morgan Stanley,196.31,-0.01,4527300,0.92,31.87,空头,205.963,211.681,,
2026-09-25,表格,BX,Blackstone Inc.,118.42,1.03,4498900,1.23,31.68,空头,127.429,133.308,,
2026-09-25,表格,IP,International Paper Company,35.02,0.4,4466000,0.86,41.03,多头,35.977,38.51,,
2026-09-25,表格,CTSH,Cognizant Technology Solutions ,57.33,0.28,4465700,0.72,42.66,空头,59.854,57.321,,
2026-09-25,表格,COO,"The Cooper Companies, Inc.",55.38,0.0,4453800,0.93,30.32,多头,59.718,68.386,,
2026-09-25,表格,DHR,Danaher Corporation,224.49,0.32,4423500,1.13,68.87,多头,213.343,205.889,,
2026-09-25,表格,HRL,Hormel Foods Corporation,19.71,-0.66,4421700,0.77,21.65,空头,21.056,23.193,,
2026-09-25,表格,CNQ,Canadian Natural Resources Limi,47.41,-1.08,4393900,0.62,41.34,空头,49.035,48.021,,
2026-09-25,表格,ANET,"Arista Networks, Inc.",206.55,0.41,4377000,0.91,60.17,多头,198.336,190.233,,
2026-09-25,表格,IR,Ingersoll Rand Inc.,76.08,1.74,4338100,0.99,50.81,多头,75.083,79.833,,
2026-09-25,表格,VMRK,Vivmark Residential,61.51,0.75,4325000,0.68,36.87,空头,63.533,65.68,,
2026-09-25,表格,ASX,"ASE Technology Holding Co., Ltd",44.31,1.86,4323900,0.63,64.16,多头,40.767,38.371,,
2026-09-25,表格,TWLO,Twilio Inc.,275.8,-7.96,4263500,1.93,62.46,多头,253.299,227.396,,
2026-09-25,表格,MFG,"Mizuho Financial Group, Inc. Sp",11.07,4.83,4252100,1.33,54.37,空头,10.903,10.657,,
2026-09-25,表格,CVNA,Carvana Co.,65.06,1.37,4216800,0.64,41.5,空头,67.971,68.877,,
2026-09-25,表格,FHN,First Horizon Corporation,23.46,1.21,4183100,0.87,38.16,空头,24.018,24.809,,
2026-09-25,表格,ZTS,Zoetis Inc.,71.05,1.11,4165600,0.89,39.68,空头,73.102,74.917,,
2026-09-25,表格,CTVA,"Corteva, Inc.",78.52,-1.17,4163200,0.84,38.29,空头,81.665,82.359,,
2026-09-25,表格,ORLY,"O'Reilly Automotive, Inc.",86.12,-0.14,4161700,0.64,47.47,多头,86.319,88.445,,
2026-09-25,表格,GEHC,GE HealthCare Technologies Inc.,66.63,0.38,4159300,1.2,47.11,多头,66.726,68.404,,
2026-09-25,表格,IBM,International Business Machines,225.51,-0.68,4143500,0.74,41.28,空头,233.869,230.155,,
2026-09-25,表格,VRT,"Vertiv Holdings, LLC",253.28,3.25,4127100,0.77,47.94,空头,254.068,265.893,,
2026-09-25,表格,PDD,PDD Holdings Inc.,77.57,-0.81,4125100,0.58,37.02,空头,80.329,84.493,,
2026-09-25,表格,TRP,TC Energy Corporation,58.78,-1.46,4123700,1.55,30.29,空头,61.283,63.808,,
2026-09-25,表格,FE,FirstEnergy Corp.,43.3,0.25,4121400,1.01,24.88,空头,45.258,46.76,,
2026-09-25,表格,JNJ,Johnson & Johnson,271.22,0.2,4085700,0.63,57.23,空头,268.797,264.278,,
2026-09-25,表格,UNH,UnitedHealth Group Incorporated,376.59,0.42,4077400,0.8,41.3,空头,382.185,397.395,,
2026-09-25,表格,AEP,American Electric Power Company,118.35,0.66,4069300,1.04,33.31,空头,121.353,124.861,,
2026-09-25,表格,CHYM,"Chime Financial, Inc.",26.78,-1.07,3998100,0.49,35.14,空头,30.273,29.19,,
2026-09-25,表格,OKTA,"Okta, Inc.",195.19,-5.54,3990700,0.83,62.08,多头,181.789,158.193,,
2026-09-25,表格,TXN,Texas Instruments Incorporated,278.07,2.74,3960200,0.64,60.15,多头,267.221,270.719,,
2026-09-25,表格,KIM,Kimco Realty Corporation (HC),22.44,0.85,3944100,0.66,30.53,空头,22.975,24.021,,
2026-09-25,表格,PAYX,"Paychex, Inc.",101.37,-0.22,3931400,1.21,22.12,空头,114.227,118.208,,
2026-09-25,表格,BCE,"BCE, Inc.",20.97,-1.55,3909600,0.98,23.25,空头,22.296,22.411,,
2026-09-25,表格,COF,Capital One Financial Corporati,200.2,1.83,3902200,1.1,39.13,空头,205.991,211.718,,
2026-09-25,表格,PM,Philip Morris International Inc,190.48,-0.53,3899200,0.88,51.75,多头,189.876,190.083,,
2026-09-25,表格,LEN,Lennar Corporation,82.15,0.83,3890800,0.86,50.22,多头,81.505,83.806,,
2026-09-25,表格,LVS,Las Vegas Sands Corp.,38.99,0.88,3886700,0.63,25.4,空头,41.65,44.597,,
2026-09-25,表格,SBS,Companhia de saneamento Basico ,5.18,0.58,3876600,0.4,50.15,空头,5.188,5.178,,
2026-09-25,表格,TEVA,Teva Pharmaceutical Industries ,39.19,-2.56,3874700,0.75,57.45,多头,38.307,36.099,,
2026-09-25,表格,PCAR,PACCAR Inc.,111.31,0.58,3864200,1.16,22.29,空头,118.77,126.265,,
2026-09-25,表格,LITE,Lumentum Holdings Inc.,941.65,1.36,3853800,0.88,54.46,多头,912.82,859.066,,
2026-09-25,表格,CFG,"Citizens Financial Group, Inc.",65.53,1.24,3852400,1.02,35.42,空头,67.948,70.525,,
2026-09-25,表格,TMUS,"T-Mobile US, Inc.",165.43,0.05,3850700,0.75,37.04,空头,172.926,178.199,,
2026-09-25,表格,CMS,CMS Energy Corporation,62.95,0.29,3849000,1.2,19.94,空头,66.054,69.262,,
2026-09-25,表格,ARCC,Ares Capital Corporation,19.2,0.37,3845400,0.83,47.17,空头,19.311,19.14,,
2026-09-25,表格,ACGL,Arch Capital Group Ltd.,94.66,-0.38,3836800,0.9,36.84,空头,96.666,98.849,,
2026-09-25,表格,VLO,Valero Energy Corporation,387.18,1.13,3814100,0.99,58.3,空头,379.493,346.333,,
2026-09-25,表格,SMMT,Summit Therapeutics Inc.,15.61,-4.7,3800400,0.62,46.64,空头,16.356,14.816,,
2026-09-25,表格,DUK,Duke Energy Corporation (Holdin,113.35,0.11,3749300,0.98,25.29,空头,117.837,121.719,,
2026-09-25,表格,CRBG,Corebridge Financial Inc.,34.87,2.29,3746500,0.92,61.88,空头,33.979,32.922,,
2026-09-25,表格,EIX,Edison International,52.65,0.21,3727400,0.5,30.48,空头,57.568,66.897,,
2026-09-25,表格,RTX,RTX Corporation,189.4,0.42,3667400,0.94,29.34,多头,197.327,207.359,,
2026-09-25,表格,BNY,The Bank of New York Mellon Cor,150.15,-0.03,3652600,0.97,31.49,空头,155.63,158.631,,
2026-09-25,表格,BEN,"Franklin Templeton, Inc.",33.02,1.44,3649900,0.99,45.37,空头,33.384,33.646,,
2026-09-25,表格,UDR,"UDR, Inc.",33.84,0.86,3649400,0.92,27.98,空头,34.982,36.919,,
2026-09-25,表格,FOXA,Fox Corporation,63.07,-1.21,3645100,0.7,42.3,空头,65.093,63.587,,
2026-09-25,表格,NYT,New York Times Company (The),63.83,1.24,3630900,1.15,39.55,空头,67.152,68.708,,
2026-09-25,表格,CNC,Centene Corporation,61.82,-0.16,3630400,0.75,39.51,空头,64.725,65.082,,
2026-09-25,表格,MET,"MetLife, Inc.",97.7,0.46,3625300,1.2,55.59,多头,96.83,96.137,,
2026-09-25,表格,SAIL,"SailPoint, Inc.",20.64,-6.69,3611500,0.66,56.39,多头,19.87,18.329,,
2026-09-25,表格,EW,Edwards Lifesciences Corporatio,86.29,0.65,3599800,1.1,42.82,多头,87.823,88.319,,
2026-09-25,表格,PAA,"Plains All American Pipeline, L",24.42,-0.89,3586600,1.36,40.86,空头,25.051,24.594,,
2026-09-25,表格,GMAB,Genmab A/S,35.32,1.41,3583100,1.86,65.74,多头,33.993,32.013,,
2026-09-25,表格,AMRZ,Amrize Ltd,38.22,2.66,3576200,0.83,34.5,空头,40.295,44.832,,
2026-09-25,表格,CL,Colgate-Palmolive Company,86.06,0.87,3540200,0.66,38.7,空头,87.76,90.226,,
2026-09-25,表格,NEM,Newmont Corporation,121.43,0.11,3520100,0.45,48.33,空头,123.556,115.341,,
2026-09-25,表格,IAG,Iamgold Corporation,19.7,1.76,3518700,0.65,50.05,空头,19.905,18.355,,
2026-09-25,表格,LOW,"Lowe's Companies, Inc.",189.28,0.42,3455100,1.07,33.6,空头,197.232,207.003,,
2026-09-25,表格,OTIS,Otis Worldwide Corporation,65.94,-1.11,3446200,0.76,35.32,空头,68.881,70.941,,
2026-09-25,表格,BSP,Bending Spoons S.p.A.,33.25,1.37,3442000,1.74,34.27,空头,37.932,39.151,,
2026-09-25,表格,QSR,Restaurant Brands International,71.64,1.03,3433200,1.0,37.11,空头,74.305,75.119,,
2026-09-25,表格,UAL,"United Airlines Holdings, Inc.",113.99,2.52,3413000,0.9,52.94,多头,111.483,116.333,,
2026-09-25,表格,AA,Alcoa Corporation,42.85,0.4,3400900,0.9,32.39,空头,46.59,47.812,,
2026-09-25,表格,INTU,Intuit Inc.,275.79,-0.48,3398400,0.92,29.57,空头,311.663,324.65,,
2026-09-25,表格,TXG,"10x Genomics, Inc.",85.71,1.9,3391300,1.23,73.93,多头,72.679,60.366,,
2026-09-25,表格,ECHO,EchoStar Corporation,90.11,-0.3,3370200,1.11,46.14,多头,91.666,89.713,,
2026-09-25,表格,ETR,Entergy Corporation,98.57,0.42,3339100,1.14,27.69,空头,103.067,106.724,,
2026-09-25,表格,XYZ,"Block, Inc.",76.42,-0.42,3327900,0.82,42.97,空头,78.35,80.149,,
2026-09-25,表格,GSK,GSK plc,49.24,-0.83,3324000,1.14,43.72,多头,50.107,50.689,,
2026-09-25,表格,PSX,Phillips 66,255.75,-0.05,3318400,0.99,55.2,空头,255.497,235.277,,
2026-09-25,表格,LYB,LyondellBasell Industries NV,58.14,-3.39,3315700,0.93,35.77,空头,62.13,62.285,,
2026-09-25,表格,KMB,Kimberly-Clark Corporation,98.43,1.24,3286900,0.69,37.87,空头,100.607,105.444,,
2026-09-25,表格,PEG,Public Service Enterprise Group,67.02,0.69,3284100,0.96,23.32,空头,70.469,73.738,,
2026-09-25,表格,KKR,KKR & Co. Inc.,96.67,1.08,3263800,0.89,38.79,空头,100.984,103.81,,
2026-09-25,表格,PHYS,"""Sprott Physical Gold Trust""",32.35,0.53,3260235,0.7,44.48,空头,32.839,32.628,,
2026-09-25,表格,BN,Brookfield Corporation,36.87,0.66,3256400,0.69,30.31,空头,38.444,41.018,,
2026-09-25,表格,AGI,Alamos Gold Inc.,34.5,1.17,3249600,0.9,46.79,空头,35.3,33.642,,
2026-09-25,表格,SW,Smurfit WestRock plc,46.41,0.89,3232900,0.7,53.37,多头,45.621,46.509,,
2026-09-25,表格,TECK,Teck Resources Ltd,66.05,-0.69,3216000,1.12,48.51,空头,66.719,64.935,,
2026-09-25,表格,ADM,Archer-Daniels-Midland Company,81.12,-0.93,3206200,0.83,42.7,空头,83.482,82.293,,
2026-09-25,表格,RBRK,"Rubrik, Inc.",109.55,-3.73,3201400,0.8,60.04,多头,103.079,92.241,,
2026-09-25,表格,SUZ,Suzano S.A.,8.69,-1.03,3178200,1.12,42.63,空头,9.048,8.673,,
2026-09-25,表格,RDY,Dr. Reddy's Laboratories Ltd,12.25,-0.41,3168900,1.11,52.52,多头,12.153,12.091,,
2026-09-25,表格,NET,"Cloudflare, Inc.",349.02,-2.73,3168800,0.97,62.19,多头,325.396,299.729,,
2026-09-25,表格,FSLR,"First Solar, Inc.",177.71,3.22,3153300,1.35,35.11,空头,198.535,210.842,,
2026-09-25,表格,MRSH,Marsh,171.12,0.7,3148700,1.18,32.96,空头,177.581,184.7,,
2026-09-25,表格,CCI,Crown Castle Inc.,67.84,0.31,3135500,0.92,29.06,空头,72.43,74.055,,
2026-09-25,表格,AXP,American Express Company,308.89,1.06,3123700,1.05,36.82,空头,317.891,331.993,,
2026-09-25,表格,ADBE,Adobe Inc.,235.47,-1.45,3112700,0.54,36.63,空头,253.155,257.418,,
2026-09-25,表格,NTR,Nutrien Ltd.,72.23,-2.34,3102600,1.15,41.15,空头,75.642,72.35,,
2026-09-25,表格,ALAB,"Astera Labs, Inc.",364.62,1.14,3065400,0.76,64.39,多头,316.349,305.03,,
2026-09-25,表格,EFX,"Equifax, Inc.",148.11,-0.46,3028700,2.14,25.16,空头,165.713,176.315,,
2026-09-25,表格,SNOW,Snowflake Inc.,335.94,0.58,3025900,0.54,54.94,多头,331.225,317.033,,
2026-09-25,表格,FLEX,Flex Ltd.,114.68,2.03,3022900,0.91,52.62,多头,111.987,115.203,,
2026-09-25,表格,APP,Applovin Corporation,310.75,-0.55,3020100,0.61,42.55,空头,321.112,343.42,,
2026-09-25,表格,BCS,Barclays PLC,24.81,1.56,3019900,0.7,38.62,空头,25.665,26.796,,
2026-09-25,表格,FLUT,Flutter Entertainment plc,83.23,1.64,3001300,1.0,31.82,空头,93.003,98.511,,
2026-09-25,表格,BRK-B,Berkshire Hathaway Inc. New,505.48,0.06,2992300,0.62,48.05,空头,507.331,506.29,,
2026-09-25,表格,BHP,BHP Group Limited,84.97,-0.14,2964500,1.26,42.02,多头,87.233,87.121,,
2026-09-25,表格,BTI,British American Tobacco  Indus,55.63,-0.7,2961500,0.57,44.79,多头,56.032,57.622,,
2026-09-25,表格,TGT,Target Corporation,157.45,0.83,2956900,0.88,50.76,空头,157.78,153.402,,
2026-09-25,表格,DHI,"D.R. Horton, Inc.",141.51,0.83,2946400,1.13,48.68,多头,141.494,144.725,,
2026-09-25,表格,OKE,"ONEOK, Inc.",88.63,-2.8,2943900,0.78,35.41,空头,92.862,92.522,,
2026-09-25,表格,CHTR,"Charter Communications, Inc.",112.91,-3.95,2942900,0.98,29.84,空头,132.709,142.066,,
2026-09-25,表格,AIG,"American International Group, I",74.17,-0.87,2931800,0.67,40.99,多头,75.349,76.638,,
2026-09-25,表格,ALLY,Ally Financial Inc.,38.79,0.13,2917100,0.83,28.54,空头,40.805,42.694,,
2026-09-25,表格,OMC,Omnicom Group Inc.,76.15,1.94,2896000,0.88,39.02,空头,78.74,81.667,,
2026-09-25,表格,SU,Suncor Energy  Inc.,68.19,-0.67,2895700,0.6,52.78,空头,67.956,66.091,,
2026-09-25,表格,IBKR,"Interactive Brokers Group, Inc.",89.24,-0.65,2893800,0.75,45.79,多头,90.88,91.174,,
2026-09-25,表格,JCI,Johnson Controls International ,150.2,3.33,2893400,0.88,61.37,多头,144.094,144.671,,
2026-09-25,表格,MUFG,"Mitsubishi UFJ Financial Group,",23.48,4.03,2879700,0.99,54.7,空头,23.145,22.741,,
2026-09-25,表格,DASH,"DoorDash, Inc.",193.36,3.11,2872400,0.73,39.78,空头,200.786,205.591,,
2026-09-25,表格,RDDT,"Reddit, Inc.",149.84,-1.89,2869300,0.61,44.72,空头,154.736,159.514,,
2026-09-25,表格,ZTO,ZTO Express (Cayman) Inc.,19.49,0.1,2869000,0.99,32.44,空头,20.524,22.121,,
2026-09-25,表格,ES,Eversource Energy (D/B/A),63.67,-0.2,2867400,1.24,26.23,空头,67.361,70.228,,
2026-09-25,表格,EBAY,eBay Inc.,107.9,0.06,2858700,0.53,50.75,多头,107.777,107.697,,
2026-09-25,表格,BAM,Brookfield Asset Management Inc,44.59,0.02,2857800,1.11,29.98,空头,47.079,49.175,,
2026-09-25,表格,NWSA,News Corporation,28.49,0.18,2835200,0.6,39.15,空头,29.48,29.156,,
2026-09-25,表格,FRO,Frontline Plc,47.73,-0.5,2831800,0.73,61.88,空头,46.235,41.025,,
2026-09-25,表格,OVV,Ovintiv Inc. (DE),60.13,-0.63,2830800,0.86,41.46,空头,62.367,62.528,,
2026-09-25,表格,PGR,Progressive Corporation (The),205.5,1.65,2826800,1.11,38.04,空头,212.77,214.143,,
2026-09-25,表格,WEC,"WEC Energy Group, Inc.",101.45,0.55,2812200,1.1,33.46,空头,104.216,107.398,,
2026-09-25,表格,EL,"Estee Lauder Companies, Inc. (T",94.47,-0.94,2798600,0.89,46.45,多头,96.811,92.484,,
2026-09-25,表格,STX,Seagate Technology Holdings PLC,916.83,1.2,2797000,0.72,58.63,多头,862.681,849.095,,
2026-09-25,表格,BWA,BorgWarner Inc.,61.32,4.86,2769700,1.29,42.91,空头,63.184,64.686,,
2026-09-25,表格,FNF,"Fidelity National Financial, In",41.42,1.47,2752200,1.06,28.48,空头,43.615,47.078,,
2026-09-25,表格,TAK,Takeda Pharmaceutical Company L,18.86,1.45,2737700,1.23,60.22,多头,18.54,17.902,,
2026-09-25,表格,SRE,DBA Sempra,77.93,0.24,2735000,0.67,31.45,空头,81.341,84.754,,
2026-09-25,表格,UL,Unilever PLC,62.54,0.47,2724500,0.82,48.09,空头,62.771,62.984,,
2026-09-25,表格,AHR,"American Healthcare REIT, Inc.",52.02,-0.55,2723300,0.87,36.9,空头,53.347,54.987,,
2026-09-25,表格,TWST,Twist Bioscience Corporation,182.83,-0.65,2706200,1.43,73.36,多头,150.869,126.277,,
2026-09-25,表格,GDDY,GoDaddy Inc.,97.14,-3.64,2705600,1.02,48.9,多头,98.59,96.285,,
2026-09-25,表格,LNT,Alliant Energy Corporation,63.6,0.46,2704900,1.2,25.38,空头,66.182,69.035,,
2026-09-25,表格,CDNS,"Cadence Design Systems, Inc.",326.13,1.28,2697000,1.01,61.27,多头,304.054,318.375,,
2026-09-25,表格,RCL,Royal Caribbean Cruises Ltd.,242.7,1.56,2691600,0.95,35.11,空头,255.0,282.876,,
2026-09-25,表格,MKC,"McCormick & Company, Incorporat",47.94,0.25,2687400,0.87,30.17,空头,50.468,52.211,,
2026-09-25,表格,INSM,Insmed Incorporated,117.83,-3.06,2672700,1.3,43.92,空头,122.091,119.233,,
2026-09-25,表格,EOG,"EOG Resources, Inc.",140.35,-1.76,2671000,0.78,42.71,空头,144.382,144.606,,
2026-09-25,表格,CLX,Clorox Company (The),83.8,2.44,2633900,0.73,34.16,空头,89.074,96.667,,
2026-09-25,表格,HUT,Hut 8 Corp.,96.82,-4.65,2631400,0.56,52.24,多头,95.013,93.526,,
2026-09-25,表格,NRG,"NRG Energy, Inc.",100.37,2.58,2618700,0.95,35.14,空头,107.646,117.957,,
2026-09-25,表格,UBS,UBS Group AG Registered,49.67,2.5,2612900,1.21,38.83,空头,51.54,52.894,,
2026-09-25,表格,A,"Agilent Technologies, Inc.",172.79,-0.03,2582100,0.99,75.14,多头,157.643,148.747,,
2026-09-25,表格,AFRM,"Affirm Holdings, Inc.",71.52,-0.07,2568100,0.4,47.93,多头,71.946,73.79,,
2026-09-25,表格,AMKR,"Amkor Technology, Inc.",53.61,1.75,2555100,0.62,54.69,多头,51.031,52.768,,
2026-09-25,表格,PLD,"Prologis, Inc.",133.05,-0.58,2543100,0.77,37.55,多头,135.702,139.455,,
2026-09-25,表格,ABBV,AbbVie Inc.,264.34,-0.29,2540400,0.61,58.58,多头,261.257,257.048,,
2026-09-25,表格,EXE,Expand Energy Corporation,86.84,-2.01,2536100,0.8,32.34,空头,91.414,93.285,,
2026-09-25,表格,DECK,Deckers Outdoor Corporation,78.67,-0.01,2526800,0.75,35.8,空头,81.842,90.184,,
2026-09-25,表格,GLPI,"Gaming and Leisure Properties, ",38.79,0.67,2525900,0.55,32.25,空头,40.278,41.989,,
2026-09-25,表格,SGI,Somnigroup International Inc.,63.95,2.63,2520700,0.64,45.67,空头,64.984,66.385,,
2026-09-25,表格,RVMD,"Revolution Medicines, Inc.",204.97,2.56,2520300,1.2,54.45,多头,200.821,200.34,,
2026-09-25,表格,MMM,3M Company,169.55,1.21,2516200,0.88,50.88,多头,168.461,173.033,,
2026-09-25,表格,TSN,"Tyson Foods, Inc.",50.92,-0.43,2512200,0.65,33.04,空头,52.821,55.574,,
2026-09-25,表格,FTNT,"Fortinet, Inc.",173.46,-2.92,2507400,0.53,57.58,多头,168.508,161.565,,
2026-09-25,表格,ICE,Intercontinental Exchange Inc.,154.31,-1.67,2506300,0.77,47.26,多头,155.922,153.823,,
2026-09-25,表格,DG,Dollar General Corporation,124.84,1.89,2506100,0.89,51.08,空头,124.225,124.376,,
2026-09-25,表格,TCOM,Trip.com Group Limited,39.43,-1.52,2498100,0.58,33.13,空头,41.103,43.588,,
2026-09-25,表格,ISRG,"Intuitive Surgical, Inc.",405.18,1.42,2496000,1.05,65.38,多头,385.625,373.93,,
2026-09-25,表格,BBY,"Best Buy Co., Inc.",90.51,-0.54,2486100,0.57,53.52,多头,89.904,86.534,,
2026-09-25,表格,VOD,Vodafone Group Plc,16.62,0.79,2481700,0.78,49.6,空头,16.753,16.265,,
2026-09-25,表格,SYF,Synchrony Financial,72.94,1.94,2467500,0.81,40.12,空头,75.158,76.75,,
2026-09-25,表格,ADI,"Analog Devices, Inc.",393.6,2.87,2457900,0.71,62.59,多头,374.861,372.458,,
2026-09-25,表格,AMCR,Amcor plc,42.51,0.97,2446000,0.71,42.28,空头,43.313,44.64,,
2026-09-25,表格,ALC,Alcon Inc.,64.47,-0.14,2442200,1.58,31.08,空头,67.299,69.893,,
2026-09-25,表格,AEE,Ameren Corporation,99.39,0.19,2427000,1.55,25.27,空头,103.186,106.669,,
2026-09-25,表格,VTR,"Ventas, Inc.",86.59,-0.28,2424300,0.63,33.15,空头,88.744,91.872,,
2026-09-25,表格,HBM,Hudbay Minerals Inc.,26.63,0.57,2403600,0.62,48.49,空头,26.932,26.224,,
2026-09-25,表格,HMY,Harmony Gold Mining Company Lim,18.97,2.26,2389000,0.52,46.14,空头,19.602,18.95,,
2026-09-25,表格,SMTC,Semtech Corporation,182.3,4.47,2382800,0.72,63.06,多头,162.114,140.95,,
2026-09-25,表格,MA,Mastercard Incorporated,567.65,0.28,2373100,0.91,48.6,空头,569.429,568.823,,
2026-09-25,表格,SYK,Stryker Corporation,272.36,0.97,2337200,0.75,32.14,空头,287.434,315.293,,
2026-09-25,表格,XYL,Xylem Inc.,102.63,-0.03,2330500,0.86,30.38,空头,107.899,113.692,,
2026-09-25,表格,PAAS,Pan American Silver Corp.,48.04,1.12,2315200,0.61,45.58,空头,49.519,48.592,,
2026-09-25,表格,WELL,Welltower Inc.,231.37,-0.96,2306700,0.83,44.94,多头,233.818,236.853,,
2026-09-25,表格,YUM,"Yum! Brands, Inc.",138.63,0.94,2306200,1.02,40.73,空头,142.689,147.152,,
2026-09-25,表格,APG,APi Group Corporation,38.46,1.67,2299500,0.61,46.79,空头,38.443,39.955,,
2026-09-25,表格,SONY,Sony Group Corporation,23.55,2.44,2299000,0.61,49.12,空头,23.662,23.332,,
2026-09-25,表格,LI,Li Auto Inc.,11.5,-2.38,2289500,0.79,40.8,空头,11.939,12.366,,
2026-09-25,表格,HONA,Honeywell Aerospace Inc.,158.78,0.2,2285000,0.54,48.78,空头,162.881,174.352,,
2026-09-25,表格,CF,"CF Industries Holdings, Inc.",114.67,-3.18,2271700,0.82,34.12,空头,126.22,125.092,,
2026-09-25,表格,CP,Canadian Pacific Kansas City Li,86.91,-0.25,2266500,1.05,38.93,多头,89.001,91.001,,
2026-09-25,表格,DKS,Dick's Sporting Goods Inc,136.43,2.39,2262200,0.62,43.69,多头,136.976,167.83,,
2026-09-25,表格,GFI,Gold Fields Limited,40.38,1.2,2258000,0.66,42.68,空头,42.546,40.045,,
2026-09-25,表格,NDAQ,"Nasdaq, Inc.",93.55,-1.06,2255000,0.7,48.25,多头,93.996,94.603,,
2026-09-25,表格,CLS,"Celestica, Inc.",365.44,-2.17,2251500,1.0,61.42,多头,336.747,325.673,,
2026-09-25,表格,BIDU,"Baidu, Inc.",87.33,-0.85,2235600,0.85,34.95,空头,92.119,99.134,,
2026-09-25,表格,DOCU,"DocuSign, Inc.",67.5,-2.16,2224200,0.57,54.36,空头,66.946,61.38,,
2026-09-25,表格,SNY,Sanofi,41.11,0.42,2216900,0.92,31.82,空头,42.775,43.704,,
2026-09-25,表格,AMGN,Amgen Inc.,414.61,2.11,2213100,0.73,56.55,多头,402.944,403.541,,
2026-09-25,表格,CME,CME Group Inc.,264.48,-1.65,2201500,1.14,41.35,空头,272.413,267.876,,
2026-09-25,表格,HWM,Howmet Aerospace Inc.,232.48,1.35,2192900,0.53,39.96,空头,238.196,263.065,,
2026-09-25,表格,WRB,W.R. Berkley Corporation,66.82,-0.7,2185800,0.59,33.85,空头,68.938,70.422,,
2026-09-25,表格,TECH,Bio-Techne Corp,72.61,0.06,2176000,0.75,65.96,多头,72.356,72.166,,
2026-09-25,表格,SNPS,"Synopsys, Inc.",425.76,0.2,2170900,1.08,59.8,多头,404.293,400.705,,
2026-09-25,表格,PUK,Prudential Public Limited Compa,25.25,-0.2,2166700,2.15,31.53,空头,26.443,27.67,,
2026-09-25,表格,GFL,GFL Environmental Inc. Subordin,42.27,1.15,2161400,0.72,51.73,多头,42.146,41.393,,
2026-09-25,表格,GPN,Global Payments Inc.,86.49,1.38,2159300,0.88,47.2,空头,87.287,87.611,,
2026-09-25,表格,ING,"ING Group, N.V.",36.55,1.22,2139700,1.24,55.1,空头,36.278,35.192,,
2026-09-25,表格,MPLX,MPLX LP,56.8,-2.04,2129000,1.65,35.81,空头,58.71,58.469,,
2026-09-25,表格,RIO,Rio Tinto Plc,94.56,0.1,2126000,1.22,37.27,空头,98.107,97.626,,
2026-09-25,表格,MAIR,Madison Air Solutions Corporati,25.16,3.24,2119500,0.86,44.8,多头,25.356,28.507,,
2026-09-25,表格,TMO,Thermo Fisher Scientific Inc,675.0,-0.5,2097500,0.98,72.57,多头,639.78,603.885,,
2026-09-25,表格,CAH,"Cardinal Health, Inc.",220.22,-1.08,2092900,1.19,32.56,空头,229.714,232.726,,
2026-09-25,表格,BBIO,"BridgeBio Pharma, Inc.",65.57,-1.07,2090200,0.8,28.17,空头,70.912,77.873,,
2026-09-25,表格,DINO,HF Sinclair Corporation,106.82,0.97,2084400,0.72,55.37,空头,106.248,97.294,,
2026-09-25,表格,BTSG,"BrightSpring Health Services, I",56.59,1.02,2080100,0.81,42.17,空头,58.247,61.84,,
2026-09-25,表格,TTWO,"Take-Two Interactive Software, ",201.44,-0.76,2076300,0.7,32.61,空头,213.802,229.336,,
2026-09-25,表格,FWONK,Liberty Media Corporation - Ser,94.61,-0.49,2068300,0.93,42.34,空头,96.256,99.055,,
2026-09-25,表格,EXPE,"Expedia Group, Inc.",264.17,0.92,2063500,0.88,35.69,空头,284.53,297.686,,
2026-09-25,表格,AMT,American Tower Corporation (REI,169.03,1.06,2054800,0.81,40.54,空头,173.657,173.071,,
2026-09-25,表格,WSE,Wise Group plc,11.55,2.21,2044800,1.25,39.15,空头,11.95,12.345,,
2026-09-25,表格,CG,The Carlyle Group Inc.,40.03,1.55,2039900,0.62,31.76,空头,42.572,45.752,,
2026-09-25,表格,RTO,Rentokil Initial plc,20.64,0.44,2032900,1.13,21.08,空头,22.205,24.25,,
2026-09-25,表格,FDX,FedEx Corporation,285.85,2.26,2025500,1.26,31.86,空头,304.33,314.975,,
2026-09-25,表格,SE,Sea Limited,99.55,-1.17,2025200,0.57,34.76,空头,106.314,110.965,,
2026-09-25,表格,BUD,Anheuser-Busch Inbev SA Sponsor,78.0,0.75,2019200,0.79,45.15,空头,78.628,80.303,,
2026-09-25,表格,RBA,"RB Global, Inc.",82.49,0.04,2009000,1.18,38.53,多头,84.284,92.089,,
2026-09-25,表格,TSEM,Tower Semiconductor Ltd.,230.47,6.07,2008800,1.06,54.15,多头,220.239,225.397,,
2026-09-25,表格,DLTR,"Dollar Tree, Inc.",114.07,0.5,2007200,0.65,38.43,空头,118.474,125.018,,
2026-09-25,表格,BG,Bunge Limited,109.0,-1.1,2004600,0.99,38.14,空头,115.279,114.85,,
2026-09-25,表格,BRO,"Brown & Brown, Inc.",60.82,0.81,1999600,0.93,28.01,空头,65.853,69.237,,
2026-09-25,表格,EQH,"Equitable Holdings, Inc.",53.84,2.34,1992700,0.62,60.65,空头,52.56,50.838,,
2026-09-25,表格,SMFG,Sumitomo Mitsui Financial Group,26.61,4.31,1992500,1.46,53.47,空头,26.287,25.924,,
2026-09-25,表格,ALB,Albemarle Corporation,109.73,1.37,1989800,0.77,37.29,空头,118.463,123.737,,
2026-09-25,表格,EXEL,"Exelixis, Inc.",58.16,0.36,1989500,0.92,56.09,多头,57.09,55.563,,
2026-09-25,表格,CBRE,CBRE Group Inc,134.55,-1.45,1980400,1.03,37.21,空头,141.02,144.811,,
2026-09-25,表格,CCJ,Cameco Corporation,88.07,-0.06,1978300,0.68,36.41,空头,94.017,94.766,,
2026-09-25,表格,SF,Stifel Financial Corporation,70.35,0.63,1977500,1.6,23.7,空头,76.215,79.993,,
2026-09-25,表格,HALO,"Halozyme Therapeutics, Inc.",113.9,-1.15,1958300,0.88,64.13,多头,109.498,99.744,,
2026-09-25,表格,ZM,"Zoom Communications, Inc.",89.71,-0.71,1956900,0.63,38.63,空头,93.869,96.993,,
2026-09-25,表格,GS,"Goldman Sachs Group, Inc. (The)",935.45,1.32,1955500,0.95,36.46,空头,976.587,1017.464,,
2026-09-25,表格,DOCN,"DigitalOcean Holdings, Inc.",139.75,-1.29,1950500,0.68,58.72,多头,130.322,124.012,,
2026-09-25,表格,BALL,Ball Corporation,56.83,0.3,1948300,0.97,27.03,空头,60.225,62.205,,
2026-09-25,表格,EMR,Emerson Electric Company,158.23,1.34,1940600,0.87,60.99,多头,152.592,152.601,,
2026-09-25,表格,RVTY,"Revvity, Inc.",151.11,0.29,1940500,0.88,73.69,多头,137.116,123.687,,
2026-09-25,表格,HUM,Humana Inc.,397.93,4.63,1938500,2.11,55.95,多头,388.507,386.736,,
2026-09-25,表格,MPC,Marathon Petroleum Corporation,393.52,0.66,1937800,0.61,56.46,空头,390.635,356.174,,
2026-09-25,表格,DTE,DTE Energy Company,121.44,0.21,1937500,1.17,17.78,空头,129.128,136.207,,
2026-09-25,表格,CEG,Constellation Energy Corporatio,263.27,0.63,1928800,0.67,43.87,空头,269.431,271.756,,
2026-09-25,表格,FROG,JFrog Ltd.,89.18,-5.33,1928800,0.98,46.98,多头,91.492,88.882,,
2026-09-25,表格,LLY,Eli Lilly and Company,1183.46,0.13,1923200,0.81,55.75,多头,1162.303,1176.735,,
2026-09-25,表格,ED,"Consolidated Edison, Inc.",103.1,0.38,1921700,0.95,36.35,空头,105.417,107.51,,
2026-09-25,表格,TRU,TransUnion,69.17,2.41,1919400,0.8,31.54,空头,75.143,79.023,,
2026-09-25,表格,AZN,AstraZeneca PLC,166.58,1.23,1918300,0.62,54.23,多头,164.263,164.026,,
2026-09-25,表格,ELS,"Equity Lifestyle Properties, In",59.23,0.38,1917400,1.22,32.41,空头,60.741,63.096,,
2026-09-25,表格,DRI,"Darden Restaurants, Inc.",199.75,-3.61,1913200,1.57,37.51,空头,211.019,211.637,,
2026-09-25,表格,FTI,TechnipFMC plc,70.99,0.06,1900000,0.63,38.09,空头,73.654,74.536,,
2026-09-25,表格,PNC,"PNC Financial Services Group, I",225.64,1.03,1899900,1.13,30.65,空头,235.308,244.928,,
2026-09-25,表格,DXCM,"DexCom, Inc.",86.62,-0.97,1891000,0.47,48.66,多头,87.41,85.132,,
2026-09-25,表格,TPR,"Tapestry, Inc.",113.88,1.57,1890900,0.56,35.77,空头,118.371,132.721,,
2026-09-25,表格,LNG,"Cheniere Energy, Inc.",268.54,-2.8,1887800,0.83,44.04,多头,274.677,271.532,,
2026-09-25,表格,TEAM,Atlassian Corporation,187.74,-2.53,1884300,0.52,57.18,多头,184.636,154.302,,
2026-09-25,表格,WPM,Wheaton Precious Metals Corp,142.92,-0.67,1883400,1.02,46.1,空头,148.087,137.061,,
2026-09-25,表格,W,Wayfair Inc.,98.15,0.49,1881600,0.77,46.03,空头,101.002,98.88,,
2026-09-25,表格,ADSK,"Autodesk, Inc.",209.4,-0.92,1877400,0.76,36.77,空头,223.355,233.679,,
2026-09-25,表格,RPRX,Royalty Pharma plc,58.21,-0.14,1869500,0.56,42.77,空头,59.208,59.362,,
2026-09-25,表格,APO,"Apollo Global Management, Inc. ",121.69,0.83,1863900,0.7,37.18,空头,127.169,128.694,,
2026-09-25,表格,VLTO,Veralto Corp,97.14,0.98,1850500,1.06,55.42,多头,96.061,96.224,,
2026-09-25,表格,HON,Honeywell International Inc.,212.55,0.36,1827400,0.57,49.34,多头,210.999,223.244,,
2026-09-25,表格,UNP,Union Pacific Corporation,273.79,-0.1,1821900,0.73,33.5,空头,282.823,292.041,,
2026-09-25,表格,CI,The Cigna Group,272.01,2.45,1821800,1.24,44.53,空头,276.285,279.239,,
2026-09-25,表格,MAS,Masco Corporation,68.85,2.29,1820800,0.77,44.74,空头,69.657,72.964,,
2026-09-25,表格,BMRN,BioMarin Pharmaceutical Inc.,60.26,-1.78,1791300,0.92,33.28,空头,63.952,63.989,,
2026-09-25,表格,ZBH,"Zimmer Biomet Holdings, Inc.",91.04,1.51,1788000,0.89,39.37,空头,94.77,96.082,,
2026-09-25,表格,NTNX,"Nutanix, Inc.",68.03,-0.82,1772600,0.65,53.92,空头,67.93,64.312,,
2026-09-25,表格,BJ,"BJ's Wholesale Club Holdings, I",93.79,2.12,1768200,1.14,53.66,空头,92.356,93.601,,
2026-09-25,表格,BBVA,Banco Bilbao Vizcaya Argentaria,28.87,1.4,1759900,1.49,52.63,空头,28.704,28.181,,
2026-09-25,表格,WM,"Waste Management, Inc.",206.83,-0.54,1753400,0.76,29.96,空头,213.513,222.281,,
2026-09-25,表格,VEEV,Veeva Systems Inc.,280.68,2.12,1735900,0.88,67.18,多头,264.756,241.673,,
2026-09-25,表格,FANG,"Diamondback Energy, Inc.",186.67,-1.24,1733300,0.52,38.96,空头,195.433,198.751,,
2026-09-25,表格,EC,Ecopetrol S.A.,16.58,1.28,1733100,1.08,42.79,空头,17.135,16.997,,
2026-09-25,表格,ALL,Allstate Corporation (The),227.6,0.19,1716500,0.84,27.96,空头,245.62,255.761,,
2026-09-25,表格,ROST,"Ross Stores, Inc.",236.12,0.31,1712900,0.83,55.9,多头,231.941,237.595,,
2026-09-25,表格,RMBS,"Rambus, Inc.",105.16,0.58,1710000,0.62,65.3,多头,93.543,93.202,,
2026-09-25,表格,ROKU,"Roku, Inc.",152.68,-0.42,1708000,0.75,44.8,空头,154.456,152.314,,
2026-09-25,表格,EVRG,"Evergy, Inc.",78.04,0.49,1706500,0.75,33.08,空头,80.165,82.08,,
2026-09-25,表格,FTV,Fortive Corporation,56.09,1.17,1702800,0.72,44.94,空头,56.442,58.86,,
2026-09-25,表格,WPC,W. P. Carey Inc. REIT,66.09,0.21,1701500,1.1,27.52,空头,68.124,71.109,,
2026-09-25,表格,VMC,Vulcan Materials Company (Holdi,245.0,1.37,1700300,1.47,37.15,多头,252.575,268.535,,
2026-09-25,表格,TRMB,Trimble Inc.,57.85,0.28,1684800,0.46,48.21,空头,58.303,57.668,,
2026-09-25,表格,DOV,Dover Corporation,191.88,2.12,1677200,1.22,47.5,多头,191.361,199.312,,
2026-09-25,表格,TXT,Textron Inc.,76.59,0.75,1676700,0.88,30.62,空头,79.802,84.58,,
2026-09-25,表格,HIG,"The Hartford Insurance Group, I",124.23,-1.16,1671700,1.05,23.59,空头,132.614,137.512,,
2026-09-25,表格,BNS,Bank Nova Scotia Halifax Pfd 3,93.48,1.36,1668600,0.95,54.72,空头,92.819,90.528,,
2026-09-25,表格,AFL,AFLAC Incorporated,113.72,-0.25,1657800,0.7,36.87,空头,116.056,119.678,,
2026-09-25,表格,DB,Deutsche Bank AG,36.57,2.67,1654800,0.86,39.05,空头,38.26,38.013,,
2026-09-25,表格,LHX,"L3Harris Technologies, Inc.",237.69,-0.15,1646600,0.99,23.81,空头,250.398,268.992,,
2026-09-25,表格,CNI,Canadian National Railway Compa,120.93,0.84,1644700,1.14,46.32,多头,121.287,124.577,,
2026-09-25,表格,USFD,US Foods Holding Corp.,93.33,-0.52,1640800,0.64,30.95,多头,97.098,101.565,,
2026-09-25,表格,TTMI,"TTM Technologies, Inc.",129.17,1.72,1639700,0.91,55.82,多头,122.666,124.526,,
2026-09-25,表格,AON,Aon plc,277.99,0.69,1633000,0.75,24.83,空头,304.572,337.487,,
2026-09-25,表格,AMX,"America Movil, S.A.B. de C.V.",22.03,-0.09,1621100,0.6,26.88,空头,22.777,23.813,,
2026-09-25,表格,LIN,Linde plc,469.89,0.37,1618600,0.82,46.69,多头,469.958,482.979,,
2026-09-25,表格,CIEN,Ciena Corporation,356.91,-0.42,1616900,0.58,48.13,多头,357.323,376.867,,
2026-09-25,表格,NTRA,"Natera, Inc.",412.56,0.92,1612400,1.15,83.74,多头,359.357,316.504,,
2026-09-25,表格,TER,"Teradyne, Inc.",398.38,2.75,1605600,0.63,58.12,多头,372.542,368.898,,
2026-09-25,表格,TOL,"Toll Brothers, Inc.",137.34,1.04,1596700,1.58,46.43,多头,137.784,144.404,,
2026-09-25,表格,TXRH,"Texas Roadhouse, Inc.",159.75,-1.11,1578700,1.54,17.42,空头,175.646,192.763,,
2026-09-25,表格,GH,"Guardant Health, Inc.",177.25,0.45,1578400,0.84,59.43,多头,171.01,162.756,,
2026-09-25,表格,ARES,Ares Management Corporation,122.01,1.58,1575600,0.72,36.39,空头,128.463,132.46,,
2026-09-25,表格,GMED,"Globus Medical, Inc.",74.52,0.34,1563400,1.06,39.1,多头,76.348,79.642,,
2026-09-25,表格,HAS,"Hasbro, Inc.",88.09,1.47,1562000,1.01,41.77,多头,89.568,91.348,,
2026-09-25,表格,TTE,TotalEnergies SE,90.94,-1.03,1557300,1.0,53.95,空头,90.426,88.242,,
2026-09-25,表格,SAP,SAP  SE,210.68,0.75,1557200,0.76,52.13,空头,210.704,200.864,,
2026-09-25,表格,IFF,International Flavors & Fragran,85.69,-0.19,1554000,0.93,56.91,空头,84.625,82.847,,
2026-09-25,表格,FER,Ferrovial N.V.,55.83,0.81,1540700,1.09,38.6,多头,56.877,60.908,,
2026-09-25,表格,HLT,Hilton Worldwide Holdings Inc.,313.96,0.59,1532700,0.91,51.38,多头,311.285,317.866,,
2026-09-25,表格,FDXF,"FedEx Freight Holding Company, ",113.18,-0.55,1531500,0.91,30.78,空头,123.857,135.72,,
2026-09-25,表格,WCN,"Waste Connections, Inc.",155.56,-0.24,1524400,1.36,32.13,多头,159.21,164.477,,
2026-09-25,表格,CB,Chubb Limited,333.37,-0.44,1522400,0.95,38.73,空头,338.654,344.085,,
2026-09-25,表格,JBHT,"J.B. Hunt Transport Services, I",225.46,-1.61,1517700,1.3,27.67,空头,249.547,266.897,,
2026-09-25,表格,ITT,ITT Inc.,206.26,-3.6,1511300,1.95,51.89,多头,204.93,203.739,,
2026-09-25,表格,BF-B,Brown Forman Inc,26.16,0.62,1504800,0.56,45.54,多头,26.478,27.102,,
2026-09-25,表格,FTAI,FTAI Aviation Ltd.,175.06,0.3,1503000,1.08,38.19,空头,188.928,202.147,,
2026-09-25,表格,WMG,Warner Music Group Corp.,27.14,-0.55,1502900,0.8,43.99,空头,27.768,27.296,,
2026-09-25,表格,RGEN,Repligen Corporation,189.68,-0.51,1502400,1.52,67.55,多头,177.307,165.017,,
2026-09-25,表格,AJG,Arthur J. Gallagher & Co.,231.1,1.75,1497300,1.07,36.89,空头,242.821,251.174,,
2026-09-25,表格,PNW,Pinnacle West Capital Corporati,91.74,0.72,1492400,1.51,25.82,空头,95.07,98.975,,
2026-09-25,表格,PPG,"PPG Industries, Inc.",107.52,1.13,1488800,0.89,45.94,空头,107.921,111.943,,
2026-09-25,表格,DLR,"Digital Realty Trust, Inc.",178.61,-1.32,1483300,0.7,41.08,多头,183.95,187.16,,
2026-09-25,表格,RCI,"Rogers Communication, Inc.",31.91,-1.08,1475900,1.29,25.04,空头,34.742,34.972,,
2026-09-25,表格,BDX,"Becton, Dickinson and Company",183.82,2.56,1472800,0.8,54.98,空头,181.802,176.788,,
2026-09-25,表格,UNM,Unum Group,92.09,1.08,1471400,0.73,47.4,空头,93.282,91.037,,
2026-09-25,表格,GD,General Dynamics Corporation,336.72,0.13,1463100,1.22,23.18,空头,355.613,373.523,,
2026-09-25,表格,STZ,"Constellation Brands, Inc.",113.63,-0.51,1456900,0.6,24.66,空头,122.116,128.74,,
2026-09-25,表格,NXT,Nextpower Inc.,80.85,1.1,1454800,0.69,41.9,空头,83.45,91.071,,
2026-09-25,表格,BURL,"Burlington Stores, Inc.",254.69,-0.05,1449500,0.76,40.29,多头,260.182,309.573,,
2026-09-25,表格,NVT,nVent Electric plc,164.41,0.94,1442800,0.56,57.94,多头,157.554,156.8,,
2026-09-25,表格,SNX,TD SYNNEX Corporation,263.03,1.37,1440900,1.51,49.87,空头,264.993,256.876,,
2026-09-25,表格,EGO,Eldorado Gold Corporation,41.92,-0.5,1427300,0.45,49.72,多头,42.474,39.361,,
2026-09-25,表格,NTAP,"NetApp, Inc.",201.15,1.98,1425900,0.55,60.17,多头,193.098,187.469,,
2026-09-25,表格,STT,State Street Corporation,181.34,0.14,1424200,0.74,40.06,空头,185.444,186.896,,
2026-09-25,表格,ETN,"Eaton Corporation, PLC",439.98,-0.0,1416900,0.68,59.19,多头,422.206,418.799,,
2026-09-25,表格,TT,Trane Technologies plc,454.44,3.63,1406000,1.38,58.18,多头,440.71,455.232,,
2026-09-25,表格,QRVO,"Qorvo, Inc.",117.97,1.4,1386500,0.96,63.41,空头,111.235,99.899,,
2026-09-25,表格,MDB,"MongoDB, Inc.",410.44,-2.6,1381100,0.67,53.68,多头,400.529,386.02,,
2026-09-25,表格,XPO,"XPO, Inc.",173.17,-1.67,1379700,1.27,34.19,空头,181.75,194.722,,
2026-09-25,表格,SNN,"Smith & Nephew SNATS, Inc.",26.91,0.86,1377500,0.73,33.69,空头,27.901,29.354,,
2026-09-25,表格,MT,Arcelor Mittal NY Registry Shar,70.7,-0.84,1375900,1.23,41.69,空头,73.231,72.313,,
2026-09-25,表格,OHI,"Omega Healthcare Investors, Inc",46.28,-0.11,1373700,0.67,43.18,空头,46.753,47.624,,
2026-09-25,表格,RELX,RELX PLC PLC,33.52,0.03,1373300,0.66,43.83,空头,34.217,34.902,,
2026-09-25,表格,TEL,TE Connectivity plc,218.59,2.3,1370500,0.68,62.77,多头,209.028,207.62,,
2026-09-25,表格,MTZ,"MasTec, Inc.",212.85,0.42,1360600,0.9,35.4,多头,230.429,265.901,,
2026-09-25,表格,MAR,Marriott International,352.03,0.15,1353100,0.84,57.35,多头,344.293,352.455,,
2026-09-25,表格,GEV,GE Vernova Inc.,957.63,0.27,1352300,0.6,51.79,多头,944.332,972.905,,
2026-09-25,表格,JBL,Jabil Inc.,316.74,1.95,1334600,1.21,53.9,多头,308.953,317.575,,
2026-09-25,表格,VRSK,"Verisk Analytics, Inc.",169.21,0.33,1330600,1.1,36.69,空头,177.778,186.695,,
2026-09-25,表格,HSBC,"HSBC Holdings, plc.",100.95,0.78,1326800,1.01,43.89,空头,102.569,103.234,,
2026-09-25,表格,MOD,Modine Manufacturing Company,198.07,0.57,1320600,1.09,54.35,多头,191.178,198.644,,
2026-09-25,表格,SPGI,S&P Global Inc.,403.3,0.01,1316700,0.72,40.29,空头,413.518,421.067,,
2026-09-25,表格,CCEP,Coca-Cola Europacific Partners ,101.73,1.42,1301600,0.73,43.89,空头,103.185,106.145,,
2026-09-25,表格,IRM,Iron Mountain Incorporated (Del,111.38,-2.38,1300100,0.76,40.1,空头,115.22,119.543,,
2026-09-25,表格,SN,"SharkNinja, Inc.",177.74,0.45,1295200,0.57,56.57,多头,172.298,172.199,,
2026-09-25,表格,MLI,"Mueller Industries, Inc.",60.52,0.83,1287500,0.69,43.41,空头,61.216,63.422,,
2026-09-25,表格,YUMC,"Yum China Holdings, Inc.",40.47,-1.27,1271700,0.89,28.42,空头,42.512,44.828,,
2026-09-25,表格,ENTG,"Entegris, Inc.",151.89,2.19,1251400,0.57,59.62,多头,142.155,139.534,,
2026-09-25,表格,WTRG,"Essential Utilities, Inc.",39.53,-0.53,1244500,0.47,36.75,空头,40.727,40.359,,
2026-09-25,表格,PFG,Principal Financial Group Inc,114.77,0.54,1242100,0.81,51.71,多头,114.624,112.889,,
2026-09-25,表格,ODFL,"Old Dominion Freight Line, Inc.",173.3,-0.93,1240500,0.66,28.94,多头,182.648,201.902,,
2026-09-25,表格,PHM,"PulteGroup, Inc.",119.85,1.41,1238000,0.77,45.93,多头,120.901,125.545,,
2026-09-25,表格,WES,"Western Midstream Partners, LP",45.6,0.55,1237700,1.51,36.04,空头,47.149,47.465,,
2026-09-25,表格,AEM,Agnico Eagle Mines Limited,194.48,0.31,1234000,0.57,48.84,空头,197.491,183.309,,
2026-09-25,表格,AWK,"American Water Works Company, I",130.91,-0.47,1232500,0.63,32.63,空头,135.793,135.948,,
2026-09-25,表格,ARMK,Aramark,54.92,1.1,1230300,0.53,36.91,空头,56.831,57.636,,
2026-09-25,表格,FERG,Ferguson Enterprises Inc.,222.74,1.17,1228000,0.9,47.24,多头,222.718,232.073,,
2026-09-25,表格,EHC,Encompass Health Corporation,123.47,1.2,1223300,1.48,58.55,空头,121.859,119.434,,
2026-09-25,表格,KEYS,Keysight Technologies Inc.,362.15,1.29,1221900,1.11,66.29,多头,337.212,329.463,,
2026-09-25,表格,ELV,"Elevance Health, Inc.",396.09,-0.54,1219200,1.03,44.17,空头,404.339,395.385,,
2026-09-25,表格,TRI,Thomson Reuters Corp,98.99,-1.33,1212700,0.77,48.26,空头,100.025,100.579,,
2026-09-25,表格,ADP,"Automatic Data Processing, Inc.",263.67,0.21,1210300,0.54,41.19,空头,270.124,268.796,,
2026-09-25,表格,INCY,Incyte Corporation,123.89,-0.44,1209900,0.81,48.98,多头,124.697,123.244,,
2026-09-25,表格,CDW,CDW Corporation,135.43,-2.89,1206400,0.73,39.1,空头,145.081,141.974,,
2026-09-25,表格,MAA,Mid-America Apartment Communiti,118.35,0.93,1192600,1.05,26.92,空头,123.156,129.324,,
2026-09-25,表格,PFGC,Performance Food Group Company,91.55,1.36,1187900,0.79,33.9,多头,94.737,103.639,,
2026-09-25,表格,AU,AngloGold Ashanti PLC,99.03,0.55,1181700,0.47,44.08,空头,102.893,97.862,,
2026-09-25,表格,TKO,"TKO Group Holdings, Inc.",182.67,-1.29,1181100,1.04,41.03,空头,188.572,187.932,,
2026-09-25,表格,GNRC,Generac Holdlings Inc.,208.14,5.09,1176100,0.75,57.07,多头,196.834,201.174,,
2026-09-25,表格,SWK,"Stanley Black & Decker, Inc.",91.4,1.36,1171300,0.69,46.65,多头,91.935,94.661,,
2026-09-25,表格,NBIX,"Neurocrine Biosciences, Inc.",138.4,-0.39,1171000,1.01,25.62,空头,148.895,158.96,,
2026-09-25,表格,NVS,Novartis AG,145.46,1.32,1165700,0.45,48.03,空头,145.083,151.505,,
2026-09-25,表格,CCK,"Crown Holdings, Inc.",108.06,2.23,1160000,1.21,35.54,空头,111.737,116.096,,
2026-09-25,表格,LYV,"Live Nation Entertainment, Inc.",170.87,-0.11,1153200,0.58,43.39,空头,172.521,178.138,,
2026-09-25,表格,CHRW,"C.H. Robinson Worldwide, Inc.",147.1,0.62,1152000,0.81,40.96,空头,150.744,156.467,,
2026-09-25,表格,TW,Tradeweb Markets Inc.,101.19,0.06,1149400,0.88,44.75,空头,102.824,103.322,,
2026-09-25,表格,RRX,Regal Rexnord Corporation,156.18,3.36,1147600,0.92,44.37,多头,157.032,174.616,,
2026-09-25,表格,ATI,ATI Inc.,185.48,-0.39,1141400,0.56,38.41,空头,194.362,202.849,,
2026-09-25,表格,MGA,"Magna International, Inc.",65.0,4.47,1139100,1.0,48.93,空头,64.913,67.017,,
2026-09-25,表格,JAZZ,Jazz Pharmaceuticals plc,237.95,0.71,1129600,1.16,42.44,空头,242.476,248.808,,
2026-09-25,表格,LMT,Lockheed Martin Corporation,519.56,-0.79,1126900,0.98,37.49,空头,535.38,555.057,,
2026-09-25,表格,LPLA,LPL Financial Holdings Inc.,314.36,3.83,1125800,1.52,35.44,空头,333.449,347.851,,
2026-09-25,表格,WDAY,"Workday, Inc.",189.45,-0.81,1119000,0.32,50.23,多头,190.939,180.934,,
2026-09-25,表格,GGG,Graco Inc.,77.86,0.92,1114800,0.43,50.27,多头,77.597,78.993,,
2026-09-25,表格,DE,Deere & Company,690.46,-0.64,1112600,0.82,58.51,多头,677.915,640.853,,
2026-09-25,表格,IQV,"IQVIA Holdings, Inc.",270.37,-1.69,1104700,0.67,60.58,多头,264.577,247.593,,
2026-09-25,表格,MLM,"Martin Marietta Materials, Inc.",484.3,0.87,1104400,1.3,36.09,空头,503.138,528.203,,
2026-09-25,表格,FIVE,"Five Below, Inc.",222.6,0.1,1103200,0.84,38.27,空头,235.834,232.736,,
2026-09-25,表格,REG,Regency Centers Corporation,73.23,0.43,1084800,0.78,38.65,空头,74.014,76.315,,
2026-09-25,表格,ALNY,"Alnylam Pharmaceuticals, Inc.",255.96,2.55,1084500,0.68,55.84,空头,247.464,244.292,,
2026-09-25,表格,HTHT,H World Group Limited,42.0,0.02,1079800,0.78,37.95,空头,43.53,43.343,,
2026-09-25,表格,IT,"Gartner, Inc.",187.9,4.78,1070600,1.0,53.7,多头,184.309,177.172,,
2026-09-25,表格,EXR,Extra Space Storage Inc,133.35,0.85,1061200,0.7,36.24,空头,137.1,142.263,,
2026-09-25,表格,ATO,Atmos Energy Corporation,157.21,0.51,1040400,1.04,27.73,空头,162.088,168.238,,
2026-09-25,表格,COR,"Cencora, Inc.",306.92,-0.95,1038500,0.83,39.52,空头,316.959,317.254,,
2026-09-25,表格,PRU,"Prudential Financial, Inc.",119.45,0.59,1023400,0.64,52.03,空头,118.909,119.79,,
2026-09-25,表格,BWXT,"BWX Technologies, Inc.",138.47,-0.15,1022300,0.94,29.68,空头,149.073,160.078,,
2026-09-25,表格,BXP,"BXP, Inc.",63.4,1.81,1022100,0.74,40.93,空头,64.828,67.493,,
2026-09-25,表格,TROW,"T. Rowe Price Group, Inc.",105.51,1.19,1021300,0.68,44.3,多头,105.996,110.149,,
2026-09-25,表格,HCA,"HCA Healthcare, Inc.",435.61,2.86,1020200,0.66,59.27,多头,423.963,410.357,,
2026-09-25,表格,MFC,Manulife Financial Corporation,43.86,0.85,1020200,0.57,52.96,多头,43.689,43.497,,
2026-09-25,表格,TD,Toronto Dominion Bank (The),120.65,1.17,1018000,0.58,49.33,空头,120.951,120.717,,
2026-09-25,表格,RJF,"Raymond James Financial, Inc.",159.87,0.7,1012100,0.72,32.26,空头,167.432,173.333,,
2026-09-25,表格,GWRE,"Guidewire Software, Inc.",145.56,-3.6,1009100,0.6,40.09,空头,156.779,164.4,,
2026-09-25,表格,ITW,Illinois Tool Works Inc.,274.32,0.85,1007300,0.81,51.81,多头,272.22,279.735,,
2026-09-25,表格,ECL,Ecolab Inc.,279.49,1.5,1006100,0.83,55.04,多头,276.12,277.455,,
2026-09-25,表格,SCI,Service Corporation Internation,77.84,0.12,1005700,1.13,37.89,空头,79.732,81.693,,
2026-09-25,表格,CHD,"Church & Dwight Company, Inc.",96.38,1.1,997600,0.55,47.04,多头,96.544,98.556,,
2026-09-25,表格,HSY,The Hershey Company,166.37,-0.31,989200,0.69,32.82,空头,171.941,176.767,,
2026-09-25,表格,TIGO,Millicom International Cellular,92.63,1.79,988300,1.29,45.84,空头,94.089,94.736,,
2026-09-25,表格,NUE,Nucor Corporation,247.25,-0.29,979900,0.81,44.12,多头,252.718,255.54,,
2026-09-25,表格,MTSI,MACOM Technology Solutions Hold,285.57,0.22,971600,0.73,55.52,多头,272.812,273.768,,
2026-09-25,表格,ICLR,ICON plc,172.33,-0.9,965900,1.02,55.02,多头,168.094,167.326,,
2026-09-25,表格,AER,AerCap Holdings N.V.,149.21,2.61,958200,0.83,60.17,多头,144.538,147.526,,
2026-09-25,表格,BIIB,Biogen Inc.,227.6,0.55,958000,1.05,62.77,多头,219.818,212.957,,
2026-09-25,表格,CHKP,Check Point Software Technologi,131.24,-3.71,949000,0.78,45.76,多头,134.886,132.401,,
2026-09-25,表格,SSNC,"SS&C Technologies Holdings, Inc",78.61,0.14,945800,0.56,43.55,空头,80.145,79.032,,
2026-09-25,表格,EVR,Evercore Inc.,262.91,2.33,944100,1.95,34.76,空头,274.657,297.829,,
2026-09-25,表格,TRGP,"Targa Resources, Inc.",277.84,-1.88,941300,0.83,41.3,空头,285.999,281.673,,
2026-09-25,表格,LDOS,"Leidos Holdings, Inc.",123.61,0.21,939800,0.72,39.32,空头,128.825,128.716,,
2026-09-25,表格,NGG,"National Grid Transco, PLC Nati",75.49,0.35,929200,0.98,37.45,多头,77.032,79.386,,
2026-09-25,表格,FTS,Fortis Inc.,53.09,0.02,927900,1.26,34.64,空头,54.221,55.571,,
2026-09-25,表格,ULS,UL Solutions Inc.,66.05,0.36,926900,1.11,31.91,多头,69.07,76.566,,
2026-09-25,表格,SJM,The J.M. Smucker Company,121.0,-0.54,925100,0.65,45.01,多头,122.845,121.686,,
2026-09-25,表格,NTRS,Northern Trust Corporation,175.73,0.7,924500,0.95,40.02,空头,179.741,182.826,,
2026-09-25,表格,SPG,"Simon Property Group, Inc.",204.82,0.06,913400,0.7,38.5,空头,207.202,215.707,,
2026-09-25,表格,VSAT,"ViaSat, Inc.",73.02,-0.95,912700,0.52,48.08,空头,73.74,75.294,,
2026-09-25,表格,FUTU,Futu Holdings Limited,111.87,2.38,903900,1.04,48.06,空头,113.105,110.887,,
2026-09-25,表格,FORM,"FormFactor, Inc.",129.69,0.5,896500,0.78,62.91,多头,116.454,112.012,,
2026-09-25,表格,SBAC,SBA Communications Corporation,166.15,0.02,886400,0.93,28.38,空头,178.562,181.25,,
2026-09-25,表格,EQIX,"Equinix, Inc.",1008.08,-2.58,882400,1.72,42.12,多头,1034.978,1042.565,,
2026-09-25,表格,AXON,"Axon Enterprise, Inc.",430.11,-3.35,877300,0.83,33.71,空头,484.706,538.388,,
2026-09-25,表格,HUBS,"HubSpot, Inc.",213.74,-3.53,869900,0.51,42.23,空头,229.118,231.319,,
2026-09-25,表格,RSG,"Republic Services, Inc.",212.1,-0.29,854400,0.49,36.24,空头,217.702,217.598,,
2026-09-25,表格,L,Loews Corporation,104.82,-0.24,843600,0.82,24.44,空头,107.945,111.705,,
2026-09-25,表格,PNFP,"Pinnacle Financial Partners, In",94.97,1.16,842000,0.82,36.96,空头,97.686,101.275,,
2026-09-25,表格,SPOT,Spotify Technology S.A.,510.01,-0.27,840600,0.56,44.88,空头,523.751,515.777,,
2026-09-25,表格,BR,"Broadridge Financial Solutions,",163.77,0.68,838700,0.78,42.85,多头,167.673,166.372,,
2026-09-25,表格,CRL,Charles River Laboratories Inte,292.84,-0.54,838300,0.87,59.88,多头,282.039,269.044,,
2026-09-25,表格,AXSM,"Axsome Therapeutics, Inc.",195.09,-0.48,838200,1.4,38.2,空头,205.863,214.294,,
2026-09-25,表格,Q,"Qnity Electronics, Inc.",124.69,1.95,829800,0.48,50.85,多头,122.853,128.549,,
2026-09-25,表格,ALGN,"Align Technology, Inc.",146.78,0.79,829600,0.9,39.13,空头,152.506,163.097,,
2026-09-25,表格,EXPD,Expeditors International of Was,187.46,2.07,823500,0.83,50.14,空头,188.212,183.894,,
2026-09-25,表格,LH,Labcorp Holdings Inc.,309.64,0.22,821500,1.01,42.12,空头,317.695,316.491,,
2026-09-25,表格,CMI,Cummins Inc.,525.06,0.77,812000,0.69,32.28,空头,545.581,593.012,,
2026-09-25,表格,PBA,Pembina Pipeline Corp.,44.66,-1.72,808400,0.74,28.62,空头,46.919,48.108,,
2026-09-25,表格,APD,"Air Products and Chemicals, Inc",281.76,-0.96,807600,0.68,36.62,多头,290.921,297.623,,
2026-09-25,表格,TRV,"The Travelers Companies, Inc.",363.04,0.18,807600,0.54,43.83,空头,368.502,371.665,,
2026-09-25,表格,YPF,YPF Sociedad Anonima,52.1,-2.82,806700,0.6,45.83,空头,53.477,51.879,,
2026-09-25,表格,BIP,Brookfield Infrastructure Partn,34.76,0.93,805800,1.0,35.15,空头,36.168,38.066,,
2026-09-25,表格,RPM,RPM International Inc.,100.44,1.75,805700,0.51,43.52,空头,101.664,106.498,,
2026-09-25,表格,ASML,ASML Holding N.V. - New York Re,1743.94,1.24,801800,0.61,54.63,多头,1702.589,1717.255,,
2026-09-25,表格,CORT,Corcept Therapeutics Incorporat,116.1,-2.03,800800,0.46,53.96,多头,114.152,110.787,,
2026-09-25,表格,WAB,Westinghouse Air Brake Technolo,288.0,-0.77,789300,1.01,53.03,多头,285.666,288.959,,
2026-09-25,表格,TS,Tenaris S.A.,55.47,-0.73,789100,0.71,48.11,空头,55.827,55.511,,
2026-09-25,表格,RY,Royal Bank Of Canada,201.98,1.24,787200,0.75,43.17,空头,204.472,207.893,,
2026-09-25,表格,DD,"DuPont de Nemours, Inc.",131.71,1.14,780500,0.65,49.09,多头,131.147,135.832,,
2026-09-25,表格,SCCO,Southern Copper Corporation,203.92,1.16,777100,0.7,55.1,多头,199.46,194.474,,
2026-09-25,表格,VICR,Vicor Corporation,281.96,2.14,773400,0.87,70.45,多头,226.14,212.603,,
2026-09-25,表格,AMP,"Ameriprise Financial, Inc.",493.0,1.62,765100,1.24,28.6,空头,533.214,546.264,,
2026-09-25,表格,RMD,ResMed Inc.,222.0,0.05,760800,0.56,46.49,多头,224.513,220.414,,
2026-09-25,表格,SUI,"Sun Communities, Inc.",112.26,1.02,757400,0.64,34.39,空头,115.872,119.702,,
2026-09-25,表格,VRTX,Vertex Pharmaceuticals Incorpor,526.19,0.73,756200,0.73,53.28,多头,522.031,514.307,,
2026-09-25,表格,ROP,"Roper Technologies, Inc.",358.56,-1.5,753400,0.89,29.47,空头,381.662,390.835,,
2026-09-25,表格,RL,Ralph Lauren Corporation,357.1,1.78,752700,1.03,54.85,多头,346.505,364.085,,
2026-09-25,表格,FN,Fabrinet,417.39,4.78,743100,0.94,49.11,多头,411.02,455.131,,
2026-09-25,表格,DGX,Quest Diagnostics Incorporated,236.32,-0.11,741700,0.67,47.29,空头,238.961,235.705,,
2026-09-25,表格,ARXS,"Arxis, Inc.",50.12,-2.3,740400,0.88,43.71,多头,51.457,51.705,,
2026-09-25,表格,SANM,Sanmina Corporation,224.77,1.3,738600,1.22,63.13,多头,206.888,200.901,,
2026-09-25,表格,THC,Tenet Healthcare Corporation,259.71,4.08,735100,0.87,49.96,空头,260.885,255.663,,
2026-09-25,表格,PSA,Public Storage,287.97,1.2,730600,0.81,36.26,空头,296.669,309.869,,
2026-09-25,表格,SKM,"SK Telecom Co., Ltd.",36.3,1.48,715600,0.5,48.32,多头,36.548,35.988,,
2026-09-25,表格,UMBF,UMB Financial Corporation,135.82,0.61,713800,1.07,40.33,空头,137.846,142.456,,
2026-09-25,表格,PTC,PTC Inc.,138.12,0.52,698900,0.4,48.18,多头,138.913,140.031,,
2026-09-25,表格,NWS,News Corporation,31.75,0.6,698000,0.52,39.33,空头,32.852,32.871,,
2026-09-25,表格,MKSI,MKS Inc.,260.82,1.1,683200,0.51,47.97,多头,259.663,282.633,,
2026-09-25,表格,CRS,Carpenter Technology Corporatio,396.84,-1.0,682700,0.8,24.49,空头,432.687,498.017,,
2026-09-25,表格,FOX,Fox Corporation,56.54,-1.15,676000,0.5,43.11,空头,58.158,56.745,,
2026-09-25,表格,SUN,Sunoco LP,74.76,-1.41,670700,1.08,46.58,空头,76.09,75.323,,
2026-09-25,表格,SEIC,SEI Investments Company,105.65,0.83,666400,0.74,48.1,多头,106.128,105.578,,
2026-09-25,表格,WAT,Waters Corporation,433.54,0.75,662500,1.0,64.15,多头,418.113,403.603,,
2026-09-25,表格,MTB,M&T Bank Corporation,221.19,1.16,660700,0.6,30.68,空头,230.356,240.663,,
2026-09-25,表格,ALLE,Allegion plc,154.47,1.31,654800,0.46,49.82,多头,154.336,156.512,,
2026-09-25,表格,PWR,"Quanta Services, Inc.",649.13,0.87,653600,0.75,54.44,多头,634.788,641.427,,
2026-09-25,表格,MCO,Moody's Corporation,468.7,0.29,651100,0.93,43.19,多头,476.281,484.788,,
2026-09-25,表格,J,Jacobs Solutions Inc.,138.37,2.25,644900,0.79,40.54,空头,142.745,142.355,,
2026-09-25,表格,UHS,"Universal Health Services, Inc.",178.86,1.06,643800,0.82,56.5,空头,175.738,169.96,,
2026-09-25,表格,H,Hyatt Hotels Corporation,158.48,-0.35,639600,0.81,38.58,空头,162.132,172.761,,
2026-09-25,表格,LOGI,Logitech International S.A. - R,101.09,1.54,633300,0.81,51.51,空头,100.498,100.487,,
2026-09-25,表格,WSM,"Williams-Sonoma, Inc.",231.9,1.42,624200,0.49,53.56,多头,228.27,232.842,,
2026-09-25,表格,NSC,Norfolk Southern Corporation,313.0,-0.05,616800,0.53,33.99,空头,321.778,333.314,,
2026-09-25,表格,HEI,Heico Corporation,308.53,0.72,615900,1.24,39.36,多头,314.962,339.224,,
2026-09-25,表格,CSL,Carlisle Companies Incorporated,326.37,3.9,599800,0.84,44.82,多头,331.725,348.576,,
2026-09-25,表格,GL,Globe Life Inc.,167.04,-0.17,594800,1.47,34.86,空头,171.616,176.142,,
2026-09-25,表格,VRSN,"VeriSign, Inc.",287.25,-1.59,592600,0.8,45.19,空头,293.587,287.432,,
2026-09-25,表格,REGN,"Regeneron Pharmaceuticals, Inc.",788.04,-1.0,592100,0.84,48.06,空头,796.325,776.408,,
2026-09-25,表格,PH,Parker-Hannifin Corporation,978.33,0.34,591900,0.96,54.07,多头,963.544,986.676,,
2026-09-25,表格,AVY,Avery Dennison Corporation,170.34,0.79,591400,0.49,46.99,多头,171.67,171.814,,
2026-09-25,表格,WTW,Willis Towers Watson Public Lim,293.99,0.12,586900,1.17,29.26,空头,313.914,323.532,,
2026-09-25,表格,DEO,Diageo plc,87.52,0.79,580600,0.62,46.98,多头,88.008,89.494,,
2026-09-25,表格,BNTX,BioNTech SE,98.52,-0.75,580000,0.55,48.58,空头,99.287,97.925,,
2026-09-25,表格,SOLV,Solventum Corporation,89.5,1.03,578900,0.64,53.96,多头,88.973,87.154,,
2026-09-25,表格,MSI,"Motorola Solutions, Inc.",456.88,0.43,574300,0.62,45.32,空头,462.867,456.277,,
2026-09-25,表格,DTM,"DT Midstream, Inc.",122.28,-1.98,573500,0.64,32.47,空头,126.624,131.67,,
2026-09-25,表格,JKHY,"Jack Henry & Associates, Inc.",147.79,0.03,573000,0.54,36.19,空头,155.835,157.466,,
2026-09-25,表格,LTM,LATAM Airlines Group S.A.,52.45,1.53,573000,0.75,52.2,多头,51.884,52.28,,
2026-09-25,表格,ESS,"Essex Property Trust, Inc.",271.61,-0.01,563700,0.96,39.73,多头,275.478,283.071,,
2026-09-25,表格,ZBRA,Zebra Technologies Corporation,370.04,1.35,552300,0.97,61.86,多头,355.101,339.711,,
2026-09-25,表格,TLN,Talen Energy Corporation,304.42,1.47,550700,0.72,47.68,空头,303.871,324.649,,
2026-09-25,表格,GRMN,Garmin Ltd.,294.14,-0.31,549300,0.64,63.08,多头,283.389,282.572,,
2026-09-25,表格,EWBC,"East West Bancorp, Inc.",127.23,1.28,545500,0.65,46.51,空头,127.802,130.226,,
2026-09-25,表格,SQM,Sociedad Quimica y Minera S.A.,66.89,-0.34,540300,0.53,37.86,空头,71.039,71.602,,
2026-09-25,表格,GPC,Genuine Parts Company,129.61,0.27,537900,0.53,45.87,空头,131.171,130.758,,
2026-09-25,表格,MPWR,"Monolithic Power Systems, Inc.",1367.43,2.39,536600,0.72,60.44,多头,1273.249,1303.824,,
2026-09-25,表格,MELI,"MercadoLibre, Inc.",1752.61,-0.09,535500,0.91,36.12,空头,1845.888,1870.648,,
2026-09-25,表格,NOC,Northrop Grumman Corporation,510.52,0.3,535400,0.65,37.89,空头,524.814,539.824,,
2026-09-25,表格,DVA,DaVita Inc.,178.47,2.18,519800,0.72,42.51,空头,183.231,195.295,,
2026-09-25,表格,WSO,"Watsco, Inc.",317.23,-0.93,514300,1.06,49.78,多头,315.843,323.361,,
2026-09-25,表格,BLK,"BlackRock, Inc.",1086.31,1.2,513500,0.88,49.12,多头,1085.344,1104.253,,
2026-09-25,表格,CASY,"Caseys General Stores, Inc.",598.46,-0.07,509500,0.68,27.53,空头,652.228,770.63,,
2026-09-25,表格,STLD,"Steel Dynamics, Inc.",233.66,-0.65,508800,0.52,45.09,空头,237.498,243.811,,
2026-09-25,表格,SITM,SiTime Corporation,662.27,2.96,501700,1.11,58.41,多头,610.986,600.729,,
2026-09-25,表格,CNA,CNA Financial Corporation,45.98,-0.28,492000,0.85,28.71,空头,47.892,49.963,,
2026-09-25,表格,DCI,"Donaldson Company, Inc.",87.41,0.94,483100,0.69,41.42,多头,88.406,91.717,,
2026-09-25,表格,PKG,Packaging Corporation of Americ,237.18,-0.39,481800,0.79,49.83,多头,236.727,241.599,,
2026-09-25,表格,RACE,Ferrari N.V.,411.33,-0.12,479000,1.39,50.72,空头,411.648,405.427,,
2026-09-25,表格,LII,"Lennox International, Inc.",373.77,1.63,476700,0.97,41.25,空头,377.393,419.634,,
2026-09-25,表格,UTHR,United Therapeutics Corporation,475.45,0.69,472400,0.64,34.18,空头,496.277,511.815,,
2026-09-25,表格,LAMR,Lamar Advertising Company,143.98,0.19,465600,0.97,34.71,空头,146.754,151.744,,
2026-09-25,表格,IEX,IDEX Corporation,230.08,0.69,464200,0.82,56.17,多头,226.481,229.027,,
2026-09-25,表格,MSCI,MSCI Inc.,551.36,-0.85,460100,0.87,45.7,多头,556.006,564.466,,
2026-09-25,表格,TYL,"Tyler Technologies, Inc.",325.57,-0.39,453300,0.44,40.54,空头,340.606,334.088,,
2026-09-25,表格,MCK,McKesson Corporation,866.64,-0.31,452000,0.48,45.02,空头,883.061,872.781,,
2026-09-25,表格,STE,STERIS plc (Ireland),208.93,0.08,447100,0.67,35.09,多头,214.815,223.806,,
2026-09-25,表格,AZO,"AutoZone, Inc.",2872.16,0.36,438800,1.13,45.2,空头,2899.934,2978.039,,
2026-09-25,表格,GSAT,"Globalstar, Inc.",82.88,0.51,437600,0.73,57.74,多头,82.338,81.883,,
2026-09-25,表格,WST,"West Pharmaceutical Services, I",370.44,-0.85,434000,0.72,63.27,多头,359.084,350.408,,
2026-09-25,表格,CPAY,"Corpay, Inc.",398.11,-0.55,432700,1.01,46.36,空头,402.459,398.95,,
2026-09-25,表格,EGP,"EastGroup Properties, Inc.",201.52,-0.48,431800,0.86,50.62,多头,201.067,204.078,,
2026-09-25,表格,RGLD,"Royal Gold, Inc.",252.49,0.0,431300,0.63,52.99,多头,251.879,235.883,,
2026-09-25,表格,FFIV,"F5, Inc.",443.06,-0.78,428200,0.78,61.3,多头,425.29,407.448,,
2026-09-25,表格,COKE,"Coca-Cola Consolidated, Inc.",190.29,0.34,423900,0.74,47.94,空头,192.045,189.757,,
2026-09-25,表格,MANH,"Manhattan Associates, Inc.",206.03,-1.72,420400,0.66,49.06,空头,208.747,198.264,,
2026-09-25,表格,ASND,Ascendis Pharma A/S,225.6,-2.21,420000,0.48,34.86,空头,244.468,251.325,,
2026-09-25,表格,ONTO,Onto Innovation Inc.,287.64,2.83,417400,0.46,54.85,多头,274.024,280.651,,
2026-09-25,表格,MOG-A,Moog Inc.,387.8,1.32,416000,1.73,57.38,多头,374.492,391.066,,
2026-09-25,表格,ROK,"Rockwell Automation, Inc.",434.15,0.28,413000,0.57,53.88,多头,427.519,439.396,,
2026-09-25,表格,CINF,Cincinnati Financial Corporatio,162.54,0.13,409500,0.64,31.29,空头,167.514,172.196,,
2026-09-25,表格,KSPI,Joint Stock Company Kaspi.kz - ,95.67,3.1,408300,0.63,44.98,空头,97.698,95.447,,
2026-09-25,表格,NTES,"NetEase, Inc.",115.41,-1.83,401500,0.66,41.34,空头,118.525,123.085,,
2026-09-25,表格,LECO,"Lincoln Electric Holdings, Inc.",271.7,1.99,398300,0.92,55.39,多头,265.63,269.114,,
2026-09-25,表格,GWW,"W.W. Grainger, Inc.",1243.07,-2.84,389900,1.53,36.64,空头,1280.112,1312.432,,
2026-09-25,表格,FICO,Fair Isaac Corporation,863.09,0.77,387400,0.91,29.62,空头,972.027,1084.462,,
2026-09-25,表格,PAG,"Penske Automotive Group, Inc.",209.62,0.79,383100,1.16,39.5,空头,213.49,214.845,,
2026-09-25,表格,FNV,Franco-Nevada Corporation,257.87,-0.78,377500,0.51,50.17,空头,260.32,244.235,,
2026-09-25,表格,ONC,BeOne Medicines Ltd.,360.85,0.24,377200,0.98,54.37,多头,357.337,348.765,,
2026-09-25,表格,URI,"United Rentals, Inc.",1047.06,2.49,377000,0.86,53.28,多头,1028.453,1065.63,,
2026-09-25,表格,STRL,"Sterling Infrastructure, Inc.",512.29,-0.28,376800,0.67,49.92,空头,505.486,539.097,,
2026-09-25,表格,IMO,Imperial Oil Limited,122.86,-1.37,369200,0.57,36.11,空头,128.488,129.255,,
2026-09-25,表格,JLL,Jones Lang LaSalle Incorporated,321.91,-0.77,367000,1.1,30.69,空头,342.648,353.93,,
2026-09-25,表格,AIZ,"Assurant, Inc.",265.0,1.2,366200,0.98,32.95,空头,277.063,280.726,,
2026-09-25,表格,BPOP,"Popular, Inc.",160.48,0.56,350600,0.62,37.32,空头,163.762,169.093,,
2026-09-25,表格,BMO,Bank Of Montreal,172.3,0.72,345500,0.49,45.78,空头,173.788,176.413,,
2026-09-25,表格,AEIS,"Advanced Energy Industries, Inc",279.68,0.59,342600,0.62,50.7,多头,274.862,290.346,,
2026-09-25,表格,WWD,"Woodward, Inc.",330.31,1.36,337600,0.45,43.45,多头,332.472,355.371,,
2026-09-25,表格,IDXX,"IDEXX Laboratories, Inc.",519.26,1.14,331100,0.65,44.47,多头,523.677,546.741,,
2026-09-25,表格,ARW,"Arrow Electronics, Inc.",232.8,2.41,330400,0.61,65.57,多头,218.44,213.486,,
2026-09-25,表格,CR,Crane Company,206.83,1.11,325800,0.8,54.74,多头,203.045,210.312,,
2026-09-25,表格,SLF,Sun Life Financial Inc.,79.91,0.58,319900,0.52,49.57,空头,80.059,80.26,,
2026-09-25,表格,ULTA,"Ulta Beauty, Inc.",545.2,-0.65,313700,0.46,52.35,多头,543.134,528.435,,
2026-09-25,表格,CLH,"Clean Harbors, Inc.",313.04,-0.96,310500,0.79,46.55,多头,315.587,314.29,,
2026-09-25,表格,NVMI,Nova Ltd.,368.23,0.39,308600,0.49,49.78,多头,363.911,384.52,,
2026-09-25,表格,HII,"Huntington Ingalls Industries, ",264.02,-0.74,305700,0.68,26.18,空头,279.609,294.37,,
2026-09-25,表格,RGA,"Reinsurance Group of America, I",248.65,1.32,296200,0.94,56.09,空头,246.66,243.705,,
2026-09-25,表格,AFG,"American Financial Group, Inc.",138.22,-0.14,288800,0.75,34.24,空头,141.529,142.97,,
2026-09-25,表格,TPL,Texas Pacific Land Corporation,341.07,0.83,287800,0.73,40.58,空头,357.579,373.425,,
2026-09-25,表格,FMX,Fomento Economico Mexicano S.A.,119.62,1.62,282900,0.79,48.15,空头,120.014,122.014,,
2026-09-25,表格,EG,"Everest Group, Ltd.",370.43,-0.41,282200,0.66,46.94,多头,373.256,373.444,,
2026-09-25,表格,RNR,RenaissanceRe Holdings Ltd.,325.6,-1.46,280400,0.95,48.68,多头,327.151,324.911,,
2026-09-25,表格,RBC,RBC Bearings Incorporated,506.1,0.45,274900,0.87,50.23,多头,500.528,529.189,,
2026-09-25,表格,NDSN,Nordson Corporation,325.77,0.78,271700,0.75,63.09,多头,316.583,310.652,,
2026-09-25,表格,WCC,"WESCO International, Inc.",367.44,1.69,271300,0.55,59.47,多头,351.293,347.073,,
2026-09-25,表格,EME,"EMCOR Group, Inc.",762.21,1.36,265200,0.72,50.73,空头,756.316,770.618,,
2026-09-25,表格,ARGX,argenx SE,959.49,-0.28,264400,1.1,44.7,空头,981.223,948.733,,
2026-09-25,表格,TDY,Teledyne Technologies Incorpora,614.15,0.35,259500,0.94,47.57,多头,613.693,636.981,,
2026-09-25,表格,BIO,"Bio-Rad Laboratories, Inc.",381.0,-1.69,253600,0.94,56.71,多头,377.221,359.056,,
2026-09-25,表格,HEI-A,Heico Corporation,232.02,1.12,246600,0.71,42.48,多头,234.2,249.202,,
2026-09-25,表格,MEDP,"Medpace Holdings, Inc.",618.88,-0.28,229100,0.98,58.1,多头,608.762,593.571,,
2026-09-25,表格,PEN,"Penumbra, Inc.",318.89,-0.26,228100,0.58,44.23,多头,319.921,321.542,,
2026-09-25,表格,FIX,"Comfort Systems USA, Inc.",1658.91,0.94,227800,0.68,52.89,多头,1626.848,1664.366,,
2026-09-25,表格,TDG,Transdigm Group Incorporated,1116.2,0.99,223000,0.58,41.51,多头,1128.492,1190.254,,
2026-09-25,表格,CW,Curtiss-Wright Corporation,539.73,-0.78,222100,0.51,26.88,空头,573.125,643.922,,
2026-09-25,表格,TM,Toyota Motor Corporation,190.34,1.94,220900,0.65,47.22,空头,192.24,190.087,,
2026-09-25,表格,ENSG,"The Ensign Group, Inc.",175.18,1.1,220700,0.61,50.57,多头,174.82,176.408,,
2026-09-25,表格,RS,"Reliance, Inc.",387.28,0.39,218300,0.71,45.26,空头,391.594,399.451,,
2026-09-25,表格,CACI,"CACI International, Inc.",618.32,0.24,217600,0.84,50.12,空头,622.259,593.624,,
2026-09-25,表格,CIB,Grupo Cibest S.A.,95.15,0.99,213800,0.59,45.85,空头,97.208,93.951,,
2026-09-25,表格,BAP,Credicorp Ltd.,386.16,0.82,211300,0.62,54.08,多头,382.127,382.823,,
2026-09-25,表格,KRYS,"Krystal Biotech, Inc.",345.82,0.25,200000,0.74,50.59,空头,344.827,343.33,,
2026-09-25,表格,SNA,Snap-On Incorporated,369.2,0.41,195800,0.67,31.9,空头,377.086,392.762,,
2026-09-25,表格,AIT,Applied Industrial Technologies,333.39,0.41,172500,0.55,54.66,多头,327.659,337.636,,
2026-09-25,表格,IESC,"IES Holdings, Inc.",324.13,1.13,164100,0.6,49.0,多头,324.509,333.886,,
2026-09-25,表格,WTS,"Watts Water Technologies, Inc.",357.79,0.96,162000,0.78,50.22,空头,356.657,360.108,,
2026-09-25,表格,MDGL,"Madrigal Pharmaceuticals, Inc.",516.56,0.65,153400,0.7,44.32,空头,526.221,527.001,,
2026-09-25,表格,PAC,Grupo Aeroportuario Del Pacific,215.94,2.14,153200,1.17,60.61,多头,207.734,211.172,,
2026-09-25,表格,LFUS,"Littelfuse, Inc.",429.22,1.91,151200,0.79,56.23,多头,416.318,422.817,,
2026-09-25,表格,ERIE,Erie Indemnity Company,222.86,1.78,137000,0.45,33.43,空头,240.419,245.161,,
2026-09-25,表格,IHG,Intercontinental Hotels Group,158.16,0.32,131700,0.82,53.58,多头,156.419,157.872,,
2026-09-25,表格,MTD,"Mettler-Toledo International, I",1511.64,-0.49,129600,0.59,70.14,多头,1412.147,1387.251,,
2026-09-25,表格,DDS,"Dillard's, Inc.",664.07,1.88,112300,0.61,61.51,多头,640.34,617.447,,
2026-09-25,表格,UI,Ubiquiti Inc.,560.67,-0.43,90200,0.53,46.12,空头,572.146,565.013,,
2026-09-25,表格,MKL,Markel Group Inc.,1727.73,-0.43,79000,1.15,28.13,空头,1781.293,1844.328,,
2026-09-25,表格,ESLT,Elbit Systems Ltd.,735.0,-0.64,70800,1.03,47.03,空头,737.411,762.557,,
2026-09-25,表格,FCNCA,"First Citizens BancShares, Inc.",2090.36,1.63,42100,0.62,43.45,空头,2124.826,2167.308,,
2026-09-25,表格,NVR,"NVR, Inc.",6297.6,1.0,24800,0.59,51.39,空头,6258.067,6303.625,,
2026-09-25,表格,BRK-A,Berkshire Hathaway Inc.,758506.0,-0.09,143,0.6,48.37,空头,761317.976,759286.54,,
2026-09-24,表格,PHYS,"""Sprott Physical Gold Trust""",32.18,-0.62,5495671,1.26,42.68,空头,32.898,32.534,,
2026-09-24,表格,SHEL,Shell PLC,95.6,0.2,5373684,0.83,57.57,空头,94.316,91.25,,
2026-09-24,表格,PSLV,"""Sprott Physical Silver Trust""",20.76,-1.0,5138953,0.78,45.95,多头,21.262,20.677,,
2026-09-24,表格,BRK-A,Berkshire Hathaway Inc.,759200.0,-0.76,149,0.66,48.69,空头,762121.26,758437.04,,
