日期,类型,代码,名称,价格,涨跌%,成交量,相对量,RSI,SAR,EMA20,50日均线,信号,AI点评
2026-10-09,表格,0138,ZETRIX,0.085,13.33,174237900,0.39,23.54,空头,0.175,0.397,,
2026-10-09,表格,4456,DNEX,0.52,-0.95,87716700,3.08,62.99,多头,0.491,0.479,,
2026-10-09,表格,5156,XDL,0.005,0.0,42110000,112.75,43.0,空头,0.007,0.007,,
2026-10-09,表格,6963,VS,0.335,1.52,39429500,0.67,76.77,多头,0.278,0.244,,
2026-10-09,表格,7113,TOPGLOV,0.84,-4.0,39284900,0.51,62.57,多头,0.782,0.71,,
2026-10-09,表格,0095,MAG,0.155,0.0,31415500,0.98,46.07,多头,0.156,0.157,,
2026-10-09,表格,0270,NATGATE,2.03,3.57,30383600,1.22,72.39,多头,1.813,1.637,,
2026-10-09,表格,3174,L&G,0.195,2.63,28595600,1.22,51.06,空头,0.196,0.183,,
2026-10-09,表格,7192,GIIB,0.625,1.63,21878200,0.84,71.6,多头,0.582,0.508,,
2026-10-09,表格,7215,NIHSIN,0.385,-1.28,21699300,0.52,68.02,多头,0.357,0.236,,
2026-10-09,表格,0278,EDELTEQ,0.47,8.05,19033600,8.29,79.16,多头,0.359,0.349,,
2026-10-09,表格,4723,JAKS,0.18,-2.7,18581100,0.29,60.1,空头,0.167,0.132,,
2026-10-09,表格,0275,OPPSTAR,0.735,5.0,17287600,2.27,60.21,多头,0.693,0.678,,
2026-10-09,表格,0471,PIONEER,0.345,2.99,15752600,1.68,71.43,多头,,,,
2026-10-09,表格,7079,TWL,0.025,0.0,15350000,0.82,51.85,空头,0.025,0.025,,
2026-10-09,表格,5078,M&G,0.31,0.0,13865000,0.72,57.67,多头,0.305,0.295,,
2026-10-09,表格,0262,SUNVIEW,0.4,9.59,11415800,0.96,56.64,空头,0.384,0.375,,
2026-10-09,表格,0104,GENETEC,0.34,1.49,10805900,1.92,57.06,多头,0.327,0.339,,
2026-10-09,表格,5398,GAMUDA,5.02,1.41,10577200,0.43,59.0,多头,4.919,4.651,,
2026-10-09,表格,5151,HEXTAR,0.775,0.65,10443200,0.71,50.25,多头,0.775,0.775,,
2026-10-09,表格,8052,CGB,0.865,0.0,10379400,0.55,46.68,多头,0.868,0.869,,
2026-10-09,表格,5238,AAGB,0.465,-2.11,10165200,0.27,25.65,空头,0.548,0.749,,
2026-10-09,表格,5195,CENSOF,0.24,0.0,9942100,7.37,68.81,多头,0.22,0.206,,
2026-10-09,表格,0248,YEWLEE,0.625,0.81,9840500,0.94,58.16,多头,0.611,0.611,,
2026-10-09,表格,0131,DFX,0.155,6.9,9724800,1.22,77.22,多头,0.118,0.094,,
2026-10-09,表格,5264,MALAKOF,0.79,1.28,9695300,2.62,48.72,空头,0.791,0.806,,
2026-10-09,表格,1295,PBBANK,4.57,0.44,9094100,0.58,29.08,空头,4.722,4.891,,
2026-10-09,表格,7106,SUPERMX,0.43,-3.37,9032700,0.34,59.31,多头,0.409,0.346,,
2026-10-09,表格,3336,IJM,2.81,1.08,9016000,0.65,53.6,空头,2.791,2.693,,
2026-10-09,表格,7121,XL,0.82,1.23,8560500,0.53,58.28,多头,0.811,0.806,,
2026-10-09,表格,0050,SYSTECH,0.18,2.86,8307700,1.54,62.97,多头,0.164,0.165,,
2026-10-09,表格,0470,BFIELD,0.475,-1.04,8113100,0.68,54.21,多头,,,,
2026-10-09,表格,0358,ICTZONE,0.24,6.67,7663400,2.75,48.47,空头,0.241,0.249,,
2026-10-09,表格,0120,VIS,0.7,8.53,7611400,1.68,85.99,多头,0.518,0.443,,
2026-10-09,表格,0193,KINERGY,0.39,-1.27,7466200,0.69,34.12,空头,0.402,0.41,,
2026-10-09,表格,0476,SLGC Berhad,0.25,0.0,7415200,0.17,,多头,,,,
2026-10-09,表格,4677,YTL,2.15,0.47,7229700,0.49,42.31,空头,2.226,2.213,,
2026-10-09,表格,7020,ASTEEL,0.1,-4.76,6606600,2.98,55.45,多头,0.095,0.085,,
2026-10-09,表格,0024,JAG,0.365,-1.35,6435300,0.96,47.65,空头,0.367,0.367,,
2026-10-09,表格,0198,GDB,0.4,-3.61,6280400,5.57,32.62,空头,0.421,0.441,,
2026-10-09,表格,5259,AVANGAAD,0.295,0.0,6246100,2.38,49.15,空头,0.295,0.296,,
2026-10-09,表格,5161,JCY,0.64,2.4,6206400,0.33,64.14,多头,0.582,0.519,,
2026-10-09,表格,5286,MI,6.69,10.03,6008100,1.34,65.3,多头,5.831,5.778,,
2026-10-09,表格,1023,CIMB,7.25,-0.14,5853800,0.42,31.19,空头,7.639,7.729,,
2026-10-09,表格,5141,DAYANG,1.39,-4.14,5736200,2.61,33.34,空头,1.456,1.494,,
2026-10-09,表格,7139,NICE,0.08,0.0,5705300,6.03,37.6,空头,0.083,0.087,,
2026-10-09,表格,1155,MAYBANK,9.81,0.1,5672800,0.45,31.22,空头,10.022,10.213,,
2026-10-09,表格,9679,WCT,0.34,0.0,5662200,1.42,32.2,空头,0.363,0.383,,
2026-10-09,表格,0166,INARI,2.75,-1.08,5599900,0.31,62.29,多头,2.624,2.496,,
2026-10-09,表格,5352,MTTSL,1.23,6.03,5340400,0.93,60.41,多头,1.158,1.166,,
2026-10-09,表格,7155,SKPRES,0.39,4.0,5293500,0.64,70.7,多头,0.355,0.322,,
2026-10-09,表格,0236,RAMSSOL,0.78,-1.27,5265500,0.67,51.22,多头,0.778,0.773,,
2026-10-09,表格,1961,IOICORP,4.56,0.0,5152100,0.54,39.78,空头,4.674,4.619,,
2026-10-09,表格,1651,MRCB,0.28,1.82,5095000,0.72,37.22,空头,0.289,0.307,,
2026-10-09,表格,5326,99SMART,3.26,4.49,4961100,1.17,52.06,多头,3.199,3.39,,
2026-10-09,表格,1066,RHBBANK,7.12,-0.42,4671700,0.49,18.83,空头,7.596,8.09,,
2026-10-09,表格,0376,IAB,1.32,-2.22,4565400,2.64,54.18,多头,1.275,1.32,,
2026-10-09,表格,0181,AEMULUS,0.455,-1.09,4422200,0.64,60.71,多头,0.426,0.413,,
2026-10-09,表格,4324,HENGYUAN,3.69,-2.12,4167500,0.36,56.09,空头,3.599,2.739,,
2026-10-09,表格,7153,KOSSAN,1.13,-3.42,4157000,0.37,47.14,多头,1.161,1.119,,
2026-10-09,表格,5102,GCB,1.28,0.0,3910400,0.36,43.08,空头,1.322,1.305,,
2026-10-09,表格,2429,TANCO,0.145,-3.33,3906600,0.22,28.09,空头,0.164,0.201,,
2026-10-09,表格,8664,SPSETIA,0.725,0.0,3829600,0.65,34.68,空头,0.757,0.82,,
2026-10-09,表格,0111,K1,0.165,3.13,3815200,1.16,59.38,多头,0.156,0.145,,
2026-10-09,表格,0345,SUNLOGY,0.45,2.27,3765600,0.36,51.11,多头,0.45,0.426,,
2026-10-09,表格,5296,MRDIY,1.26,1.61,3739500,0.42,39.42,空头,1.286,1.387,,
2026-10-09,表格,0453,EIPOWER,0.955,-1.04,3715500,0.46,53.7,空头,0.96,0.821,,
2026-10-09,表格,5253,ECONBHD,0.125,0.0,3696000,0.81,55.25,多头,0.122,0.125,,
2026-10-09,表格,0339,CBHB,1.13,2.73,3618700,0.38,66.05,多头,1.07,0.917,,
2026-10-09,表格,0208,GREATEC,2.71,1.12,3580900,0.6,57.99,多头,2.629,2.581,,
2026-10-09,表格,0468,UNIPAC,0.245,-2.0,3580800,0.3,27.35,多头,,,,
2026-10-09,表格,7204,D&O,0.53,3.92,3565000,0.21,56.74,空头,0.512,0.436,,
2026-10-09,表格,5301,CTOS,0.545,-1.8,3496200,0.65,32.26,空头,0.592,0.641,,
2026-10-09,表格,6742,YTLPOWR,5.6,0.72,3482100,0.24,50.83,空头,5.636,5.308,,
2026-10-09,表格,5347,TENAGA,12.96,0.47,3478800,0.38,42.32,多头,13.036,13.573,,
2026-10-09,表格,5184,CYPARK,0.79,0.64,3383800,0.25,56.46,多头,0.767,0.712,,
2026-10-09,表格,5210,ARMADA,0.325,-1.52,3361500,0.56,32.41,空头,0.339,0.345,,
2026-10-09,表格,0246,CNERGEN,1.24,2.48,3327800,0.99,76.11,多头,1.024,0.86,,
2026-10-09,表格,0272,TTVHB,0.265,8.16,3309300,1.65,56.99,多头,0.249,0.253,,
2026-10-09,表格,0175,HHRG,0.145,0.0,3301800,0.11,45.09,空头,0.156,0.148,,
2026-10-09,表格,0296,HEGROUP,1.13,-0.88,3295900,0.68,68.9,多头,1.058,0.892,,
2026-10-09,表格,5327,MEGAFB,2.92,2.46,3293600,1.05,77.67,多头,2.644,2.286,,
2026-10-09,表格,5099,CAPITALA,0.22,0.0,3215400,0.12,29.99,空头,0.249,0.304,,
2026-10-09,表格,6888,AXIATA,1.63,2.52,3085900,0.46,40.34,多头,1.67,1.787,,
2026-10-09,表格,0338,KOPI,0.915,2.81,3056500,1.06,48.14,空头,0.912,0.964,,
2026-10-09,表格,0243,CENGILD,0.16,-13.51,3002700,13.36,18.12,空头,0.192,0.195,,
2026-10-09,表格,0083,NOTION,0.71,1.43,2983600,0.32,62.05,多头,0.671,0.607,,
2026-10-09,表格,0268,L&PBHD,0.24,9.09,2920200,1.46,77.71,多头,0.206,0.171,,
2026-10-09,表格,5555,SUNMED,2.1,0.0,2878000,0.15,50.69,空头,2.098,2.08,,
2026-10-09,表格,0303,ALPHA,0.28,1.82,2852300,1.19,66.27,多头,0.26,0.257,,
2026-10-09,表格,0455,BUSCAP,0.99,-0.5,2772500,0.86,85.6,多头,0.657,0.479,,
2026-10-09,表格,0310,UUE,0.79,1.28,2766500,0.39,63.79,多头,0.735,0.652,,
2026-10-09,表格,5216,NEXG,0.29,0.0,2747100,0.23,50.7,多头,0.291,0.281,,
2026-10-09,表格,5168,HARTA,1.05,-1.87,2711100,0.19,47.46,多头,1.07,1.037,,
2026-10-09,表格,0321,SDCG,0.8,-0.62,2508600,0.41,65.37,多头,0.785,0.764,,
2026-10-09,表格,0045,SSB8,0.665,-0.75,2488400,0.6,62.0,多头,0.637,0.601,,
2026-10-09,表格,0388,SEMICO,0.615,0.0,2483900,0.85,59.01,多头,0.612,0.598,,
2026-10-09,表格,0251,SFPTECH,0.295,1.72,2478100,0.28,57.36,多头,0.278,0.303,,
2026-10-09,表格,0259,SNS,0.535,0.94,2450000,0.32,55.09,空头,0.522,0.531,,
2026-10-09,表格,5183,PCHEM,4.23,-0.7,2425700,0.31,43.38,空头,4.369,4.464,,
2026-10-09,表格,6633,LHI,0.725,-0.68,2398500,1.43,45.69,多头,0.734,0.748,,
2026-10-09,表格,6947,CDB,2.51,1.62,2398200,0.77,35.71,多头,2.582,2.731,,
2026-10-09,表格,0056,NCT,0.57,0.0,2355400,1.08,54.19,多头,0.564,0.562,,
2026-10-09,表格,0457,PENTECH,0.355,1.43,2352400,0.3,58.58,多头,0.344,0.324,,
2026-10-09,表格,4197,SIME,2.5,0.81,2340100,0.17,58.18,空头,2.463,2.344,,
2026-10-09,表格,8869,PMETAL,7.21,1.26,2331400,0.3,35.75,空头,7.41,7.724,,
2026-10-09,表格,0359,HKB,0.815,1.24,2285000,1.02,81.81,多头,0.679,0.622,,
2026-10-09,表格,0267,ECA,0.38,4.11,2223100,0.66,53.04,多头,0.366,0.374,,
2026-10-09,表格,5317,CPETECH,1.36,2.26,2217300,0.59,58.46,多头,1.295,1.194,,
2026-10-09,表格,0215,SLVEST,4.24,1.92,2212800,0.26,64.51,多头,3.965,3.443,,
2026-10-09,表格,2852,CMSB,0.91,0.55,2198300,1.07,28.89,空头,0.959,0.993,,
2026-10-09,表格,4863,TM,7.88,0.13,2163500,0.72,50.14,多头,7.891,7.849,,
2026-10-09,表格,0239,ECOMATE,0.865,0.0,2152900,0.67,52.86,空头,0.864,0.858,,
2026-10-09,表格,5302,ATECH,0.8,1.27,2109200,1.16,58.78,多头,0.77,0.761,,
2026-10-09,表格,0368,OXB,0.545,0.0,2073500,0.5,71.07,多头,0.477,0.451,,
2026-10-09,表格,7225,PA,0.205,0.0,2012100,0.43,47.55,空头,0.207,0.208,,
2026-10-09,表格,0249,LGMS,0.565,-0.88,2006900,2.23,69.2,多头,0.523,0.504,,
2026-10-09,表格,5306,FFB,1.81,3.43,1995600,0.68,34.6,空头,1.881,2.018,,
2026-10-09,表格,1015,AMBANK,6.1,0.0,1962600,0.42,23.12,空头,6.474,6.826,,
2026-10-09,表格,0273,VLB,0.93,0.0,1933700,1.13,53.94,空头,0.922,0.85,,
2026-10-09,表格,5322,FEYTECH,0.23,-2.13,1917500,2.76,48.43,空头,0.232,0.234,,
2026-10-09,表格,5337,ECOSHOP,1.46,2.1,1899300,0.41,49.32,空头,1.461,1.469,,
2026-10-09,表格,0328,3REN,0.4,3.9,1837400,0.93,56.15,多头,0.386,0.391,,
2026-10-09,表格,3182,GENTING,1.86,1.09,1804500,0.43,40.52,空头,1.897,2.026,,
2026-10-09,表格,0277,CLOUDPT,0.52,1.96,1787200,1.09,64.29,多头,0.49,0.479,,
2026-10-09,表格,0373,VERDANT,0.275,0.0,1783500,0.41,67.74,空头,0.251,0.22,,
2026-10-09,表格,5331,PGLOBAL,0.585,4.46,1703300,3.67,72.14,多头,0.54,0.511,,
2026-10-09,表格,0127,JHM,0.6,0.84,1700200,0.3,69.58,多头,0.549,0.493,,
2026-10-09,表格,0172,OCK,0.445,0.0,1652400,0.46,47.76,空头,0.457,0.42,,
2026-10-09,表格,0090,ELSOFT,0.35,9.37,1630400,2.39,76.87,多头,0.284,0.272,,
2026-10-09,表格,0369,JSSOLAR,0.255,8.51,1607100,1.01,62.54,空头,0.233,0.208,,
2026-10-09,表格,0459,SUM,0.825,-1.79,1588100,0.24,70.67,多头,0.75,0.663,,
2026-10-09,表格,0318,ELRIDGE,0.92,-1.08,1576000,0.3,58.88,空头,0.907,0.863,,
2026-10-09,表格,5148,UEMS,0.495,2.06,1563400,0.21,31.76,空头,0.524,0.571,,
2026-10-09,表格,5356,STRATUS,2.85,-2.4,1560600,0.34,45.46,空头,2.963,2.818,,
2026-10-09,表格,0225,SCGBHD,2.83,0.0,1558600,0.17,56.14,多头,2.775,2.599,,
2026-10-09,表格,0185,HSSEB,0.5,13.64,1521400,10.97,61.28,多头,0.469,0.498,,
2026-10-09,表格,5357,SKYECHIP,2.93,0.0,1496600,0.47,44.94,空头,2.974,3.033,,
2026-10-09,表格,7579,AWC,0.645,1.57,1450100,0.66,59.41,空头,0.621,0.529,,
2026-10-09,表格,3662,MFLOUR,0.6,2.56,1439300,0.61,40.75,空头,0.617,0.635,,
2026-10-09,表格,0196,QES,0.64,0.79,1416100,0.37,63.45,多头,0.596,0.582,,
2026-10-09,表格,7160,PENTA,5.9,0.68,1409800,0.41,63.09,多头,5.478,5.356,,
2026-10-09,表格,0475,GBBOND,0.23,4.55,1365800,0.07,,空头,,,,
2026-10-09,表格,8583,MAHSING,0.95,0.53,1332400,0.34,30.03,空头,0.996,1.066,,
2026-10-09,表格,5212,PAVREIT,1.57,1.95,1305400,0.32,49.18,空头,1.564,1.62,,
2026-10-09,表格,0469,GTA,0.265,0.0,1301000,0.14,17.22,空头,0.288,,,
2026-10-09,表格,7081,PHARMA,0.915,-0.54,1298000,0.55,20.5,空头,1.036,1.119,,
2026-10-09,表格,5180,CLMT,0.55,0.0,1255600,0.3,30.74,空头,0.57,0.582,,
2026-10-09,表格,7498,RALCO,1.02,0.0,1251800,2.0,62.64,多头,0.999,0.981,,
2026-10-09,表格,5162,VSTECS,1.72,2.99,1248900,0.74,56.36,多头,1.663,1.678,,
2026-10-09,表格,7277,DIALOG,1.9,0.0,1245600,0.19,43.39,空头,1.927,1.957,,
2026-10-09,表格,0337,SET,0.245,4.26,1237000,0.72,55.55,多头,0.237,0.243,,
2026-10-09,表格,5878,KPJ,2.53,0.4,1221700,0.23,37.16,空头,2.615,2.79,,
2026-10-09,表格,0219,RL,0.295,-1.67,1220800,0.19,40.45,空头,0.304,0.299,,
2026-10-09,表格,0340,NORTHERN,1.24,3.33,1203000,0.16,67.82,多头,1.082,0.83,,
2026-10-09,表格,0456,MMCS,0.34,1.49,1190300,0.93,35.92,空头,0.349,0.383,,
2026-10-09,表格,5053,OSK,1.65,2.48,1174400,0.82,27.42,空头,1.786,1.919,,
2026-10-09,表格,7233,DUFU,3.21,-0.93,1149700,0.37,62.41,多头,3.002,2.804,,
2026-10-09,表格,5288,SIMEPROP,1.24,2.48,1111800,0.19,46.82,多头,1.247,1.285,,
2026-10-09,表格,5284,LCTITAN,0.315,-1.56,1104400,0.55,40.07,空头,0.331,0.33,,
2026-10-09,表格,5176,SUNREIT,2.07,0.49,1095500,0.33,51.58,空头,2.057,2.085,,
2026-10-09,表格,0450,MFGROUP,0.265,-1.85,1082100,1.11,54.17,空头,0.262,0.264,,
2026-10-09,表格,8907,EG,1.76,0.57,1072900,0.21,50.39,空头,1.752,1.778,,
2026-10-09,表格,0037,RGB,0.21,0.0,1064800,1.25,61.14,多头,0.207,0.205,,
2026-10-09,表格,0399,AMS,0.47,-1.05,1061300,0.53,54.5,多头,0.461,0.461,,
2026-10-09,表格,0146,JFTECH,0.77,1.32,1043600,0.57,62.99,多头,0.712,0.691,,
2026-10-09,表格,0223,SAMAIDEN,3.06,1.66,1042500,0.25,69.63,多头,2.694,2.043,,
2026-10-09,表格,5211,SUNWAY,4.39,1.86,1035500,0.2,37.66,空头,4.485,4.817,,
2026-10-09,表格,5072,HIAPTEK,0.255,2.0,1018900,0.98,49.76,空头,0.255,0.258,,
2026-10-09,表格,0167,MCLEAN,0.74,1.37,1003200,0.32,46.05,空头,0.761,0.747,,
2026-10-09,表格,0271,WELLS,0.53,2.91,968600,0.87,26.64,空头,0.582,0.622,,
2026-10-09,表格,1171,MBSB,0.535,0.94,948100,0.27,35.78,空头,0.552,0.582,,
2026-10-09,表格,5323,JPG,1.76,1.15,940800,0.15,38.84,空头,1.823,1.927,,
2026-10-09,表格,0217,PWRWELL,1.19,1.71,937900,0.22,61.35,空头,1.154,1.067,,
2026-10-09,表格,5263,SUNCON,7.64,1.87,911000,0.23,50.08,多头,7.614,7.803,,
2026-10-09,表格,0292,JTGROUP,1.36,-0.73,899700,0.27,70.6,空头,1.236,1.008,,
2026-10-09,表格,5199,HIBISCS,2.18,-1.8,875900,0.16,49.84,空头,2.188,2.128,,
2026-10-09,表格,7293,YINSON,2.13,0.95,873200,0.35,55.63,多头,2.09,2.037,,
2026-10-09,表格,0391,AMBEST,1.33,-0.75,868800,0.3,50.16,空头,1.349,1.235,,
2026-10-09,表格,0097,VITROX,11.08,0.73,853600,0.26,74.28,多头,10.242,9.504,,
2026-10-09,表格,5280,KIPREIT,0.86,0.0,818600,1.32,54.87,多头,0.857,0.851,,
2026-10-09,表格,9792,SEG,0.625,-0.79,775100,0.61,37.72,空头,0.632,0.63,,
2026-10-09,表格,6012,MAXIS,3.55,1.14,772900,0.45,49.99,空头,3.542,3.601,,
2026-10-09,表格,5285,SDG,6.03,0.33,750000,0.06,38.41,空头,6.164,6.401,,
2026-10-09,表格,0466,SRKKAI,0.515,-0.96,749400,0.65,45.34,空头,0.524,0.533,,
2026-10-09,表格,3417,E&O,0.77,0.65,737700,0.41,50.06,空头,0.771,0.767,,
2026-10-09,表格,5227,IGBREIT,2.73,0.37,735900,0.24,44.47,空头,2.767,2.763,,
2026-10-09,表格,5292,UWC,7.95,-0.5,731700,0.18,72.13,多头,7.243,6.754,,
2026-10-09,表格,4715,GENM,1.46,0.0,719400,0.38,31.71,空头,1.506,1.621,,
2026-10-09,表格,0240,CORAZA,1.39,-2.11,718300,0.27,72.58,多头,1.22,1.151,,
2026-10-09,表格,0390,ISF,0.84,0.6,681000,0.22,59.49,空头,0.82,0.756,,
2026-10-09,表格,7052,PADINI,1.06,1.92,676800,0.39,44.77,多头,1.059,1.197,,
2026-10-09,表格,5031,TIMECOM,5.54,0.36,672900,0.43,37.14,空头,5.718,5.87,,
2026-10-09,表格,0245,MNHLDG,3.89,-0.51,664300,0.22,55.11,多头,3.859,3.569,,
2026-10-09,表格,5236,MATRIX,1.07,1.9,658600,0.59,38.66,空头,1.102,1.147,,
2026-10-09,表格,0112,MIKROMB,0.635,-0.78,639100,0.22,51.42,空头,0.638,0.611,,
2026-10-09,表格,5249,IOIPG,3.37,-0.3,637400,0.1,37.58,空头,3.47,3.652,,
2026-10-09,表格,5271,PECCA,1.37,0.0,572500,0.28,53.49,空头,1.369,1.337,,
2026-10-09,表格,0128,FRONTKN,5.07,-0.2,566700,0.12,52.13,空头,5.048,5.057,,
2026-10-09,表格,7195,BNASTRA,2.65,0.76,561700,0.44,84.13,多头,2.476,2.347,,
2026-10-09,表格,3069,MFCB,2.86,2.51,552500,0.51,47.44,空头,2.892,2.867,,
2026-10-09,表格,4383,JTIASA,0.92,-1.08,547500,0.16,31.63,空头,0.966,1.022,,
2026-10-09,表格,0291,CHB,2.8,-0.71,532000,0.33,77.85,多头,2.462,2.157,,
2026-10-09,表格,8206,ECOWLD,1.86,1.64,528500,0.43,41.35,空头,1.89,1.966,,
2026-10-09,表格,6139,TAKAFUL,2.85,0.0,520500,0.38,24.49,空头,2.961,3.1,,
2026-10-09,表格,0265,INFOM,1.89,1.07,512100,0.74,83.57,多头,1.732,1.604,,
2026-10-08,信号,0376,IAB,1.35,9.76,5699200,3.84,57.97,多头,1.27,1.32,🎯 SAR 转多,SAR转多，现价1.35高于50日均线1.32，RSI 57.97处中性偏上，未超买，信号可靠性尚可。
2026-10-08,表格,0138,ZETRIX,0.075,-6.25,197259100,0.43,20.64,空头,0.182,0.401,,
2026-10-08,表格,7113,TOPGLOV,0.87,1.75,107283100,1.49,69.97,多头,0.775,0.706,,
2026-10-08,表格,6963,VS,0.335,3.08,103237600,1.92,77.06,多头,0.272,0.242,,
2026-10-08,表格,0007,PUC,0.035,-12.5,66454800,5.04,49.43,多头,0.036,0.033,,
2026-10-08,表格,4723,JAKS,0.18,2.86,65250100,1.02,61.19,空头,0.166,0.131,,
2026-10-08,表格,0270,NATGATE,1.96,5.38,58965300,2.57,68.76,多头,1.792,1.633,,
2026-10-08,表格,4456,DNEX,0.525,2.94,45113000,1.68,65.56,多头,0.488,0.479,,
2026-10-08,表格,0095,MAG,0.16,3.23,45035500,1.48,59.57,多头,0.156,0.157,,
2026-10-08,表格,7215,NIHSIN,0.39,-1.27,33266300,0.78,70.12,多头,0.355,0.234,,
2026-10-08,表格,7192,GIIB,0.62,5.08,29884100,1.17,70.8,多头,0.579,0.503,,
2026-10-08,表格,5398,GAMUDA,4.93,-2.95,27387100,1.08,54.56,多头,4.907,4.644,,
2026-10-08,表格,7106,SUPERMX,0.44,-1.12,25925900,1.0,62.69,多头,0.407,0.345,,
2026-10-08,表格,1295,PBBANK,4.56,-0.65,22673200,1.42,26.26,空头,4.737,4.896,,
2026-10-08,表格,8052,CGB,0.865,-0.57,21712300,1.17,46.72,多头,0.868,0.869,,
2026-10-08,表格,0166,INARI,2.75,-1.08,20872100,1.21,62.21,多头,2.611,2.5,,
2026-10-08,表格,5078,M&G,0.31,0.0,20649500,1.09,57.61,多头,0.305,0.295,,
2026-10-08,表格,1023,CIMB,7.22,-1.5,18919900,1.41,30.26,空头,7.677,7.742,,
2026-10-08,表格,0278,EDELTEQ,0.425,23.19,18269500,14.38,73.85,多头,0.346,0.347,,
2026-10-08,表格,1155,MAYBANK,9.8,-0.71,18224400,1.46,30.05,空头,10.044,10.219,,
2026-10-08,表格,5151,HEXTAR,0.77,-1.28,15528500,1.07,47.04,多头,0.775,0.775,,
2026-10-08,表格,7121,XL,0.805,-0.62,15320200,0.97,46.12,空头,0.809,0.807,,
2026-10-08,表格,1066,RHBBANK,7.15,-1.38,15232700,1.6,18.98,空头,7.646,8.12,,
2026-10-08,表格,0181,AEMULUS,0.465,4.49,14899000,2.29,63.59,多头,0.423,0.412,,
2026-10-08,表格,0259,SNS,0.53,0.95,14146000,2.01,53.51,空头,0.52,0.53,,
2026-10-08,表格,5161,JCY,0.63,-2.33,13069400,0.66,63.25,多头,0.576,0.516,,
2026-10-08,表格,4677,YTL,2.13,-0.93,12587300,0.86,39.95,空头,2.235,2.227,,
2026-10-08,表格,5168,HARTA,1.07,0.0,12416200,0.88,50.57,多头,1.072,1.035,,
2026-10-08,表格,6742,YTLPOWR,5.55,-1.25,12406400,0.86,48.05,空头,5.646,5.332,,
2026-10-08,表格,0476,SLGC Berhad,0.25,-1.96,12126400,0.21,,多头,,,,
2026-10-08,表格,0359,HKB,0.81,10.2,11947600,7.24,81.59,多头,0.665,0.618,,
2026-10-08,表格,5555,SUNMED,2.11,0.96,11636100,0.6,51.95,空头,2.099,2.081,,
2026-10-08,表格,3174,L&G,0.19,-5.0,11410000,0.48,47.8,空头,0.196,0.183,,
2026-10-08,表格,0473,EVOCOM,0.11,4.76,11134700,0.63,,空头,,,,
2026-10-08,表格,0045,SSB8,0.675,4.65,11055700,3.02,65.02,多头,0.635,0.601,,
2026-10-08,表格,0455,BUSCAP,0.99,21.47,10785500,3.89,86.29,多头,0.622,0.469,,
2026-10-08,表格,0175,HHRG,0.15,-3.23,10372900,0.35,47.12,空头,0.157,0.147,,
2026-10-08,表格,7315,AHB,0.045,-10.0,10200500,0.88,43.01,空头,0.05,0.046,,
2026-10-08,表格,0050,SYSTECH,0.195,11.43,10055700,1.98,69.47,多头,0.165,0.165,,
2026-10-08,表格,0368,OXB,0.545,6.86,9466900,2.4,71.15,多头,0.469,0.45,,
2026-10-08,表格,4324,HENGYUAN,3.77,7.41,9463100,0.81,58.19,空头,3.591,2.715,,
2026-10-08,表格,0246,CNERGEN,1.22,5.17,9347200,2.9,75.16,多头,1.003,0.852,,
2026-10-08,表格,5285,SDG,6.02,-0.17,9013900,0.7,37.28,空头,6.178,6.408,,
2026-10-08,表格,0131,DFX,0.14,-3.45,8749800,1.17,70.08,多头,0.113,0.093,,
2026-10-08,表格,0345,SUNLOGY,0.44,1.15,8726600,0.85,48.53,多头,0.451,0.425,,
2026-10-08,表格,7153,KOSSAN,1.18,2.61,8660200,0.77,52.79,多头,1.165,1.12,,
2026-10-08,表格,0208,GREATEC,2.67,-5.32,8546600,1.53,55.13,多头,2.62,2.578,,
2026-10-08,表格,0120,VIS,0.66,0.0,8309700,1.99,88.12,多头,0.501,0.438,,
2026-10-08,表格,6399,ASTRO,0.055,-8.33,8203100,3.23,44.04,空头,0.058,0.06,,
2026-10-08,表格,2429,TANCO,0.155,3.33,8165800,0.45,35.06,空头,0.167,0.202,,
2026-10-08,表格,5238,AAGB,0.47,-1.05,8080500,0.21,26.15,空头,0.556,0.755,,
2026-10-08,表格,1961,IOICORP,4.55,-1.52,8073500,0.85,38.68,空头,4.686,4.627,,
2026-10-08,表格,5099,CAPITALA,0.225,0.0,8021100,0.3,31.3,空头,0.252,0.305,,
2026-10-08,表格,1015,AMBANK,6.1,-1.29,7962000,1.83,22.76,空头,6.512,6.852,,
2026-10-08,表格,5216,NEXG,0.295,-1.67,7941700,0.58,52.62,多头,0.291,0.28,,
2026-10-08,表格,7204,D&O,0.51,-3.77,7792000,0.47,53.11,空头,0.51,0.436,,
2026-10-08,表格,5347,TENAGA,12.94,0.62,7707000,0.88,41.24,多头,13.045,13.586,,
2026-10-08,表格,0310,UUE,0.785,-4.85,7644400,1.11,63.6,多头,0.729,0.648,,
2026-10-08,表格,3336,IJM,2.78,-2.46,7567300,0.55,50.91,空头,2.791,2.698,,
2026-10-08,表格,5195,CENSOF,0.24,2.13,7339700,6.71,68.93,多头,0.218,0.205,,
2026-10-08,表格,0339,CBHB,1.09,-2.68,7167300,0.7,60.11,多头,1.064,0.912,,
2026-10-08,表格,5031,TIMECOM,5.47,-0.73,7120200,5.56,33.56,空头,5.732,5.877,,
2026-10-08,表格,5184,CYPARK,0.795,-3.05,7104200,0.52,57.56,多头,0.765,0.71,,
2026-10-08,表格,7173,TOYOVEN,0.225,15.38,7068500,51.1,70.16,多头,0.201,0.206,,
2026-10-08,表格,0457,PENTECH,0.355,2.9,6459200,0.82,58.29,多头,0.343,0.324,,
2026-10-08,表格,0051,CUSCAPI,0.045,-10.0,6433400,0.4,34.76,空头,0.053,0.07,,
2026-10-08,表格,0083,NOTION,0.7,-2.78,6410700,0.69,60.59,多头,0.667,0.603,,
2026-10-08,表格,4197,SIME,2.5,0.0,6373400,0.46,58.41,空头,2.463,2.351,,
2026-10-08,表格,0196,QES,0.635,-1.55,6362600,1.74,62.62,多头,0.591,0.581,,
2026-10-08,表格,6888,AXIATA,1.59,-2.45,6343500,0.93,32.99,空头,1.674,1.79,,
2026-10-08,表格,0219,RL,0.3,0.0,6327200,0.96,45.43,空头,0.305,0.299,,
2026-10-08,表格,5286,MI,6.12,-4.08,6139400,1.45,57.8,多头,5.746,5.777,,
2026-10-08,表格,5292,UWC,7.98,-0.75,5988100,1.47,73.31,多头,7.169,6.732,,
2026-10-08,表格,5230,TUNEPRO,0.245,-3.92,5984200,7.11,46.24,多头,0.248,0.259,,
2026-10-08,表格,0215,SLVEST,4.15,-1.66,5971200,0.72,62.05,多头,3.935,3.42,,
2026-10-08,表格,0176,KRONO,0.14,0.0,5787400,1.43,52.6,多头,0.137,0.131,,
2026-10-08,表格,0193,KINERGY,0.395,0.0,5776700,0.51,38.38,空头,0.403,0.41,,
2026-10-08,表格,5264,MALAKOF,0.78,-0.64,5640900,1.52,45.81,空头,0.791,0.806,,
2026-10-08,表格,0453,EIPOWER,0.96,-4.0,5602800,0.68,54.55,空头,0.96,0.816,,
2026-10-08,表格,7155,SKPRES,0.375,1.35,5577400,0.64,66.54,多头,0.351,0.319,,
2026-10-08,表格,3662,MFLOUR,0.59,-1.67,5576300,2.5,32.88,空头,0.619,0.638,,
2026-10-08,表格,5183,PCHEM,4.29,1.66,5539500,0.71,45.52,空头,4.385,4.464,,
2026-10-08,表格,7277,DIALOG,1.9,0.53,5383000,0.8,43.29,空头,1.93,1.958,,
2026-10-08,表格,7225,PA,0.205,0.0,5379600,1.17,47.06,多头,0.208,0.209,,
2026-10-08,表格,7084,QL,3.8,-3.31,5251200,2.75,41.25,空头,3.92,3.928,,
2026-10-08,表格,0262,SUNVIEW,0.365,-7.59,5247700,0.44,42.93,空头,0.383,0.374,,
2026-10-08,表格,7195,BNASTRA,2.63,5.2,5244000,4.69,83.27,多头,2.459,2.346,,
2026-10-08,表格,0024,JAG,0.365,-1.35,5188500,0.77,47.86,空头,0.367,0.368,,
2026-10-08,表格,3417,E&O,0.765,-0.65,5131800,3.26,46.9,空头,0.771,0.768,,
2026-10-08,表格,0225,SCGBHD,2.84,-1.73,5067100,0.53,56.76,多头,2.77,2.593,,
2026-10-08,表格,5326,99SMART,3.12,1.3,5037900,1.26,38.16,多头,3.192,3.393,,
2026-10-08,表格,5225,IHH,7.88,-0.25,4964400,1.2,49.44,多头,7.864,8.014,,
2026-10-08,表格,5323,JPG,1.73,-1.14,4928200,0.75,34.72,空头,1.828,1.93,,
2026-10-08,表格,5211,SUNWAY,4.3,0.47,4895800,0.96,28.18,空头,4.5,4.854,,
2026-10-08,表格,5356,STRATUS,2.94,-4.85,4874400,1.09,49.54,多头,2.978,2.821,,
2026-10-08,表格,0236,RAMSSOL,0.775,-0.64,4862400,0.61,50.16,多头,0.776,0.772,,
2026-10-08,表格,5296,MRDIY,1.24,0.81,4855000,0.49,33.99,空头,1.289,1.389,,
2026-10-08,表格,5249,IOIPG,3.38,2.42,4845800,0.79,37.98,空头,3.481,3.662,,
2026-10-08,表格,2852,CMSB,0.91,-1.62,4808200,2.57,26.87,空头,0.964,0.994,,
2026-10-08,表格,0275,OPPSTAR,0.705,0.0,4805100,0.61,54.63,多头,0.689,0.679,,
2026-10-08,表格,9679,WCT,0.345,0.0,4707000,1.23,33.93,空头,0.365,0.385,,
2026-10-08,表格,8869,PMETAL,7.11,-1.25,4658300,0.6,28.95,空头,7.43,7.739,,
2026-10-08,表格,0251,SFPTECH,0.29,0.0,4642800,0.46,55.35,多头,0.276,0.304,,
2026-10-08,表格,0321,SDCG,0.805,0.0,4642800,0.75,70.23,多头,0.783,0.763,,
2026-10-08,表格,0459,SUM,0.84,0.6,4621800,0.69,75.24,多头,0.742,0.66,,
2026-10-08,表格,0209,AIMFLEX,0.11,0.0,4513400,0.66,41.61,空头,0.116,0.123,,
2026-10-08,表格,0104,GENETEC,0.33,-2.94,4488100,0.8,52.34,多头,0.325,0.339,,
2026-10-08,表格,5302,ATECH,0.785,1.29,4448300,2.69,55.47,多头,0.767,0.761,,
2026-10-08,表格,0391,AMBEST,1.34,0.0,4442400,1.59,51.32,空头,1.352,1.232,,
2026-10-08,表格,0248,YEWLEE,0.62,0.0,4420200,0.42,55.75,多头,0.61,0.611,,
2026-10-08,表格,0468,UNIPAC,0.255,0.0,4415700,0.36,28.84,多头,,,,
2026-10-08,表格,5148,UEMS,0.49,0.0,4386500,0.6,26.21,空头,0.528,0.573,,
2026-10-08,表格,0167,MCLEAN,0.735,-3.92,4336200,1.39,44.6,空头,0.763,0.747,,
2026-10-08,表格,5176,SUNREIT,2.06,-0.96,4262800,1.32,49.67,空头,2.055,2.085,,
2026-10-08,表格,8583,MAHSING,0.94,-2.08,4213600,1.0,25.96,空头,1.001,1.074,,
2026-10-08,表格,5352,MTTSL,1.17,2.63,4205000,0.72,52.56,空头,1.152,1.167,,
2026-10-08,表格,3182,GENTING,1.84,2.22,4089200,0.91,36.99,空头,1.9,2.029,,
2026-10-08,表格,0128,FRONTKN,5.07,-2.5,4023100,0.84,52.2,多头,5.045,5.059,,
2026-10-08,表格,5306,FFB,1.77,0.0,3982600,1.43,22.45,空头,1.89,2.022,,
2026-10-08,表格,7943,GREENTEC,0.315,-4.55,3944200,5.08,83.75,多头,0.239,0.203,,
2026-10-08,表格,5317,CPETECH,1.34,-4.29,3890200,0.96,57.05,多头,1.289,1.192,,
2026-10-08,表格,5102,GCB,1.29,0.78,3806100,0.32,44.27,空头,1.329,1.309,,
2026-10-08,表格,0340,NORTHERN,1.2,3.45,3779800,0.49,65.72,多头,1.065,0.819,,
2026-10-08,表格,0127,JHM,0.6,0.0,3767200,0.66,70.68,多头,0.544,0.493,,
2026-10-08,表格,0298,WENTEL,0.255,-3.77,3749000,2.58,41.56,多头,0.264,0.278,,
2026-10-08,表格,7160,PENTA,5.85,-1.85,3652200,1.08,62.19,多头,5.431,5.346,,
2026-10-08,表格,9113,ICONIC,0.105,5.0,3539800,0.76,70.72,多头,0.091,0.074,,
2026-10-08,表格,0373,VERDANT,0.27,0.0,3525000,0.84,66.14,空头,0.248,0.218,,
2026-10-08,表格,4863,TM,7.86,-1.01,3518400,1.0,49.05,多头,7.89,7.848,,
2026-10-08,表格,5263,SUNCON,7.5,-0.13,3495500,0.91,45.44,多头,7.612,7.813,,
2026-10-08,表格,5309,ITMAX,4.61,-1.71,3454500,1.62,56.69,多头,4.536,4.489,,
2026-10-08,表格,0223,SAMAIDEN,3.02,-1.63,3447200,0.85,69.0,多头,2.657,2.016,,
2026-10-08,表格,0296,HEGROUP,1.15,-1.71,3320000,0.68,73.52,多头,1.052,0.886,,
2026-10-08,表格,0353,WESTRVR,0.46,-4.17,3269800,0.98,67.48,多头,0.412,0.366,,
2026-10-08,表格,0216,SPRING,0.105,-4.55,3244500,23.77,49.32,多头,0.105,0.105,,
2026-10-08,表格,5005,UNISEM,4.31,-2.05,3218200,1.09,48.35,空头,4.342,4.359,,
2026-10-08,表格,5288,SIMEPROP,1.21,-2.42,3204800,0.54,39.95,多头,1.248,1.287,,
2026-10-08,表格,0471,PIONEER,0.32,4.92,3204200,0.33,62.87,多头,,,,
2026-10-08,表格,0318,ELRIDGE,0.92,-1.08,3168800,0.59,59.26,空头,0.905,0.861,,
2026-10-08,表格,0111,K1,0.16,3.23,3129600,0.83,56.27,多头,0.155,0.145,,
2026-10-08,表格,8907,EG,1.75,-0.57,3103000,0.59,48.61,空头,1.752,1.781,,
2026-10-08,表格,0239,ECOMATE,0.865,-0.57,3064200,0.95,52.87,空头,0.864,0.858,,
2026-10-08,表格,0245,MNHLDG,3.91,-2.25,2954200,0.95,56.24,多头,3.857,3.561,,
2026-10-08,表格,8664,SPSETIA,0.72,0.0,2944100,0.5,32.73,空头,0.759,0.82,,
2026-10-08,表格,0161,HEXIND,0.26,4.0,2870100,5.9,54.75,空头,0.256,0.259,,
2026-10-08,表格,4715,GENM,1.45,0.0,2865200,1.32,28.24,空头,1.509,1.623,,
2026-10-08,表格,5259,AVANGAAD,0.295,0.0,2856600,1.07,49.23,多头,0.295,0.296,,
2026-10-08,表格,5301,CTOS,0.555,-1.77,2833600,0.49,34.11,空头,0.597,0.644,,
2026-10-08,表格,0292,JTGROUP,1.38,-2.82,2830100,0.87,73.68,空头,1.224,1.0,,
2026-10-08,表格,9385,LAYHONG,0.24,-4.0,2712600,4.74,37.0,空头,0.248,0.245,,
2026-10-08,表格,5272,RANHILL,3.3,-2.08,2711600,1.25,64.45,多头,3.141,2.73,,
2026-10-08,表格,0192,INTA,0.395,-1.25,2678500,1.06,48.41,空头,0.401,0.386,,
2026-10-08,表格,1171,MBSB,0.54,1.89,2614600,0.72,38.82,空头,0.554,0.583,,
2026-10-08,表格,5243,VELESTO,0.215,-2.27,2613500,0.12,39.34,空头,0.226,0.242,,
2026-10-08,表格,0217,PWRWELL,1.17,-2.5,2543800,0.59,58.23,空头,1.15,1.063,,
2026-10-08,表格,0146,JFTECH,0.76,-4.4,2542800,1.42,61.72,多头,0.706,0.689,,
2026-10-08,表格,7579,AWC,0.645,-2.27,2518000,1.12,60.08,空头,0.619,0.526,,
2026-10-08,表格,5878,KPJ,2.52,0.8,2501600,0.42,36.09,空头,2.621,2.787,,
2026-10-08,表格,0469,GTA,0.27,0.0,2465300,0.22,17.71,空头,0.291,,,
2026-10-08,表格,0375,THMY,2.32,0.0,2430400,1.06,66.61,多头,2.1,1.954,,
2026-10-08,表格,5311,CEB,0.295,-1.67,2422400,0.39,59.8,多头,0.288,0.274,,
2026-10-08,表格,0151,KGB,8.7,-2.79,2415500,0.99,49.53,多头,8.751,8.681,,
2026-10-08,表格,5327,MEGAFB,2.83,2.54,2412800,0.77,74.27,多头,2.615,2.274,,
2026-10-08,表格,0470,BFIELD,0.48,1.05,2388000,0.19,63.39,多头,,,,
2026-10-08,表格,5357,SKYECHIP,2.93,-1.68,2346400,0.75,44.84,空头,2.979,3.037,,
2026-10-08,表格,8524,TALIWRK,0.245,-3.92,2338500,0.93,43.51,空头,0.253,0.262,,
2026-10-08,表格,0395,OGX,0.475,2.15,2314000,0.95,62.04,多头,0.443,0.45,,
2026-10-08,表格,0303,ALPHA,0.28,0.0,2282300,0.98,68.49,多头,0.258,0.257,,
2026-10-08,表格,7233,DUFU,3.25,-4.41,2255300,0.72,64.75,多头,2.98,2.794,,
2026-10-08,表格,4383,JTIASA,0.93,0.0,2245500,0.63,33.37,空头,0.971,1.025,,
2026-10-08,表格,0233,PEKAT,2.83,-1.74,2209500,0.67,68.67,空头,2.599,2.123,,
2026-10-08,表格,0148,SUNZEN,0.225,0.0,2191200,9.52,50.56,多头,0.225,0.225,,
2026-10-08,表格,5053,OSK,1.61,-3.01,2190200,1.53,18.83,空头,1.8,1.928,,
2026-10-08,表格,5199,HIBISCS,2.21,2.79,2185800,0.39,52.68,空头,2.188,2.125,,
2026-10-08,表格,0396,ADNEX,0.455,1.11,2164700,4.08,65.93,多头,0.43,0.42,,
2026-10-08,表格,0097,VITROX,11.02,-1.78,2123600,0.66,74.21,多头,10.157,9.487,,
2026-10-08,表格,5916,MSC,1.6,-3.03,2115700,1.75,34.16,空头,1.696,1.817,,
2026-10-08,表格,6947,CDB,2.48,-1.59,2099400,0.66,28.71,空头,2.59,2.735,,
2026-10-08,表格,5246,WPRTS,6.68,-2.62,2053300,0.45,44.21,多头,6.774,6.85,,
2026-10-08,表格,0172,OCK,0.445,-3.26,2040800,0.58,47.52,空头,0.458,0.421,,
2026-10-08,表格,0267,ECA,0.365,4.29,2040400,0.61,49.26,空头,0.365,0.375,,
2026-10-08,表格,0328,3REN,0.39,-2.5,2025900,1.04,52.16,多头,0.385,0.39,,
2026-10-08,表格,5142,WASCO,0.75,-1.32,1972000,1.2,55.2,多头,0.733,0.722,,
2026-10-08,表格,5248,BAUTO,0.905,-1.09,1958300,0.89,39.18,空头,0.923,0.937,,
2026-10-08,表格,5210,ARMADA,0.325,0.0,1897600,0.31,28.4,空头,0.34,0.345,,
2026-10-08,表格,0390,ISF,0.83,-0.6,1876300,0.6,56.88,空头,0.817,0.754,,
2026-10-08,表格,0240,CORAZA,1.43,0.0,1869200,0.66,79.44,多头,1.203,1.146,,
2026-10-08,表格,5271,PECCA,1.38,0.73,1799400,0.91,57.39,空头,1.37,1.336,,
2026-10-08,表格,5318,DXN,0.46,0.0,1779800,0.99,46.39,空头,0.462,0.461,,
2026-10-08,表格,5185,AFFIN,1.94,-2.51,1719200,2.46,24.05,空头,2.015,2.084,,
2026-10-08,表格,7243,MAGMA,0.275,-1.79,1643800,2.78,30.45,空头,0.284,0.286,,
2026-10-08,表格,5337,ECOSHOP,1.43,-0.69,1636200,0.33,38.97,空头,1.461,1.468,,
2026-10-08,表格,7161,KERJAYA,3.45,-1.15,1635300,0.55,56.49,空头,3.427,3.063,,
2026-10-08,表格,0388,SEMICO,0.615,0.0,1630100,0.56,58.8,多头,0.612,0.598,,
2026-10-08,表格,5212,PAVREIT,1.54,-1.91,1546100,0.37,42.84,空头,1.563,1.622,,
2026-10-08,表格,0372,CHEEDING,0.615,-1.6,1538100,0.38,50.32,多头,0.615,0.609,,
2026-10-08,表格,9059,TSH,1.18,-1.67,1532200,0.62,27.52,空头,1.298,1.316,,
2026-10-08,表格,0399,AMS,0.475,-2.06,1516300,0.74,56.61,多头,0.46,0.461,,
2026-10-08,表格,5284,LCTITAN,0.32,-3.03,1494500,0.7,42.35,空头,0.333,0.33,,
2026-10-08,表格,6633,LHI,0.73,-1.35,1478300,0.88,47.3,多头,0.735,0.749,,
2026-10-08,表格,1651,MRCB,0.275,-1.79,1472500,0.21,30.54,空头,0.29,0.308,,
2026-10-08,表格,4731,SCIENTX,3.69,0.0,1464900,1.57,49.38,空头,3.688,3.71,,
2026-10-08,表格,7081,PHARMA,0.935,-3.61,1453900,0.6,21.89,空头,1.05,1.125,,
2026-10-08,表格,0276,ADB,0.515,18.39,1431500,7.36,61.94,多头,0.46,0.517,,
2026-10-08,表格,7217,EMETALL,0.44,0.0,1428700,3.26,57.26,空头,0.44,0.437,,
2026-10-08,表格,5162,VSTECS,1.68,-4.0,1425200,0.86,52.5,多头,1.657,1.677,,
2026-10-08,表格,7231,WELLCAL,1.12,0.0,1417300,4.18,50.76,多头,1.12,1.114,,
2026-10-08,表格,0272,TTVHB,0.245,-3.92,1399800,0.54,48.19,多头,0.247,0.253,,
2026-10-08,表格,6971,KOBAY,2.09,0.48,1381200,1.37,37.55,空头,2.228,2.319,,
2026-10-08,表格,7133,ULICORP,1.36,-0.73,1378700,5.32,49.11,多头,1.363,1.357,,
2026-10-08,表格,5819,HLBANK,21.12,-1.77,1365500,1.87,32.5,空头,22.096,22.142,,
2026-10-08,表格,0358,ICTZONE,0.225,0.9,1365300,0.48,40.31,空头,0.242,0.25,,
2026-10-08,表格,0023,IFCAMSC,0.2,-2.44,1358000,2.45,41.38,空头,0.204,0.214,,
2026-10-08,表格,5346,HOCKSOON,0.235,0.0,1357700,2.76,20.41,多头,0.264,0.292,,
2026-10-08,表格,7247,SCGM,0.34,-1.45,1333700,1.69,53.09,多头,0.34,0.32,,
2026-10-08,表格,5180,CLMT,0.55,-1.79,1325900,0.32,30.62,空头,0.572,0.583,,
2026-10-08,表格,0351,LSH,1.78,1.71,1315600,2.16,78.96,多头,1.644,1.61,,
2026-10-08,表格,5218,VANTNRG,0.32,0.0,1312500,0.33,39.45,空头,0.333,0.334,,
2026-10-08,表格,5280,KIPREIT,0.855,-1.16,1272800,2.22,50.46,多头,0.856,0.851,,
2026-10-08,表格,5077,MAYBULK,0.37,-1.33,1265300,5.91,49.52,空头,0.371,0.368,,
2026-10-08,表格,5328,LWSABAH,1.66,-1.78,1261400,1.15,47.08,多头,1.686,1.645,,
2026-10-08,表格,7034,TGUAN,1.43,-3.38,1260900,2.5,36.19,空头,1.508,1.536,,
2026-10-08,表格,1818,BURSA,7.97,0.0,1258800,1.06,32.58,空头,8.145,8.363,,
2026-10-08,表格,0249,LGMS,0.57,1.79,1252200,1.48,72.06,多头,0.518,0.503,,
2026-10-08,表格,0338,KOPI,0.885,-0.56,1217600,0.42,34.41,空头,0.911,0.967,,
2026-10-08,表格,7293,YINSON,2.11,-2.31,1213500,0.47,53.65,多头,2.087,2.04,,
2026-10-08,表格,7252,TEOSENG,0.835,-0.6,1212000,2.78,56.89,多头,0.821,0.839,,
2026-10-08,表格,0285,MERSEC,0.27,0.0,1182000,1.16,41.34,空头,0.274,0.276,,
2026-10-08,表格,5209,GASMSIA,5.37,2.29,1166600,1.27,69.26,多头,5.04,5.032,,
2026-10-08,表格,0273,VLB,0.95,1.06,1153900,0.66,57.02,空头,0.923,0.847,,
2026-10-08,表格,5056,ENGTEX,0.415,0.0,1153200,1.05,40.99,空头,0.426,0.435,,
2026-10-08,表格,0475,GBBOND,0.22,0.0,1152100,0.05,,空头,,,,
2026-10-08,表格,0099,SCICOM,2.26,-1.31,1140500,2.37,48.33,多头,2.29,2.226,,
2026-10-08,表格,5330,TMK,2.65,-3.99,1131600,0.81,39.29,空头,2.822,2.813,,
2026-10-08,表格,7052,PADINI,1.06,0.95,1114500,0.62,44.36,多头,1.06,1.198,,
2026-10-08,表格,3816,MISC,7.6,-1.3,1105100,0.67,41.83,空头,7.753,7.916,,
2026-10-08,表格,0271,WELLS,0.515,3.0,1099300,0.99,18.01,空头,0.588,0.624,,
2026-10-08,表格,8206,ECOWLD,1.84,0.0,1087200,0.79,35.76,空头,1.894,1.968,,
2026-10-08,表格,0090,ELSOFT,0.32,3.23,1081400,1.73,71.36,多头,0.277,0.272,,
2026-10-08,表格,9792,SEG,0.63,0.0,1053900,0.81,44.85,空头,0.633,0.63,,
2026-10-08,表格,0037,RGB,0.21,0.0,1016700,1.22,61.58,多头,0.206,0.205,,
2026-10-08,表格,5335,HI,1.78,-0.56,1004300,1.05,41.42,空头,1.818,1.837,,
2026-10-08,表格,5351,EMPIRE,0.85,-1.73,993500,0.5,44.27,多头,0.858,0.925,,
2026-10-08,表格,0392,KEEMING,2.58,-1.15,991600,1.46,53.67,空头,2.558,2.407,,
2026-10-08,表格,0366,ICENTS,0.86,-2.27,991100,0.57,57.26,空头,0.839,0.766,,
2026-10-08,表格,5126,SOP,5.25,-5.23,978700,1.9,33.71,空头,5.669,5.573,,
2026-10-08,表格,0277,CLOUDPT,0.505,0.0,971900,0.59,59.79,多头,0.486,0.478,,
2026-10-08,表格,2488,ABMB,4.53,-1.09,959100,0.84,25.72,空头,4.736,4.816,,
2026-10-08,表格,7095,PIE,1.63,-2.98,956500,0.93,44.19,空头,1.699,1.652,,
2026-10-08,表格,7174,CAB,0.63,-0.79,918600,0.67,78.51,多头,0.575,0.54,,
2026-10-08,表格,3069,MFCB,2.78,-2.11,917300,0.8,40.05,空头,2.894,2.862,,
2026-10-08,表格,5200,UOADEV,1.5,-2.6,900800,5.46,22.41,空头,1.57,1.621,,
2026-10-08,表格,5109,YTLREIT,0.965,-0.52,897400,1.37,30.54,空头,0.987,1.002,,
2026-10-08,表格,1287,EXSIMHB,0.505,0.0,879800,1.33,62.76,空头,0.499,0.477,,
2026-10-08,表格,0112,MIKROMB,0.635,-1.55,858200,0.27,51.41,空头,0.638,0.611,,
2026-10-08,表格,7245,CITAGLB,1.11,1.83,838200,2.4,59.64,多头,1.077,1.002,,
2026-10-08,表格,5141,DAYANG,1.45,-0.68,837600,0.37,44.39,多头,1.462,1.495,,
2026-10-08,表格,5202,MSM,0.62,-2.36,835300,1.8,42.66,空头,0.639,0.656,,
2026-10-08,表格,5236,MATRIX,1.06,-0.93,827100,0.75,32.51,空头,1.11,1.159,,
2026-10-08,表格,0293,KJTS,0.965,-2.53,826100,0.56,42.11,多头,1.014,1.03,,
2026-10-08,表格,6139,TAKAFUL,2.84,-1.39,796100,0.57,23.32,空头,2.971,3.106,,
2026-10-08,表格,6012,MAXIS,3.51,-0.28,795900,0.46,44.86,空头,3.541,3.604,,
2026-10-08,表格,0291,CHB,2.83,0.71,781400,0.46,80.28,多头,2.429,2.142,,
2026-10-08,表格,0466,SRKKAI,0.52,0.0,758500,0.65,47.07,多头,0.525,0.534,,
2026-10-08,表格,4243,WTK,0.9,1.12,753000,0.38,33.54,空头,0.972,1.018,,
2026-10-08,表格,5227,IGBREIT,2.72,-2.16,747800,0.24,42.78,空头,2.771,2.763,,
2026-10-08,表格,0325,NE,1.13,-3.42,733800,0.47,53.47,空头,1.117,1.086,,
2026-10-08,表格,7134,PWF,0.735,-0.68,722400,34.34,47.95,多头,0.739,0.744,,
2026-10-08,表格,9075,THETA,0.57,-0.87,713400,0.59,34.58,空头,0.629,0.663,,
2026-10-08,表格,3794,MCEMENT,5.52,-1.6,711900,0.43,42.75,多头,5.601,5.965,,
2026-10-08,表格,1562,SPTOTO,1.34,-1.47,680300,0.97,62.69,多头,1.288,1.293,,
2026-10-08,表格,5088,APEX,0.6,3.45,677100,14.94,44.15,空头,0.623,0.637,,
2026-10-08,表格,0265,INFOM,1.85,-1.6,670700,1.02,77.53,多头,1.714,1.597,,
2026-10-08,表格,5258,BIMB,2.01,-0.5,643800,0.68,29.95,空头,2.062,2.097,,
2026-10-08,表格,6599,AEON,0.94,0.53,638900,0.76,36.91,多头,0.956,0.991,,
2026-10-08,表格,0056,NCT,0.56,0.0,618200,0.28,48.44,空头,0.562,0.561,,
2026-10-08,表格,0311,GOHUB,1.18,5.36,615200,4.34,53.82,空头,1.162,1.156,,
2026-10-08,表格,6459,MNRB,2.72,-2.16,586900,1.46,34.92,空头,2.842,2.882,,
2026-10-08,表格,2089,UTDPLT,30.42,-2.44,579800,0.94,31.59,空头,31.896,32.655,,
2026-10-08,表格,5106,AXREIT,1.84,-1.6,553100,0.41,52.32,多头,1.825,1.834,,
2026-10-08,表格,5401,TROP,1.17,-1.68,544000,0.48,46.26,多头,1.183,1.192,,
2026-10-07,信号,7195,BNASTRA,2.5,1.21,1962300,1.91,71.54,多头,2.441,2.334,🎯 SAR 转多,现价RM2.5高于50日均线RM2.334，趋势偏强；但RSI达71.54，已进入超买区，SAR转多信号可靠性需谨慎看待。
2026-10-07,表格,7113,TOPGLOV,0.855,-2.29,350162300,6.36,68.35,多头,0.765,0.702,,
2026-10-07,表格,0138,ZETRIX,0.08,-11.11,300628000,0.59,21.03,空头,0.194,0.413,,
2026-10-07,表格,6963,VS,0.325,-1.52,103633300,2.12,75.34,多头,0.266,0.24,,
2026-10-07,表格,7106,SUPERMX,0.445,-3.26,79012600,3.49,64.35,多头,0.404,0.342,,
2026-10-07,表格,0043,MTRONIC,0.005,0.0,65389900,67.64,47.04,空头,0.007,0.006,,
2026-10-07,表格,7215,NIHSIN,0.395,5.33,47838900,1.15,72.46,多头,0.351,0.228,,
2026-10-07,表格,5161,JCY,0.645,2.38,35739100,1.94,66.8,多头,0.57,0.511,,
2026-10-07,表格,1023,CIMB,7.33,-4.81,34801500,2.84,33.09,空头,7.725,7.75,,
2026-10-07,表格,4456,DNEX,0.51,2.0,34714700,1.31,61.53,多头,0.484,0.477,,
2026-10-07,表格,0476,SLGC Berhad,0.255,2.0,34486300,0.41,,多头,,,,
2026-10-07,表格,5168,HARTA,1.07,-4.46,32454600,2.56,50.55,多头,1.073,1.033,,
2026-10-07,表格,7153,KOSSAN,1.15,-8.0,29347800,2.95,49.39,多头,1.164,1.117,,
2026-10-07,表格,0166,INARI,2.78,4.12,28144800,1.61,64.95,多头,2.597,2.489,,
2026-10-07,表格,9393,ITRONIC,0.03,0.0,27715800,22.53,46.69,空头,0.031,0.031,,
2026-10-07,表格,0259,SNS,0.525,3.96,23970200,3.93,51.84,空头,0.519,0.531,,
2026-10-07,表格,0095,MAG,0.155,0.0,23879100,0.78,46.33,多头,0.156,0.158,,
2026-10-07,表格,5243,VELESTO,0.22,2.33,23463600,1.13,42.12,空头,0.227,0.243,,
2026-10-07,表格,7192,GIIB,0.59,-2.48,22768500,0.87,63.04,多头,0.574,0.501,,
2026-10-07,表格,4723,JAKS,0.175,-2.78,22605800,0.35,59.26,空头,0.164,0.129,,
2026-10-07,表格,5398,GAMUDA,5.08,1.6,21593100,0.84,64.75,多头,4.904,4.629,,
2026-10-07,表格,0270,NATGATE,1.86,2.2,21540800,0.94,62.39,空头,1.775,1.616,,
2026-10-07,表格,8052,CGB,0.87,0.58,20529200,1.11,51.38,多头,0.868,0.87,,
2026-10-07,表格,7079,TWL,0.025,0.0,20520000,1.07,51.85,空头,0.025,0.025,,
2026-10-07,表格,0163,CAREPLS,0.085,-5.56,20184800,1.89,55.42,空头,0.082,0.078,,
2026-10-07,表格,7121,XL,0.81,0.0,19577600,1.27,50.2,空头,0.81,0.807,,
2026-10-07,表格,1155,MAYBANK,9.87,-1.0,19468300,1.63,33.07,空头,10.069,10.233,,
2026-10-07,表格,0345,SUNLOGY,0.435,-8.42,19429100,2.03,47.27,多头,0.452,0.423,,
2026-10-07,表格,5078,M&G,0.31,0.0,18784000,0.98,57.61,空头,0.305,0.294,,
2026-10-07,表格,5151,HEXTAR,0.78,0.0,18750300,1.33,53.14,多头,0.775,0.775,,
2026-10-07,表格,5238,AAGB,0.475,-4.04,18090900,0.48,26.65,空头,0.565,0.768,,
2026-10-07,表格,1295,PBBANK,4.59,-1.71,17805500,1.08,28.06,空头,4.756,4.906,,
2026-10-07,表格,0175,HHRG,0.155,6.9,17565000,0.54,49.4,空头,0.158,0.147,,
2026-10-07,表格,1066,RHBBANK,7.25,-2.42,15873200,1.74,21.04,空头,7.699,8.144,,
2026-10-07,表格,0262,SUNVIEW,0.395,-4.82,14509000,1.24,57.39,多头,0.385,0.374,,
2026-10-07,表格,4677,YTL,2.15,-0.92,13971700,0.97,41.39,空头,2.246,2.222,,
2026-10-07,表格,0459,SUM,0.835,3.09,13862900,2.21,74.74,多头,0.731,0.654,,
2026-10-07,表格,5184,CYPARK,0.82,-2.38,13761400,1.04,62.53,多头,0.762,0.708,,
2026-10-07,表格,2429,TANCO,0.15,0.0,13275400,0.71,30.36,空头,0.168,0.204,,
2026-10-07,表格,0083,NOTION,0.72,0.0,12822500,1.44,66.04,多头,0.663,0.599,,
2026-10-07,表格,0457,PENTECH,0.345,-5.48,12023800,1.56,54.32,多头,0.342,0.322,,
2026-10-07,表格,0104,GENETEC,0.34,3.03,11744200,2.24,57.97,多头,0.324,0.339,,
2026-10-07,表格,0193,KINERGY,0.395,0.0,11367900,1.0,38.38,空头,0.404,0.411,,
2026-10-07,表格,0196,QES,0.645,6.61,11321200,3.62,65.8,多头,0.587,0.579,,
2026-10-07,表格,0248,YEWLEE,0.62,1.64,11133600,1.05,55.75,多头,0.609,0.61,,
2026-10-07,表格,5142,WASCO,0.76,7.04,11010800,9.61,58.57,多头,0.731,0.721,,
2026-10-07,表格,0131,DFX,0.145,-6.45,10977300,1.58,74.39,多头,0.111,0.092,,
2026-10-07,表格,0120,VIS,0.66,4.76,10817200,2.93,88.12,多头,0.484,0.433,,
2026-10-07,表格,5285,SDG,6.03,-1.47,10681000,0.84,37.72,空头,6.194,6.419,,
2026-10-07,表格,1015,AMBANK,6.18,-4.48,10629100,2.7,24.89,空头,6.556,6.862,,
2026-10-07,表格,7191,ADVENTA,0.155,-6.06,10387900,18.53,61.91,多头,0.14,0.134,,
2026-10-07,表格,0310,UUE,0.825,5.1,10291500,1.42,73.44,多头,0.724,0.643,,
2026-10-07,表格,5216,NEXG,0.3,1.69,10259900,0.69,54.62,多头,0.291,0.279,,
2026-10-07,表格,0209,AIMFLEX,0.11,0.0,9845400,1.52,41.61,空头,0.116,0.123,,
2026-10-07,表格,6742,YTLPOWR,5.62,0.72,9801000,0.68,51.06,空头,5.656,5.305,,
2026-10-07,表格,0275,OPPSTAR,0.705,-0.7,9694800,1.25,54.63,多头,0.688,0.675,,
2026-10-07,表格,3336,IJM,2.85,3.26,9638400,0.71,57.57,空头,2.792,2.69,,
2026-10-07,表格,5286,MI,6.38,6.33,9524400,2.48,64.06,多头,5.707,5.763,,
2026-10-07,表格,0050,SYSTECH,0.2,14.29,9494800,1.87,71.11,多头,0.166,0.165,,
2026-10-07,表格,1651,MRCB,0.28,0.0,9247300,1.35,33.85,空头,0.292,0.309,,
2026-10-07,表格,0236,RAMSSOL,0.78,-0.64,8868800,1.12,51.63,多头,0.776,0.772,,
2026-10-07,表格,8869,PMETAL,7.2,0.14,8624200,1.15,31.79,空头,7.464,7.754,,
2026-10-07,表格,5296,MRDIY,1.23,-1.6,8621100,0.84,31.06,空头,1.294,1.396,,
2026-10-07,表格,0251,SFPTECH,0.29,-1.69,8356700,0.83,55.35,多头,0.275,0.305,,
2026-10-07,表格,2127,COMFORT,0.175,0.0,8351600,6.83,66.4,多头,0.161,0.153,,
2026-10-07,表格,5347,TENAGA,12.86,-0.31,8258300,0.96,37.26,多头,13.056,13.613,,
2026-10-07,表格,7155,SKPRES,0.37,-2.63,8192900,0.96,64.85,多头,0.348,0.318,,
2026-10-07,表格,9008,OMESTI,0.07,-6.67,8055100,1.63,38.77,空头,0.075,0.078,,
2026-10-07,表格,0339,CBHB,1.12,-2.61,7856200,0.69,66.79,多头,1.061,0.903,,
2026-10-07,表格,0225,SCGBHD,2.89,-0.69,7838300,0.78,60.13,多头,2.763,2.581,,
2026-10-07,表格,5311,CEB,0.3,-1.64,7804300,1.27,65.41,多头,0.287,0.273,,
2026-10-07,表格,5555,SUNMED,2.09,0.48,7784700,0.4,49.12,空头,2.098,2.078,,
2026-10-07,表格,5246,WPRTS,6.86,0.44,7643500,1.75,55.66,多头,6.784,6.849,,
2026-10-07,表格,0321,SDCG,0.805,0.0,7639800,1.25,70.22,多头,0.781,0.762,,
2026-10-07,表格,0395,OGX,0.465,3.33,7565700,3.23,59.17,多头,0.44,0.45,,
2026-10-07,表格,4197,SIME,2.5,0.81,7553900,0.52,58.41,空头,2.46,2.342,,
2026-10-07,表格,6888,AXIATA,1.63,0.0,7421900,1.09,37.31,空头,1.683,1.798,,
2026-10-07,表格,0296,HEGROUP,1.17,5.41,7309100,1.51,78.63,多头,1.042,0.875,,
2026-10-07,表格,0127,JHM,0.6,0.0,7269100,1.34,70.69,多头,0.539,0.489,,
2026-10-07,表格,7803,HEXCARE,0.06,0.0,7092100,4.07,47.86,空头,0.061,0.061,,
2026-10-07,表格,5148,UEMS,0.49,-2.0,7005100,0.98,26.23,空头,0.532,0.575,,
2026-10-07,表格,9377,FSBM,0.09,5.88,7002700,0.3,34.41,空头,0.112,0.15,,
2026-10-07,表格,0328,3REN,0.4,2.56,6996100,4.27,57.74,多头,0.385,0.39,,
2026-10-07,表格,0208,GREATEC,2.82,1.08,6685500,1.23,71.17,多头,2.615,2.571,,
2026-10-07,表格,0468,UNIPAC,0.255,-8.93,6655300,0.53,28.84,多头,,,,
2026-10-07,表格,5225,IHH,7.9,-0.13,6306800,1.59,50.47,多头,7.862,8.022,,
2026-10-07,表格,0219,RL,0.3,0.0,6276100,0.95,45.39,空头,0.305,0.298,,
2026-10-07,表格,4324,HENGYUAN,3.51,1.45,6217400,0.52,52.68,空头,3.573,2.667,,
2026-10-07,表格,9679,WCT,0.345,-2.82,6163300,1.66,33.94,空头,0.367,0.386,,
2026-10-07,表格,0359,HKB,0.735,9.7,6135800,4.53,74.37,多头,0.65,0.613,,
2026-10-07,表格,5005,UNISEM,4.4,0.46,6076000,2.26,52.09,空头,4.346,4.368,,
2026-10-07,表格,7204,D&O,0.53,0.95,6049500,0.37,57.54,空头,0.51,0.432,,
2026-10-07,表格,8338,DATAPRP,0.07,7.69,6028300,0.77,46.85,空头,0.072,0.073,,
2026-10-07,表格,5309,ITMAX,4.69,2.4,5940900,2.91,63.94,多头,4.528,4.489,,
2026-10-07,表格,9113,ICONIC,0.1,0.0,5924400,1.17,67.18,多头,0.089,0.073,,
2026-10-07,表格,0353,WESTRVR,0.48,5.49,5689300,1.82,75.66,多头,0.407,0.363,,
2026-10-07,表格,5306,FFB,1.77,-1.67,5622600,2.0,22.48,空头,1.902,2.031,,
2026-10-07,表格,0128,FRONTKN,5.2,0.0,5622500,1.18,61.57,多头,5.042,5.058,,
2026-10-07,表格,7233,DUFU,3.4,3.66,5569500,1.91,74.04,多头,2.952,2.78,,
2026-10-07,表格,5253,ECONBHD,0.125,0.0,5388000,1.19,55.36,多头,0.121,0.125,,
2026-10-07,表格,8907,EG,1.76,1.15,5347700,1.03,50.13,空头,1.753,1.782,,
2026-10-07,表格,5219,PESTEC,0.05,0.0,5328300,1.06,24.16,多头,0.055,0.059,,
2026-10-07,表格,0143,KEYASIC,0.06,-7.69,5298900,0.83,47.47,空头,0.063,0.059,,
2026-10-07,表格,0375,THMY,2.32,-3.73,5268600,2.39,66.62,多头,2.077,1.943,,
2026-10-07,表格,5099,CAPITALA,0.225,-4.26,5201000,0.19,31.32,空头,0.255,0.308,,
2026-10-07,表格,0024,JAG,0.37,0.0,5175000,0.76,53.59,空头,0.367,0.368,,
2026-10-07,表格,8664,SPSETIA,0.72,-2.7,5150900,0.91,32.75,空头,0.763,0.824,,
2026-10-07,表格,0186,PTRANS,0.17,-2.86,5129500,0.66,33.09,空头,0.188,0.197,,
2026-10-07,表格,0340,NORTHERN,1.16,-9.38,5052900,0.68,63.51,多头,1.051,0.809,,
2026-10-07,表格,0318,ELRIDGE,0.93,0.0,5051400,0.98,64.02,多头,0.903,0.86,,
2026-10-07,表格,0181,AEMULUS,0.445,-2.2,4963300,0.77,59.26,多头,0.419,0.41,,
2026-10-07,表格,5176,SUNREIT,2.08,1.96,4908700,1.61,53.92,空头,2.055,2.088,,
2026-10-07,表格,0215,SLVEST,4.22,-3.43,4713800,0.55,65.12,多头,3.913,3.397,,
2026-10-07,表格,0277,CLOUDPT,0.505,1.0,4633100,3.15,59.81,多头,0.484,0.476,,
2026-10-07,表格,3182,GENTING,1.8,-2.17,4561300,1.02,29.13,空头,1.906,2.035,,
2026-10-07,表格,5357,SKYECHIP,2.98,-1.97,4555200,1.53,49.09,空头,2.984,3.037,,
2026-10-07,表格,0280,MBN,0.155,0.0,4533300,1.18,52.53,多头,0.154,0.151,,
2026-10-07,表格,0453,EIPOWER,1.0,-0.99,4521700,0.55,61.25,空头,0.96,0.809,,
2026-10-07,表格,0239,ECOMATE,0.87,0.0,4427800,1.43,59.71,空头,0.864,0.858,,
2026-10-07,表格,5115,ALAM,0.23,15.0,4419800,7.96,50.99,多头,0.225,0.242,,
2026-10-07,表格,0291,CHB,2.81,4.46,4414600,2.83,79.81,多头,2.386,2.122,,
2026-10-07,表格,0065,EFORCE,0.16,3.23,4350900,0.58,40.0,空头,0.191,0.176,,
2026-10-07,表格,0368,OXB,0.51,-2.86,4234300,1.09,65.38,多头,0.462,0.446,,
2026-10-07,表格,0303,ALPHA,0.28,-1.75,4153900,1.93,68.5,多头,0.255,0.257,,
2026-10-07,表格,5292,UWC,8.04,0.5,4131900,1.03,75.4,多头,7.084,6.695,,
2026-10-07,表格,0373,VERDANT,0.27,-1.82,4029700,1.0,66.16,空头,0.246,0.217,,
2026-10-07,表格,0172,OCK,0.46,-3.16,4007300,1.21,53.77,空头,0.46,0.419,,
2026-10-07,表格,0372,CHEEDING,0.625,-3.85,3974200,1.03,52.83,多头,0.615,0.609,,
2026-10-07,表格,1961,IOICORP,4.62,-1.07,3944700,0.4,43.58,空头,4.701,4.624,,
2026-10-07,表格,3174,L&G,0.2,0.0,3930800,0.16,54.23,空头,0.197,0.183,,
2026-10-07,表格,5211,SUNWAY,4.28,-0.23,3929000,0.76,26.01,空头,4.521,4.871,,
2026-10-07,表格,0292,JTGROUP,1.42,4.41,3902100,1.26,80.38,多头,1.208,0.985,,
2026-10-07,表格,7293,YINSON,2.16,1.89,3849100,1.52,59.41,多头,2.085,2.036,,
2026-10-07,表格,5352,MTTSL,1.14,0.0,3798700,0.61,47.85,空头,1.15,1.164,,
2026-10-07,表格,0388,SEMICO,0.615,0.82,3737400,1.26,58.78,多头,0.612,0.597,,
2026-10-07,表格,5249,IOIPG,3.3,-0.6,3715600,0.6,29.1,空头,3.491,3.667,,
2026-10-07,表格,5102,GCB,1.28,-0.78,3692300,0.3,42.67,空头,1.333,1.307,,
2026-10-07,表格,0249,LGMS,0.56,-1.75,3688800,5.48,69.91,多头,0.513,0.501,,
2026-10-07,表格,0146,JFTECH,0.795,1.27,3610000,2.2,70.35,多头,0.7,0.686,,
2026-10-07,表格,0391,AMBEST,1.34,-2.19,3598800,1.35,51.33,空头,1.353,1.222,,
2026-10-07,表格,2852,CMSB,0.925,-1.07,3587000,2.09,29.97,空头,0.97,0.997,,
2026-10-07,表格,0176,KRONO,0.14,3.7,3539000,0.84,52.6,空头,0.137,0.131,,
2026-10-07,表格,7120,AXTERIA,0.11,0.0,3534500,11.4,47.51,多头,0.11,0.12,,
2026-10-07,表格,5878,KPJ,2.5,-2.72,3526300,0.54,33.54,空头,2.632,2.799,,
2026-10-07,表格,5356,STRATUS,3.09,-1.28,3499000,0.81,57.97,多头,2.982,2.804,,
2026-10-07,表格,7081,PHARMA,0.97,-2.51,3485300,1.49,25.35,空头,1.062,1.129,,
2026-10-07,表格,0348,CLITE,0.245,-3.92,3476500,2.14,63.48,多头,0.228,0.199,,
2026-10-07,表格,5210,ARMADA,0.325,-1.52,3469000,0.57,28.35,空头,0.341,0.346,,
2026-10-07,表格,0045,SSB8,0.645,0.0,3451400,0.94,57.54,多头,0.631,0.598,,
2026-10-07,表格,0167,MCLEAN,0.765,-1.92,3330600,1.1,50.56,多头,0.766,0.746,,
2026-10-07,表格,0223,SAMAIDEN,3.07,-1.6,3279500,0.82,71.47,多头,2.619,1.985,,
2026-10-07,表格,1171,MBSB,0.53,-1.85,3278300,0.9,31.86,空头,0.556,0.585,,
2026-10-07,表格,5162,VSTECS,1.75,1.16,3238300,2.12,62.19,多头,1.655,1.678,,
2026-10-07,表格,7174,CAB,0.635,-1.55,3237700,2.65,81.85,多头,0.569,0.538,,
2026-10-07,表格,5288,SIMEPROP,1.24,0.0,3197300,0.54,45.41,多头,1.252,1.289,,
2026-10-07,表格,5263,SUNCON,7.51,0.13,3176500,0.85,45.73,多头,7.624,7.814,,
2026-10-07,表格,0240,CORAZA,1.43,0.7,3146100,1.08,79.45,多头,1.179,1.139,,
2026-10-07,表格,7277,DIALOG,1.89,1.07,3093300,0.45,41.41,空头,1.934,1.96,,
2026-10-07,表格,1562,SPTOTO,1.36,3.03,3068500,5.17,68.89,多头,1.283,1.293,,
2026-10-07,表格,7943,GREENTEC,0.33,22.22,3035100,4.85,94.05,多头,0.231,0.201,,
2026-10-07,表格,8583,MAHSING,0.96,0.52,3029800,0.7,29.5,空头,1.007,1.075,,
2026-10-07,表格,0217,PWRWELL,1.2,0.0,3010300,0.71,65.7,多头,1.148,1.057,,
2026-10-07,表格,0245,MNHLDG,4.0,0.0,2995600,0.96,61.87,多头,3.851,3.541,,
2026-10-07,表格,5317,CPETECH,1.4,2.19,2987600,0.73,63.86,多头,1.284,1.184,,
2026-10-07,表格,7160,PENTA,5.96,-1.97,2939900,0.88,65.74,多头,5.387,5.329,,
2026-10-07,表格,0338,KOPI,0.89,-1.11,2856200,1.0,35.97,空头,0.914,0.968,,
2026-10-07,表格,0330,SUPREME,0.2,0.0,2801900,14.03,52.31,多头,0.199,0.198,,
2026-10-07,表格,5323,JPG,1.75,-1.69,2794100,0.41,36.44,空头,1.839,1.935,,
2026-10-07,表格,3417,E&O,0.77,0.0,2773300,1.93,49.66,空头,0.772,0.768,,
2026-10-07,表格,5271,PECCA,1.37,0.0,2715200,1.42,53.6,空头,1.369,1.334,,
2026-10-07,表格,0399,AMS,0.485,1.04,2668500,1.33,60.97,多头,0.458,0.461,,
2026-10-07,表格,0475,GBBOND,0.22,-2.22,2662500,0.09,,空头,,,,
2026-10-07,表格,5209,GASMSIA,5.25,3.14,2640000,3.26,64.79,多头,5.005,5.027,,
2026-10-07,表格,0466,SRKKAI,0.52,-3.7,2636700,2.45,47.07,多头,0.526,0.533,,
2026-10-07,表格,3662,MFLOUR,0.6,-1.64,2535900,1.15,36.4,空头,0.622,0.638,,
2026-10-07,表格,6947,CDB,2.52,-0.4,2489900,0.79,32.36,多头,2.602,2.743,,
2026-10-07,表格,4863,TM,7.94,-0.38,2467700,0.68,53.7,多头,7.893,7.843,,
2026-10-07,表格,5328,LWSABAH,1.69,1.2,2450300,2.36,51.54,多头,1.688,1.642,,
2026-10-07,表格,0397,5ER,0.2,0.0,2443100,2.4,42.14,多头,0.202,0.211,,
2026-10-07,表格,0455,BUSCAP,0.815,-1.21,2421300,0.9,80.67,多头,0.583,0.455,,
2026-10-07,表格,5337,ECOSHOP,1.44,-1.37,2410100,0.47,41.63,空头,1.465,1.469,,
2026-10-07,表格,5327,MEGAFB,2.76,0.73,2385500,0.73,71.1,多头,2.592,2.252,,
2026-10-07,表格,4715,GENM,1.45,-1.36,2377300,1.06,28.25,空头,1.515,1.63,,
2026-10-07,表格,0469,GTA,0.27,-1.82,2345600,0.16,17.71,空头,0.293,,,
2026-10-07,表格,4383,JTIASA,0.93,-3.12,2234000,0.62,33.35,空头,0.975,1.028,,
2026-10-07,表格,5053,OSK,1.66,-2.35,2228600,1.62,21.7,空头,1.82,1.935,,
2026-10-07,表格,5351,EMPIRE,0.865,6.13,2216400,1.16,48.05,多头,0.858,0.928,,
2026-10-07,表格,0056,NCT,0.56,0.0,2206500,0.99,48.46,空头,0.562,0.562,,
2026-10-07,表格,5301,CTOS,0.565,1.8,2200500,0.37,36.15,空头,0.601,0.646,,
2026-10-07,表格,5199,HIBISCS,2.15,0.47,2182200,0.38,47.17,空头,2.186,2.119,,
2026-10-07,表格,5284,LCTITAN,0.33,0.0,2149500,1.02,47.63,空头,0.334,0.33,,
2026-10-07,表格,7579,AWC,0.66,-5.04,2116100,0.95,64.06,空头,0.617,0.522,,
2026-10-07,表格,5326,99SMART,3.08,-1.28,2068100,0.52,32.97,空头,3.199,3.402,,
2026-10-07,表格,0233,PEKAT,2.88,-2.7,2066500,0.61,72.36,多头,2.575,2.102,,
2026-10-07,表格,6971,KOBAY,2.08,-2.35,2047500,2.19,36.62,空头,2.242,2.322,,
2026-10-07,表格,0097,VITROX,11.22,1.08,2015000,0.62,81.09,多头,10.066,9.427,,
2026-10-07,表格,5336,CKI,0.36,5.88,2004800,1.26,44.42,空头,0.364,0.388,,
2026-10-07,表格,5205,SENDAI,0.25,4.17,1893400,0.81,46.05,空头,0.256,0.263,,
2026-10-07,表格,0090,ELSOFT,0.31,3.33,1878300,3.47,68.71,多头,0.272,0.27,,
2026-10-07,表格,0192,INTA,0.4,-2.44,1828200,0.74,51.18,空头,0.401,0.385,,
2026-10-07,表格,4243,WTK,0.89,-3.78,1801400,0.89,31.05,空头,0.979,1.019,,
2026-10-07,表格,5318,DXN,0.46,0.0,1798500,0.89,46.42,空头,0.463,0.461,,
2026-10-07,表格,8206,ECOWLD,1.86,0.0,1791100,1.17,35.8,空头,1.921,1.994,,
2026-10-07,表格,0278,EDELTEQ,0.345,-1.43,1781600,1.47,53.29,多头,0.338,0.345,,
2026-10-07,表格,0268,L&PBHD,0.22,2.33,1775700,0.75,70.48,多头,0.2,0.167,,
2026-10-07,表格,5183,PCHEM,4.22,-1.86,1765000,0.22,42.79,空头,4.395,4.469,,
2026-10-07,表格,7052,PADINI,1.05,-0.94,1731600,0.9,41.85,多头,1.06,1.206,,
2026-10-07,表格,0450,MFGROUP,0.265,1.92,1704000,1.81,57.12,空头,0.261,0.264,,
2026-10-07,表格,0246,CNERGEN,1.16,-3.33,1625200,0.49,72.05,多头,0.98,0.84,,
2026-10-07,表格,0351,LSH,1.75,3.55,1610200,2.98,76.36,多头,1.63,1.606,,
2026-10-07,表格,5127,ARREIT,0.385,1.32,1591600,8.69,64.69,多头,0.368,0.372,,
2026-10-07,表格,0272,TTVHB,0.255,0.0,1580700,0.59,53.38,多头,0.248,0.252,,
2026-10-07,表格,5322,FEYTECH,0.235,0.0,1577300,2.21,53.13,多头,0.232,0.234,,
2026-10-07,表格,0337,SET,0.235,-2.08,1559600,0.9,48.92,空头,0.236,0.243,,
2026-10-07,表格,0390,ISF,0.835,-1.18,1544900,0.5,58.33,空头,0.816,0.75,,
2026-10-07,表格,5302,ATECH,0.775,1.97,1542300,0.96,53.12,多头,0.765,0.759,,
2026-10-07,表格,5123,SENTRAL,0.63,-1.56,1541300,2.86,34.46,空头,0.651,0.673,,
2026-10-07,表格,3816,MISC,7.7,0.13,1512400,0.92,45.55,空头,7.769,7.923,,
2026-10-07,表格,0285,MERSEC,0.27,0.0,1510600,1.53,41.35,空头,0.274,0.276,,
2026-10-07,表格,5343,GENERGY,0.365,4.29,1483400,2.81,53.35,多头,0.358,0.362,,
2026-10-07,表格,9075,THETA,0.575,-7.26,1480800,1.27,35.38,空头,0.635,0.663,,
2026-10-07,表格,0271,WELLS,0.5,0.0,1472800,1.36,8.08,空头,0.595,0.627,,
2026-10-07,表格,7133,ULICORP,1.37,-0.72,1452300,6.8,53.48,多头,1.363,1.356,,
2026-10-07,表格,0112,MIKROMB,0.645,0.78,1444600,0.44,57.36,空头,0.639,0.609,,
2026-10-07,表格,0198,GDB,0.42,1.2,1443000,1.23,43.5,空头,0.424,0.443,,
2026-10-07,表格,0325,NE,1.17,2.63,1422500,0.91,60.52,多头,1.115,1.081,,
2026-10-07,表格,5335,HI,1.79,-1.65,1420100,1.53,42.96,空头,1.822,1.841,,
2026-10-07,表格,5230,TUNEPRO,0.255,6.25,1362900,1.76,53.76,空头,0.248,0.259,,
2026-10-07,表格,5227,IGBREIT,2.78,0.0,1357900,0.39,51.24,空头,2.776,2.763,,
2026-10-07,表格,5195,CENSOF,0.235,-2.08,1334000,1.17,66.63,多头,0.215,0.204,,
2026-10-07,表格,5346,HOCKSOON,0.235,0.0,1301800,2.98,20.42,空头,0.267,0.294,,
2026-10-07,表格,5180,CLMT,0.56,0.0,1297700,0.31,35.7,空头,0.575,0.584,,
2026-10-07,表格,5258,BIMB,2.02,-1.94,1271100,1.35,31.94,空头,2.067,2.099,,
2026-10-07,表格,0367,ENPRO,0.27,-1.82,1253700,0.18,53.73,空头,0.267,0.229,,
2026-10-07,表格,5789,LBS,0.38,-1.3,1238600,0.87,38.21,空头,0.386,0.396,,
2026-10-07,表格,9059,TSH,1.2,-0.83,1231600,0.48,29.38,空头,1.31,1.316,,
2026-10-07,表格,0376,IAB,1.23,-1.6,1228900,0.77,43.89,空头,1.261,1.319,,
2026-10-07,表格,2488,ABMB,4.58,-1.93,1216800,1.03,28.51,空头,4.758,4.821,,
2026-10-07,表格,0273,VLB,0.94,1.08,1216400,0.64,55.67,多头,0.921,0.842,,
2026-10-07,表格,5341,LACMED,0.7,6.06,1216300,11.76,43.73,空头,0.714,0.754,,
2026-10-07,表格,0302,TOPMIX,0.355,-2.74,1210000,13.19,29.54,空头,0.37,0.377,,
2026-10-07,表格,8524,TALIWRK,0.255,-1.92,1202800,0.46,49.02,多头,0.254,0.263,,
2026-10-07,表格,6483,KENANGA,0.65,5.69,1167600,2.71,58.76,多头,0.628,0.654,,
2026-10-07,表格,6012,MAXIS,3.52,0.28,1162600,0.65,45.95,空头,3.544,3.604,,
2026-10-07,表格,7247,SCGM,0.345,-2.82,1140500,1.53,56.54,多头,0.34,0.319,,
2026-10-07,表格,7225,PA,0.21,0.0,1126600,0.24,47.07,多头,0.213,0.213,,
2026-10-07,表格,6633,LHI,0.74,-2.63,1111800,0.65,50.69,多头,0.736,0.75,,
2026-10-07,表格,0456,MMCS,0.335,0.0,1099400,0.84,28.84,空头,0.351,0.385,,
2026-10-07,表格,1589,IWCITY,0.205,-2.38,1082600,1.04,41.18,空头,0.21,0.222,,
2026-10-07,表格,9571,MITRA,0.475,-3.06,1079900,2.79,32.97,多头,0.502,0.56,,
2026-10-07,表格,0098,AUMAS,0.34,1.49,1061200,0.9,41.81,空头,0.349,0.361,,
2026-10-07,表格,5259,AVANGAAD,0.295,0.0,1058800,0.4,49.23,多头,0.295,0.296,,
2026-10-07,表格,9822,SAM,4.44,2.07,1045100,1.16,60.77,多头,4.15,4.259,,
2026-10-07,表格,7161,KERJAYA,3.49,1.16,1035400,0.35,59.53,空头,3.424,3.043,,
2026-10-07,表格,0471,PIONEER,0.305,0.0,1028800,0.1,55.02,多头,,,,
2026-10-07,表格,5272,RANHILL,3.37,2.12,1015700,0.46,69.7,多头,3.125,2.705,,
2026-10-07,表格,0151,KGB,8.95,-0.78,1013500,0.4,56.2,多头,8.756,8.665,,
2026-10-07,表格,5143,LUXCHEM,0.435,0.0,1011200,2.24,52.26,多头,0.433,0.431,,
2026-10-07,表格,0001,SCOMNET,0.49,0.0,1010000,1.88,50.98,空头,0.487,0.497,,
2026-10-07,表格,7202,HEXRTL,0.395,8.22,1009700,3.11,43.34,多头,0.405,0.411,,
2026-10-07,表格,5275,MYNEWS,0.4,-2.44,1009600,4.01,20.81,空头,0.419,0.424,,
2026-10-07,表格,3069,MFCB,2.84,-0.35,999900,0.85,44.53,空头,2.907,2.865,,
2026-10-07,表格,5185,AFFIN,1.99,-0.5,999800,1.46,33.07,空头,2.022,2.09,,
2026-10-07,表格,6139,TAKAFUL,2.88,0.0,959000,0.69,26.57,空头,2.985,3.113,,
2026-10-07,表格,5031,TIMECOM,5.51,1.1,912700,0.64,34.98,空头,5.76,5.887,,
2026-10-07,表格,5236,MATRIX,1.07,0.0,911000,0.81,34.31,空头,1.115,1.162,,
2026-10-07,表格,5401,TROP,1.19,0.85,906600,0.8,51.23,多头,1.184,1.193,,
2026-10-07,表格,5248,BAUTO,0.915,-0.54,888700,0.4,43.25,空头,0.925,0.939,,
2026-10-07,表格,5819,HLBANK,21.5,-2.63,881700,1.24,37.04,空头,22.199,22.145,,
2026-10-07,表格,3565,WCEHB,0.68,-1.45,872700,1.55,37.84,空头,0.699,0.695,,
2026-10-07,表格,5330,TMK,2.76,2.45,872400,0.63,44.93,空头,2.84,2.811,,
2026-10-07,表格,9792,SEG,0.63,0.0,870300,0.65,44.85,空头,0.633,0.63,,
2026-10-07,表格,0263,BETA,0.67,3.88,853700,1.55,45.65,空头,0.68,0.712,,
2026-10-07,表格,5212,PAVREIT,1.57,0.64,852200,0.2,48.51,空头,1.566,1.626,,
2026-10-07,表格,0168,BMGREEN,1.61,-1.83,808900,0.83,47.29,空头,1.622,1.688,,
2026-10-07,表格,7084,QL,3.93,-0.76,773000,0.4,50.21,空头,3.933,3.931,,
2026-10-07,表格,0293,KJTS,0.99,-1.98,756000,0.52,45.49,多头,1.019,1.028,,
2026-10-07,表格,7103,SPRITZER,3.6,-1.1,711700,1.0,49.59,空头,3.638,3.427,,
2026-10-07,表格,7095,PIE,1.68,-2.33,708600,0.67,48.45,空头,1.706,1.648,,
2026-10-07,表格,7163,PJBUMI,4.27,1.18,698300,1.08,77.18,多头,4.062,3.915,,
2026-10-07,表格,5109,YTLREIT,0.97,-0.51,683000,1.08,32.96,空头,0.989,1.003,,
2026-10-07,表格,5280,KIPREIT,0.865,0.0,675100,1.19,60.02,多头,0.856,0.85,,
2026-10-07,表格,5106,AXREIT,1.87,1.63,674700,0.5,58.12,多头,1.824,1.836,,
2026-10-07,表格,3794,MCEMENT,5.61,-0.71,662500,0.34,46.66,多头,5.609,5.983,,
2026-10-07,表格,0366,ICENTS,0.88,0.57,655000,0.37,61.97,空头,0.837,0.761,,
2026-10-07,表格,5916,MSC,1.65,-1.79,626600,0.5,39.06,空头,1.706,1.823,,
2026-10-07,表格,5200,UOADEV,1.54,-1.28,614000,3.8,30.01,空头,1.577,1.625,,
2026-10-07,表格,1619,DRBHCOM,0.895,-0.56,610500,1.3,32.72,空头,0.929,0.956,,
2026-10-07,表格,1818,BURSA,7.97,-0.38,610200,0.48,32.6,空头,8.163,8.372,,
2026-10-07,表格,0392,KEEMING,2.61,-4.74,605900,0.9,55.59,多头,2.556,2.394,,
2026-10-07,表格,7854,TIMWELL,2.3,-1.29,593900,0.98,70.89,多头,2.207,2.051,,
2026-10-07,表格,3255,HEIM,13.0,-1.37,590000,1.31,27.11,空头,13.72,15.259,,
2026-10-07,表格,7148,DPHARMA,1.14,-1.72,583800,1.83,37.2,空头,1.176,1.211,,
2026-10-07,表格,7241,NGGB,0.745,-1.32,547100,0.21,58.78,多头,0.729,0.714,,
2026-10-07,表格,5139,AEONCR,4.9,1.03,546500,1.01,26.11,空头,5.167,5.472,,
2026-10-07,表格,5300,YENHER,0.765,-1.92,545500,6.29,38.6,空头,0.783,0.785,,
2026-10-07,表格,6599,AEON,0.935,-1.06,535600,0.63,33.57,多头,0.957,0.994,,
2026-10-07,表格,7252,TEOSENG,0.84,0.6,530200,1.24,59.69,多头,0.819,0.84,,
2026-10-07,表格,5141,DAYANG,1.46,0.69,528300,0.23,46.74,多头,1.464,1.498,,
2026-10-07,表格,0157,FOCUSP,0.505,0.0,526900,1.54,45.97,空头,0.507,0.508,,
2026-10-07,表格,0326,SORENTO,0.675,0.0,526200,0.86,56.56,多头,0.661,0.65,,
2026-10-07,表格,4731,SCIENTX,3.69,0.82,526200,0.57,49.4,空头,3.687,3.712,,
2026-10-07,表格,9296,RCECAP,0.99,1.02,510400,0.75,51.41,多头,0.98,1.018,,
2026-10-07,表格,5348,ORKIM,0.805,0.63,507100,2.18,51.85,空头,0.796,0.83,,
2026-10-06,信号,0223,SAMAIDEN,3.13,-1.88,5679200,1.52,74.4,多头,2.573,1.953,🎯 SAR 转多,SAR转多，但RSI 74.4已超买，现价高于50日均线约60%，信号可靠性偏弱。
2026-10-06,表格,0138,ZETRIX,0.085,30.77,938404900,1.91,20.46,空头,0.205,0.425,,
2026-10-06,表格,7113,TOPGLOV,0.855,8.92,143202500,3.01,71.31,多头,0.754,0.697,,
2026-10-06,表格,0476,SLGC Berhad,0.255,0.0,82618600,,,—,,,,
2026-10-06,表格,6963,VS,0.33,3.13,62597200,1.36,78.07,多头,0.259,0.238,,
2026-10-06,表格,0095,MAG,0.155,0.0,43523800,1.47,46.33,多头,0.156,0.158,,
2026-10-06,表格,7106,SUPERMX,0.455,4.6,40959900,1.95,68.76,多头,0.399,0.338,,
2026-10-06,表格,0175,HHRG,0.15,-9.09,32357900,0.8,46.53,多头,0.159,0.147,,
2026-10-06,表格,0236,RAMSSOL,0.78,-6.59,25788200,3.74,51.72,多头,0.775,0.772,,
2026-10-06,表格,0131,DFX,0.155,0.0,25409000,4.45,83.99,多头,0.107,0.09,,
2026-10-06,表格,0051,CUSCAPI,0.045,0.0,25082800,1.27,30.46,空头,0.054,0.072,,
2026-10-06,表格,3174,L&G,0.2,-2.44,23499600,1.0,54.24,空头,0.196,0.182,,
2026-10-06,表格,4723,JAKS,0.18,5.88,22746500,0.35,62.14,空头,0.163,0.127,,
2026-10-06,表格,5168,HARTA,1.12,3.7,22354200,1.93,58.74,空头,1.073,1.031,,
2026-10-06,表格,4456,DNEX,0.505,0.0,21725700,0.82,60.73,多头,0.481,0.476,,
2026-10-06,表格,7192,GIIB,0.605,-0.82,21240000,0.82,71.92,多头,0.572,0.499,,
2026-10-06,表格,7020,ASTEEL,0.1,5.26,20381100,13.56,58.6,多头,0.092,0.083,,
2026-10-06,表格,5184,CYPARK,0.845,3.68,19542300,1.58,67.35,多头,0.756,0.704,,
2026-10-06,表格,0007,PUC,0.04,0.0,19290500,1.65,58.2,多头,0.036,0.033,,
2026-10-06,表格,0166,INARI,2.65,3.11,18440800,1.07,57.52,空头,2.576,2.477,,
2026-10-06,表格,5161,JCY,0.63,-1.56,17957900,0.98,64.97,多头,0.563,0.505,,
2026-10-06,表格,7204,D&O,0.525,-6.25,17173600,1.08,56.69,空头,0.508,0.428,,
2026-10-06,表格,5078,M&G,0.31,1.64,16942200,0.86,57.61,空头,0.304,0.294,,
2026-10-06,表格,0183,SALUTE,0.11,0.0,16714900,2.28,46.13,空头,0.115,0.109,,
2026-10-06,表格,7160,PENTA,6.01,10.48,16548800,6.47,68.72,多头,5.32,5.307,,
2026-10-06,表格,8052,CGB,0.865,-0.57,16112500,0.86,46.41,多头,0.868,0.87,,
2026-10-06,表格,0270,NATGATE,1.82,-0.55,15874500,0.68,59.29,空头,1.766,1.601,,
2026-10-06,表格,5398,GAMUDA,5.0,0.2,15747800,0.62,61.16,多头,4.886,4.611,,
2026-10-06,表格,5238,AAGB,0.495,3.13,15665800,0.41,28.5,空头,0.574,0.78,,
2026-10-06,表格,0065,EFORCE,0.155,-8.82,15607100,2.01,38.03,空头,0.195,0.176,,
2026-10-06,表格,7121,XL,0.81,0.0,15473500,1.01,50.21,空头,0.81,0.807,,
2026-10-06,表格,0143,KEYASIC,0.06,-7.69,15205800,1.76,47.86,空头,0.063,0.058,,
2026-10-06,表格,0127,JHM,0.595,5.31,14841300,3.15,69.95,多头,0.532,0.484,,
2026-10-06,表格,7215,NIHSIN,0.38,0.0,14836400,0.35,70.89,多头,0.347,0.221,,
2026-10-06,表格,0041,AIMAX,0.01,0.0,14327100,,,—,,,,
2026-10-06,表格,8583,MAHSING,0.965,0.0,14236200,3.6,28.95,空头,1.013,1.076,,
2026-10-06,表格,7153,KOSSAN,1.24,5.08,14217800,1.54,62.5,多头,1.164,1.114,,
2026-10-06,表格,5151,HEXTAR,0.785,0.64,13342600,0.95,55.63,多头,0.775,0.775,,
2026-10-06,表格,0248,YEWLEE,0.615,0.0,13114500,1.27,53.69,多头,0.608,0.609,,
2026-10-06,表格,1155,MAYBANK,9.98,-0.2,13059700,1.11,38.64,空头,10.091,10.248,,
2026-10-06,表格,5102,GCB,1.3,1.56,12976600,1.07,45.24,空头,1.339,1.305,,
2026-10-06,表格,0275,OPPSTAR,0.705,-0.7,12931000,1.75,54.72,多头,0.686,0.672,,
2026-10-06,表格,0368,OXB,0.525,9.38,12145100,3.49,71.03,多头,0.456,0.444,,
2026-10-06,表格,5555,SUNMED,2.08,2.46,11956900,0.63,47.66,空头,2.099,2.075,,
2026-10-06,表格,0262,SUNVIEW,0.415,3.75,11799300,1.03,72.49,多头,0.384,0.374,,
2026-10-06,表格,0225,SCGBHD,2.91,0.34,11656700,1.23,61.48,多头,2.75,2.569,,
2026-10-06,表格,6742,YTLPOWR,5.57,0.54,11513000,0.82,48.97,空头,5.659,5.276,,
2026-10-06,表格,8338,DATAPRP,0.065,0.0,11126700,1.4,40.0,空头,0.073,0.072,,
2026-10-06,表格,0246,CNERGEN,1.19,-0.83,10953200,3.76,76.61,多头,0.96,0.83,,
2026-10-06,表格,0468,UNIPAC,0.28,7.69,10602000,0.84,32.85,多头,,,,
2026-10-06,表格,5148,UEMS,0.5,1.01,10242900,1.5,28.67,空头,0.536,0.577,,
2026-10-06,表格,1295,PBBANK,4.68,-0.64,10133400,0.61,34.48,空头,4.775,4.916,,
2026-10-06,表格,0457,PENTECH,0.36,-1.37,10079500,1.29,62.86,多头,0.341,0.321,,
2026-10-06,表格,7155,SKPRES,0.38,-1.3,10042200,1.16,71.59,多头,0.346,0.317,,
2026-10-06,表格,0209,AIMFLEX,0.11,-4.35,9970800,1.45,41.61,空头,0.117,0.123,,
2026-10-06,表格,5286,MI,5.99,10.72,9912300,2.95,57.69,多头,5.635,5.744,,
2026-10-06,表格,0120,VIS,0.63,10.53,9868600,3.06,86.65,多头,0.466,0.428,,
2026-10-06,表格,3336,IJM,2.76,1.1,9145400,0.67,49.71,空头,2.786,2.681,,
2026-10-06,表格,0455,BUSCAP,0.825,25.0,9081100,3.96,82.47,多头,0.559,0.444,,
2026-10-06,表格,5356,STRATUS,3.16,0.32,8873900,2.28,62.18,多头,2.974,2.785,,
2026-10-06,表格,0345,SUNLOGY,0.47,2.17,8854900,0.96,56.74,多头,0.453,0.421,,
2026-10-06,表格,0146,JFTECH,0.785,6.08,8791400,7.11,69.21,多头,0.69,0.683,,
2026-10-06,表格,0208,GREATEC,2.79,5.28,8724100,1.63,69.51,多头,2.593,2.562,,
2026-10-06,表格,0163,CAREPLS,0.085,6.25,8658700,0.86,58.05,空头,0.081,0.078,,
2026-10-06,表格,0024,JAG,0.37,1.37,8340800,1.28,53.59,空头,0.367,0.367,,
2026-10-06,表格,4197,SIME,2.51,0.8,8165000,0.55,59.67,空头,2.458,2.333,,
2026-10-06,表格,9393,ITRONIC,0.03,0.0,8062000,9.5,46.66,空头,0.031,0.031,,
2026-10-06,表格,0083,NOTION,0.715,-2.05,7742300,0.79,64.78,多头,0.657,0.595,,
2026-10-06,表格,5260,OWG,0.2,0.0,7674900,32.32,64.07,多头,0.183,0.188,,
2026-10-06,表格,5301,CTOS,0.555,-3.48,7586100,1.36,32.39,空头,0.605,0.649,,
2026-10-06,表格,0310,UUE,0.785,2.61,7335600,1.04,68.98,多头,0.713,0.637,,
2026-10-06,表格,9008,OMESTI,0.075,0.0,6926000,1.39,47.39,空头,0.076,0.078,,
2026-10-06,表格,0473,EVOCOM,0.11,0.0,6801000,0.31,,空头,,,,
2026-10-06,表格,0233,PEKAT,2.95,1.03,6741300,2.1,78.42,多头,2.542,2.08,,
2026-10-06,表格,0193,KINERGY,0.395,0.0,6725100,0.6,38.38,空头,0.405,0.411,,
2026-10-06,表格,5099,CAPITALA,0.235,4.44,6663100,0.23,34.19,空头,0.258,0.311,,
2026-10-06,表格,0280,MBN,0.155,0.0,6652700,1.89,52.53,多头,0.153,0.151,,
2026-10-06,表格,5253,ECONBHD,0.125,-3.85,6484400,1.46,55.34,多头,0.121,0.125,,
2026-10-06,表格,0167,MCLEAN,0.775,-4.32,6466800,2.37,52.81,多头,0.766,0.745,,
2026-10-06,表格,0188,HLT,0.015,0.0,6433100,6.99,43.54,空头,0.017,0.02,,
2026-10-06,表格,8907,EG,1.74,0.58,6413000,1.27,47.08,空头,1.752,1.783,,
2026-10-06,表格,5259,AVANGAAD,0.295,0.0,6365200,2.7,49.23,多头,0.295,0.296,,
2026-10-06,表格,8869,PMETAL,7.18,0.0,6336000,0.87,30.43,空头,7.49,7.767,,
2026-10-06,表格,0104,GENETEC,0.325,-2.99,6204200,1.17,50.71,多头,0.322,0.338,,
2026-10-06,表格,0215,SLVEST,4.39,4.77,6180900,0.73,72.58,多头,3.882,3.373,,
2026-10-06,表格,6888,AXIATA,1.63,-0.61,6180400,0.93,37.28,空头,1.689,1.805,,
2026-10-06,表格,2429,TANCO,0.15,0.0,6129000,0.32,30.36,空头,0.17,0.206,,
2026-10-06,表格,4677,YTL,2.18,0.93,5910600,0.41,43.72,空头,2.257,2.217,,
2026-10-06,表格,0181,AEMULUS,0.45,-1.1,5882500,0.94,61.06,多头,0.416,0.408,,
2026-10-06,表格,0375,THMY,2.4,9.59,5785900,2.97,73.51,多头,2.051,1.932,,
2026-10-06,表格,0128,FRONTKN,5.2,0.39,5783600,1.24,61.57,多头,5.026,5.053,,
2026-10-06,表格,1066,RHBBANK,7.44,-0.27,5615300,0.62,25.91,空头,7.747,8.164,,
2026-10-06,表格,0251,SFPTECH,0.295,0.0,5596300,0.54,57.83,多头,0.273,0.306,,
2026-10-06,表格,5327,MEGAFB,2.75,4.96,5552600,1.55,70.59,多头,2.576,2.232,,
2026-10-06,表格,0353,WESTRVR,0.46,3.37,5549600,1.95,72.51,多头,0.4,0.359,,
2026-10-06,表格,0372,CHEEDING,0.645,0.78,5246100,1.44,58.69,多头,0.614,0.609,,
2026-10-06,表格,0303,ALPHA,0.28,1.82,5216300,2.51,71.47,多头,0.252,0.256,,
2026-10-06,表格,4324,HENGYUAN,3.47,0.29,5139500,0.43,51.76,空头,3.58,2.623,,
2026-10-06,表格,0373,VERDANT,0.27,-1.82,5122100,1.36,66.38,空头,0.243,0.215,,
2026-10-06,表格,0339,CBHB,1.16,-0.85,5054800,0.43,77.17,多头,1.055,0.895,,
2026-10-06,表格,5347,TENAGA,12.9,-0.77,4969500,0.58,38.47,多头,13.077,13.644,,
2026-10-06,表格,0258,AGMO,0.3,1.69,4944700,11.49,59.88,多头,0.277,0.305,,
2026-10-06,表格,0217,PWRWELL,1.19,-0.83,4932000,1.21,63.36,多头,1.141,1.05,,
2026-10-06,表格,0469,GTA,0.275,0.0,4899900,0.31,18.18,空头,0.295,,,
2026-10-06,表格,1651,MRCB,0.28,-3.45,4851200,0.72,33.82,空头,0.293,0.309,,
2026-10-06,表格,0348,CLITE,0.255,6.25,4801800,3.23,71.55,多头,0.226,0.197,,
2026-10-06,表格,8664,SPSETIA,0.74,2.07,4756200,0.86,36.9,空头,0.768,0.827,,
2026-10-06,表格,5315,SKYWLD,0.4,3.9,4731200,8.0,57.1,空头,0.39,0.397,,
2026-10-06,表格,0475,GBBOND,0.22,-2.22,4564700,0.12,,空头,,,,
2026-10-06,表格,8893,MKLAND,0.185,2.78,4542200,2.12,77.16,多头,0.16,0.148,,
2026-10-06,表格,5337,ECOSHOP,1.46,-0.68,4524000,0.89,47.58,空头,1.467,1.469,,
2026-10-06,表格,0249,LGMS,0.57,10.68,4365500,9.98,75.3,多头,0.508,0.5,,
2026-10-06,表格,0321,SDCG,0.81,1.25,4329900,0.71,71.89,多头,0.779,0.76,,
2026-10-06,表格,5357,SKYECHIP,3.05,1.33,4289600,1.47,55.7,空头,2.985,3.037,,
2026-10-06,表格,7191,ADVENTA,0.165,13.79,4184100,11.66,71.63,多头,0.139,0.134,,
2026-10-06,表格,0239,ECOMATE,0.865,-0.57,4137800,1.38,53.73,空头,0.863,0.857,,
2026-10-06,表格,0290,PANDA,0.185,5.71,4111200,32.73,55.91,多头,0.179,0.186,,
2026-10-06,表格,7579,AWC,0.69,2.22,4111000,1.96,74.22,多头,0.612,0.518,,
2026-10-06,表格,5296,MRDIY,1.25,-0.79,4039200,0.39,33.85,空头,1.3,1.403,,
2026-10-06,表格,1023,CIMB,7.7,-0.39,3934300,0.33,46.64,空头,7.766,7.754,,
2026-10-06,表格,5283,EWICAP,0.13,-7.14,3925900,1.74,19.9,空头,0.168,0.181,,
2026-10-06,表格,0318,ELRIDGE,0.935,1.08,3919000,0.78,65.2,多头,0.901,0.858,,
2026-10-06,表格,5351,EMPIRE,0.83,0.0,3894800,2.18,32.64,多头,0.859,0.931,,
2026-10-06,表格,0050,SYSTECH,0.195,11.43,3870800,0.76,69.47,多头,0.165,0.165,,
2026-10-06,表格,5285,SDG,6.12,1.66,3853500,0.29,41.95,空头,6.212,6.43,,
2026-10-06,表格,0453,EIPOWER,1.0,-1.96,3735200,0.45,61.37,空头,0.955,0.802,,
2026-10-06,表格,2127,COMFORT,0.175,6.06,3717200,3.93,66.42,多头,0.16,0.152,,
2026-10-06,表格,0240,CORAZA,1.41,3.68,3715200,1.25,78.6,多头,1.151,1.132,,
2026-10-06,表格,0097,VITROX,11.08,2.97,3629400,1.14,79.89,多头,9.943,9.36,,
2026-10-06,表格,1961,IOICORP,4.67,1.52,3615700,0.37,47.6,空头,4.709,4.618,,
2026-10-06,表格,0176,KRONO,0.135,0.0,3519500,0.66,49.15,空头,0.137,0.13,,
2026-10-06,表格,0259,SNS,0.51,0.0,3447700,0.56,46.0,空头,0.519,0.531,,
2026-10-06,表格,0459,SUM,0.805,3.87,3430100,0.53,71.61,多头,0.72,0.647,,
2026-10-06,表格,5288,SIMEPROP,1.23,-0.81,3316300,0.56,43.69,多头,1.252,1.291,,
2026-10-06,表格,0056,NCT,0.565,0.89,3291600,1.53,51.22,空头,0.563,0.562,,
2026-10-06,表格,0292,JTGROUP,1.35,0.0,3248300,1.09,77.02,多头,1.184,0.97,,
2026-10-06,表格,5249,IOIPG,3.34,-0.6,3232000,0.54,31.08,空头,3.513,3.675,,
2026-10-06,表格,5183,PCHEM,4.27,3.39,3230400,0.41,44.1,空头,4.41,4.478,,
2026-10-06,表格,7225,PA,0.21,0.0,3176100,0.68,47.06,多头,0.213,0.213,,
2026-10-06,表格,5216,NEXG,0.295,1.72,3145100,0.2,52.96,多头,0.29,0.278,,
2026-10-06,表格,9113,ICONIC,0.1,0.0,3131000,0.63,67.18,空头,0.088,0.072,,
2026-10-06,表格,5292,UWC,7.95,0.89,3123800,0.8,74.42,多头,6.979,6.658,,
2026-10-06,表格,5277,FPGROUP,0.425,1.19,3094200,3.12,58.08,多头,0.408,0.417,,
2026-10-06,表格,5005,UNISEM,4.41,3.28,3094100,1.23,52.38,空头,4.343,4.376,,
2026-10-06,表格,0395,OGX,0.45,4.65,3079500,1.27,54.36,多头,0.437,0.449,,
2026-10-06,表格,5176,SUNREIT,2.05,0.99,3079000,1.04,47.52,空头,2.053,2.09,,
2026-10-06,表格,5195,CENSOF,0.235,0.0,3052300,2.96,69.46,多头,0.213,0.203,,
2026-10-06,表格,3182,GENTING,1.84,-1.08,2966900,0.67,32.95,空头,1.917,2.042,,
2026-10-06,表格,5264,MALAKOF,0.795,5.3,2916100,0.72,49.68,空头,0.793,0.806,,
2026-10-06,表格,5306,FFB,1.81,0.0,2874600,1.0,25.67,空头,1.917,2.04,,
2026-10-06,表格,1015,AMBANK,6.52,0.31,2795700,0.7,39.8,多头,6.6,6.869,,
2026-10-06,表格,0390,ISF,0.845,1.81,2779500,0.9,61.19,空头,0.814,0.746,,
2026-10-06,表格,0376,IAB,1.25,3.31,2748000,1.78,46.27,空头,1.265,1.321,,
2026-10-06,表格,0196,QES,0.61,0.0,2706000,0.85,59.45,多头,0.581,0.578,,
2026-10-06,表格,5317,CPETECH,1.38,0.0,2699500,0.65,62.88,多头,1.273,1.176,,
2026-10-06,表格,4863,TM,7.95,0.63,2621300,0.73,54.56,多头,7.886,7.836,,
2026-10-06,表格,0172,OCK,0.475,0.0,2572800,0.79,61.26,空头,0.46,0.417,,
2026-10-06,表格,5330,TMK,2.74,3.01,2553400,1.87,40.86,空头,2.887,2.843,,
2026-10-06,表格,0272,TTVHB,0.255,0.0,2542900,0.88,53.38,多头,0.247,0.252,,
2026-10-06,表格,7233,DUFU,3.28,0.31,2482400,0.82,70.94,多头,2.905,2.76,,
2026-10-06,表格,0340,NORTHERN,1.26,1.61,2417800,0.33,76.63,多头,1.038,0.799,,
2026-10-06,表格,0399,AMS,0.485,0.0,2391800,1.23,61.65,多头,0.456,0.46,,
2026-10-06,表格,0296,HEGROUP,1.11,-0.89,2371400,0.49,73.5,多头,1.029,0.863,,
2026-10-06,表格,7277,DIALOG,1.88,1.62,2311000,0.33,39.47,空头,1.939,1.962,,
2026-10-06,表格,0151,KGB,9.0,-1.32,2282900,0.91,57.67,多头,8.734,8.649,,
2026-10-06,表格,0112,MIKROMB,0.64,-3.03,2248500,0.69,54.93,空头,0.638,0.606,,
2026-10-06,表格,5272,RANHILL,3.25,-2.11,2237300,1.04,63.76,多头,3.094,2.676,,
2026-10-06,表格,0045,SSB8,0.65,1.56,2225300,0.6,58.8,多头,0.629,0.596,,
2026-10-06,表格,5053,OSK,1.71,-1.72,2214800,1.56,25.22,空头,1.838,1.94,,
2026-10-06,表格,0388,SEMICO,0.61,0.0,2209500,0.73,52.45,多头,0.611,0.596,,
2026-10-06,表格,5243,VELESTO,0.22,2.33,2172200,0.1,41.84,空头,0.228,0.244,,
2026-10-06,表格,5311,CEB,0.3,0.0,2156300,0.33,68.88,多头,0.286,0.273,,
2026-10-06,表格,0273,VLB,0.945,-3.08,2141100,1.16,56.71,多头,0.92,0.837,,
2026-10-06,表格,5127,ARREIT,0.38,4.11,2137500,23.34,61.43,多头,0.367,0.373,,
2026-10-06,表格,9679,WCT,0.36,-1.37,2121900,0.54,40.65,空头,0.37,0.387,,
2026-10-06,表格,2852,CMSB,0.935,-0.53,2023000,1.22,32.25,空头,0.974,1.0,,
2026-10-06,表格,8524,TALIWRK,0.26,4.0,1944900,0.76,52.09,多头,0.254,0.264,,
2026-10-06,表格,0396,ADNEX,0.445,2.3,1921800,4.2,62.16,多头,0.424,0.418,,
2026-10-06,表格,3557,ECOFIRS,0.325,1.56,1909600,0.85,44.69,空头,0.332,0.34,,
2026-10-06,表格,7081,PHARMA,0.99,-3.88,1906300,0.83,27.71,空头,1.072,1.133,,
2026-10-06,表格,0245,MNHLDG,4.0,0.25,1890100,0.62,61.86,多头,3.836,3.519,,
2026-10-06,表格,5225,IHH,7.84,1.03,1883700,0.45,47.67,多头,7.851,8.028,,
2026-10-06,表格,0291,CHB,2.69,4.67,1879900,1.25,76.65,多头,2.342,2.101,,
2026-10-06,表格,0471,PIONEER,0.305,-3.17,1844800,0.17,,多头,,,,
2026-10-06,表格,5246,WPRTS,6.84,-0.87,1805100,0.41,54.49,多头,6.777,6.846,,
2026-10-06,表格,0346,SALIRAN,0.22,15.79,1802700,8.08,77.81,多头,0.188,0.187,,
2026-10-06,表格,9059,TSH,1.2,-0.83,1762100,0.7,29.45,空头,1.321,1.316,,
2026-10-06,表格,0325,NE,1.17,0.86,1711800,1.11,61.57,多头,1.112,1.077,,
2026-10-06,表格,5318,DXN,0.46,-1.08,1674300,0.85,46.42,空头,0.463,0.461,,
2026-10-06,表格,0466,SRKKAI,0.54,-1.82,1660200,1.59,54.08,多头,0.526,0.533,,
2026-10-06,表格,0219,RL,0.305,0.0,1563800,0.23,50.55,空头,0.306,0.298,,
2026-10-06,表格,0198,GDB,0.42,1.2,1559400,1.34,43.2,空头,0.425,0.444,,
2026-10-06,表格,7498,RALCO,1.01,0.0,1550800,2.55,59.84,多头,0.991,0.978,,
2026-10-06,表格,1562,SPTOTO,1.31,0.77,1525200,2.89,59.79,多头,1.274,1.292,,
2026-10-06,表格,5263,SUNCON,7.5,-1.45,1512700,0.41,45.41,多头,7.636,7.816,,
2026-10-06,表格,5211,SUNWAY,4.29,-0.23,1495600,0.29,26.37,空头,4.547,4.888,,
2026-10-06,表格,3662,MFLOUR,0.61,0.83,1487200,0.67,40.39,空头,0.625,0.638,,
2026-10-06,表格,6947,CDB,2.52,0.4,1486200,0.45,31.42,空头,2.609,2.749,,
2026-10-06,表格,5218,VANTNRG,0.33,1.54,1481900,0.37,45.4,空头,0.336,0.334,,
2026-10-06,表格,5248,BAUTO,0.92,-1.08,1467500,0.64,45.4,空头,0.926,0.94,,
2026-10-06,表格,0450,MFGROUP,0.265,1.92,1467400,1.55,56.46,空头,0.261,0.265,,
2026-10-06,表格,0328,3REN,0.395,2.6,1448000,0.89,55.37,多头,0.383,0.39,,
2026-10-06,表格,4715,GENM,1.48,0.68,1435700,0.64,34.05,空头,1.523,1.637,,
2026-10-06,表格,5056,ENGTEX,0.415,-3.49,1396300,1.28,41.16,空头,0.428,0.436,,
2026-10-06,表格,5326,99SMART,3.11,-0.32,1375900,0.35,35.06,空头,3.211,3.414,,
2026-10-06,表格,0470,BFIELD,0.475,0.0,1362200,0.1,56.56,多头,,,,
2026-10-06,表格,5352,MTTSL,1.13,1.8,1361700,0.21,46.32,空头,1.15,1.16,,
2026-10-06,表格,0391,AMBEST,1.36,1.49,1341000,0.49,54.12,空头,1.353,1.211,,
2026-10-06,表格,5121,HEKTAR,0.485,1.04,1326700,1.76,43.46,空头,0.498,0.482,,
2026-10-06,表格,5199,HIBISCS,2.14,0.0,1326000,0.23,46.24,空头,2.19,2.115,,
2026-10-06,表格,0337,SET,0.235,2.17,1321600,0.77,49.02,空头,0.235,0.243,,
2026-10-06,表格,9822,SAM,4.33,4.84,1270300,1.46,57.24,多头,4.118,4.26,,
2026-10-06,表格,0192,INTA,0.405,-1.22,1262100,0.5,54.25,空头,0.401,0.385,,
2026-10-06,表格,0278,EDELTEQ,0.35,1.45,1258400,1.05,55.82,多头,0.337,0.345,,
2026-10-06,表格,0267,ECA,0.35,6.06,1257200,0.35,45.09,空头,0.366,0.373,,
2026-10-06,表格,5878,KPJ,2.57,-0.77,1230600,0.17,38.57,空头,2.646,2.811,,
2026-10-06,表格,9792,SEG,0.63,0.0,1230000,0.92,44.84,多头,0.634,0.63,,
2026-10-06,表格,0168,BMGREEN,1.65,3.77,1219000,1.32,51.59,空头,1.625,1.693,,
2026-10-06,表格,5271,PECCA,1.37,0.0,1198000,0.61,53.59,空头,1.368,1.333,,
2026-10-06,表格,5202,MSM,0.64,-4.48,1194900,2.82,48.33,空头,0.642,0.655,,
2026-10-06,表格,5302,ATECH,0.76,-1.3,1194900,0.76,49.36,多头,0.764,0.758,,
2026-10-06,表格,7174,CAB,0.64,0.79,1188100,1.02,88.41,多头,0.562,0.535,,
2026-10-06,表格,1171,MBSB,0.545,0.93,1177700,0.32,38.97,空头,0.559,0.587,,
2026-10-06,表格,0037,RGB,0.205,-2.38,1164300,1.41,50.4,多头,0.205,0.205,,
2026-10-06,表格,7293,YINSON,2.13,2.9,1161900,0.44,56.76,多头,2.078,2.03,,
2026-10-06,表格,0277,CLOUDPT,0.505,0.0,1157100,0.79,60.43,多头,0.482,0.475,,
2026-10-06,表格,0023,IFCAMSC,0.205,0.0,1137600,2.15,48.37,空头,0.205,0.215,,
2026-10-06,表格,5789,LBS,0.38,-1.3,1120800,0.78,38.56,空头,0.387,0.397,,
2026-10-06,表格,5328,LWSABAH,1.67,0.6,1118800,0.97,48.52,空头,1.688,1.638,,
2026-10-06,表格,5162,VSTECS,1.72,1.78,1102700,0.75,59.27,多头,1.644,1.678,,
2026-10-06,表格,7161,KERJAYA,3.46,-0.29,1093800,0.36,58.1,空头,3.418,3.024,,
2026-10-06,表格,6971,KOBAY,2.14,-0.93,1092000,1.18,39.92,空头,2.26,2.325,,
2026-10-06,表格,0098,AUMAS,0.335,0.0,1086800,0.8,38.02,空头,0.35,0.361,,
2026-10-06,表格,0366,ICENTS,0.87,2.35,1079200,0.61,60.51,空头,0.832,0.756,,
2026-10-06,表格,0370,XPB,0.215,2.38,1074000,0.3,56.72,多头,0.208,0.185,,
2026-10-06,表格,7231,WELLCAL,1.14,0.88,1055800,3.53,61.68,多头,1.12,1.114,,
2026-10-06,表格,6633,LHI,0.76,1.33,1052300,0.6,58.45,多头,0.736,0.75,,
2026-10-06,表格,9385,LAYHONG,0.25,0.0,1044700,1.72,55.13,多头,0.248,0.245,,
2026-10-06,表格,5212,PAVREIT,1.55,1.31,1044500,0.25,44.1,空头,1.564,1.629,,
2026-10-06,表格,5209,GASMSIA,5.09,1.19,1044300,1.25,57.04,多头,4.979,5.025,,
2026-10-06,表格,5109,YTLREIT,0.97,-1.52,1040200,1.63,33.12,空头,0.991,1.003,,
2026-10-06,表格,3069,MFCB,2.86,-4.67,1040000,0.89,46.07,空头,2.914,2.865,,
2026-10-06,表格,0271,WELLS,0.5,0.0,1037900,0.96,8.08,空头,0.605,0.63,,
2026-10-06,表格,0338,KOPI,0.9,0.0,1020000,0.36,39.05,多头,0.916,0.968,,
2026-10-06,表格,0359,HKB,0.67,-0.74,998000,0.76,62.53,多头,0.641,0.61,,
2026-10-06,表格,0351,LSH,1.69,1.81,965500,1.86,69.15,多头,1.618,1.603,,
2026-10-06,表格,4243,WTK,0.925,1.65,945600,0.44,35.36,空头,0.989,1.019,,
2026-10-06,表格,4383,JTIASA,0.96,0.52,901800,0.24,39.93,空头,0.98,1.032,,
2026-10-06,表格,0326,SORENTO,0.675,1.5,897800,1.57,56.57,多头,0.66,0.649,,
2026-10-06,表格,9075,THETA,0.615,-3.15,894200,0.79,42.57,空头,0.641,0.662,,
2026-10-06,表格,6139,TAKAFUL,2.89,-0.34,888300,0.64,27.38,空头,2.997,3.119,,
2026-10-06,表格,5335,HI,1.82,1.11,862100,0.96,47.92,空头,1.825,1.846,,
2026-10-06,表格,7084,QL,3.96,1.02,835400,0.43,52.65,空头,3.933,3.931,,
2026-10-06,表格,7195,BNASTRA,2.44,0.0,798300,0.77,59.94,空头,2.432,2.324,,
2026-10-06,表格,5323,JPG,1.78,1.71,793700,0.12,39.19,空头,1.848,1.941,,
2026-10-06,表格,1287,EXSIMHB,0.505,1.0,789700,1.18,62.47,空头,0.498,0.473,,
2026-10-06,表格,3816,MISC,7.7,0.0,770000,0.47,45.44,空头,7.777,7.93,,
2026-10-06,表格,6012,MAXIS,3.51,-0.28,744400,0.41,44.72,空头,3.547,3.604,,
2026-10-06,表格,5309,ITMAX,4.57,-0.44,741800,0.36,56.0,多头,4.51,4.487,,
2026-10-06,表格,7252,TEOSENG,0.83,-2.35,730000,1.85,55.27,多头,0.816,0.84,,
2026-10-06,表格,7095,PIE,1.72,0.58,706300,0.68,52.17,空头,1.709,1.645,,
2026-10-06,表格,3417,E&O,0.775,0.65,706200,0.49,52.06,多头,0.772,0.767,,
2026-10-06,表格,3867,MPI,44.84,3.32,698300,2.82,59.89,多头,42.394,43.384,,
2026-10-06,表格,5180,CLMT,0.56,-0.88,662800,0.16,35.69,空头,0.576,0.584,,
2026-10-06,表格,5401,TROP,1.2,-0.83,662500,0.59,53.91,多头,1.185,1.194,,
2026-10-06,表格,5916,MSC,1.67,2.45,612900,0.47,40.85,空头,1.711,1.828,,
2026-10-06,表格,7163,PJBUMI,4.22,2.43,612900,0.93,74.5,多头,4.04,3.904,,
2026-10-06,表格,5614,NHB,1.29,9.32,611300,2.25,86.55,多头,1.137,0.936,,
2026-10-06,表格,7197,GESHEN,1.12,0.0,607500,1.21,37.25,空头,1.151,1.25,,
2026-10-06,表格,2488,ABMB,4.67,-0.21,590900,0.48,34.83,空头,4.776,4.825,,
2026-10-06,表格,5325,WELLCHIP,1.1,-0.9,574600,0.91,37.02,空头,1.149,1.129,,
2026-10-06,表格,0293,KJTS,1.01,-0.98,572100,0.39,48.36,多头,1.022,1.026,,
2026-10-06,表格,5185,AFFIN,2.0,0.0,561500,0.81,35.49,空头,2.026,2.094,,
2026-10-06,表格,3794,MCEMENT,5.66,2.17,552200,0.28,48.92,多头,5.61,5.999,,
2026-10-06,表格,1818,BURSA,8.04,0.12,542300,0.43,36.13,空头,8.187,8.383,,
2026-10-06,表格,5141,DAYANG,1.45,0.69,530100,0.23,43.98,多头,1.464,1.501,,
2026-10-06,表格,5236,MATRIX,1.07,-0.93,527100,0.46,34.32,空头,1.119,1.165,,
2026-10-06,表格,7668,BESHOM,0.53,0.0,516200,16.73,45.16,空头,0.541,0.538,,
2026-10-06,表格,7854,TIMWELL,2.33,2.64,500100,0.81,78.08,多头,2.197,2.041,,
2026-10-05,信号,0112,MIKROMB,0.66,2.33,2723300,0.85,69.61,多头,0.638,0.604,🎯 SAR 转多,SAR转多，但RSI 69.61已接近超买区，现价高于50日均线约9.3%，短线偏热。
2026-10-05,信号,0236,RAMSSOL,0.835,10.6,17050700,2.64,71.55,多头,0.775,0.772,🎯 SAR 转多,现价0.835高于50日均线0.772，SAR转多信号获均线支撑；但RSI达71.55，已进入超买区，信号可靠性需谨慎看待。
2026-10-05,信号,0296,HEGROUP,1.12,1.82,2965000,0.61,76.33,多头,1.02,0.852,🎯 SAR 转多,SAR转多信号，但RSI达76.33，处超买区；现价1.12远高于50日均线0.852，乖离偏大，信号可靠性需谨慎看待。
2026-10-05,信号,0339,CBHB,1.17,7.34,17595700,1.49,80.11,多头,1.044,0.885,🎯 SAR 转多,SAR转多，但RSI达80.11，处超买区；现价1.17远高于50日均线0.885，偏离较大，信号可靠性偏弱。
2026-10-05,信号,3069,MFCB,3.0,1.69,2037300,1.66,60.05,多头,2.92,2.866,🎯 SAR 转多,现价RM3.0高于50日均线RM2.866，SAR转多信号获均线支撑；RSI 60.05偏强但未超买，信号可靠性中等偏正面。
2026-10-05,信号,5277,FPGROUP,0.42,3.7,2593800,2.93,56.04,多头,0.407,0.416,🎯 SAR 转多,现价0.42略高于50日均线0.416，RSI 56处中性偏多区间，未超买，SAR转多信号技术面尚属合理。
2026-10-05,信号,5317,CPETECH,1.38,6.98,4520300,1.13,62.88,多头,1.262,1.169,🎯 SAR 转多,现价RM1.38高于50日均线RM1.169，SAR转多信号获均线支撑；RSI 62.88偏强但未超买，信号可靠性中等偏上。
2026-10-05,信号,7106,SUPERMX,0.435,3.57,17151300,0.83,65.21,多头,0.393,0.334,🎯 SAR 转多,现价0.435高于50日均线0.334，SAR转多信号获均线支撑；RSI 65.21接近超买区，动能偏强但上行空间受限。
2026-10-05,表格,0138,ZETRIX,0.065,-43.48,1393554900,2.83,14.75,空头,0.218,0.436,,
2026-10-05,表格,6963,VS,0.32,10.34,157439200,4.05,76.48,多头,0.252,0.236,,
2026-10-05,表格,4723,JAKS,0.17,-5.56,78369700,1.27,58.37,多头,0.161,0.126,,
2026-10-05,表格,0065,EFORCE,0.17,-19.05,49901000,8.98,41.86,空头,0.199,0.177,,
2026-10-05,表格,0270,NATGATE,1.83,0.0,42994500,1.94,60.45,空头,1.76,1.588,,
2026-10-05,表格,0051,CUSCAPI,0.045,-10.0,42824100,1.84,30.46,空头,0.055,0.073,,
2026-10-05,表格,0095,MAG,0.155,0.0,39616500,1.41,46.33,多头,0.156,0.158,,
2026-10-05,表格,0007,PUC,0.04,-11.11,37583500,3.81,58.2,多头,0.035,0.033,,
2026-10-05,表格,7113,TOPGLOV,0.785,3.29,35322300,0.76,61.97,空头,0.743,0.693,,
2026-10-05,表格,0131,DFX,0.155,14.81,33936800,8.37,83.99,多头,0.102,0.089,,
2026-10-05,表格,5398,GAMUDA,4.99,-2.16,32607800,1.34,60.69,多头,4.874,4.595,,
2026-10-05,表格,4456,DNEX,0.505,-1.94,32584000,1.22,60.73,多头,0.479,0.474,,
2026-10-05,表格,7215,NIHSIN,0.38,2.7,29337200,0.69,70.89,多头,0.344,0.215,,
2026-10-05,表格,0175,HHRG,0.165,0.0,24733600,0.61,54.39,多头,0.16,0.147,,
2026-10-05,表格,5238,AAGB,0.48,-4.95,24019400,0.63,24.8,空头,0.583,0.792,,
2026-10-05,表格,0083,NOTION,0.73,3.55,22564600,2.04,68.7,多头,0.651,0.591,,
2026-10-05,表格,0246,CNERGEN,1.2,31.87,22511500,12.21,78.1,多头,0.935,0.818,,
2026-10-05,表格,7192,GIIB,0.61,0.83,22316400,0.86,75.2,多头,0.569,0.498,,
2026-10-05,表格,0275,OPPSTAR,0.71,1.43,22119100,3.3,55.83,多头,0.684,0.67,,
2026-10-05,表格,5161,JCY,0.64,-3.03,22078300,1.16,67.26,多头,0.555,0.5,,
2026-10-05,表格,5555,SUNMED,2.03,-1.46,19293800,1.05,39.75,空头,2.101,2.072,,
2026-10-05,表格,0251,SFPTECH,0.295,7.27,18875700,1.9,57.83,多头,0.271,0.307,,
2026-10-05,表格,5253,ECONBHD,0.13,13.04,18805700,5.27,63.64,多头,0.12,0.125,,
2026-10-05,表格,5099,CAPITALA,0.225,-4.26,18711900,0.64,28.03,空头,0.26,0.314,,
2026-10-05,表格,7079,TWL,0.025,0.0,18580600,0.95,51.85,空头,0.025,0.024,,
2026-10-05,表格,8052,CGB,0.87,0.0,17614800,0.94,51.28,多头,0.868,0.87,,
2026-10-05,表格,0457,PENTECH,0.365,2.82,17357600,2.33,66.0,多头,0.339,0.319,,
2026-10-05,表格,0475,GBBOND,0.225,-2.17,17231700,0.36,,空头,,,,
2026-10-05,表格,7121,XL,0.81,0.0,16557600,1.1,50.21,空头,0.81,0.807,,
2026-10-05,表格,0215,SLVEST,4.19,0.48,16469400,2.14,68.37,多头,3.829,3.346,,
2026-10-05,表格,5151,HEXTAR,0.78,0.65,16017600,1.15,53.15,多头,0.774,0.775,,
2026-10-05,表格,7204,D&O,0.56,-0.88,15670300,1.02,65.02,多头,0.507,0.424,,
2026-10-05,表格,5078,M&G,0.305,1.67,15567700,0.79,53.3,空头,0.303,0.293,,
2026-10-05,表格,7315,AHB,0.05,11.11,15237500,1.38,50.6,空头,0.05,0.045,,
2026-10-05,表格,0166,INARI,2.57,-0.39,14783500,0.85,51.6,空头,2.568,2.468,,
2026-10-05,表格,8338,DATAPRP,0.065,-7.14,14761000,1.84,40.0,空头,0.073,0.072,,
2026-10-05,表格,3174,L&G,0.205,10.81,14484600,0.63,57.58,空头,0.196,0.181,,
2026-10-05,表格,0310,UUE,0.765,4.79,13245500,2.05,66.36,多头,0.705,0.632,,
2026-10-05,表格,4677,YTL,2.16,-3.57,13211600,0.89,41.88,空头,2.265,2.212,,
2026-10-05,表格,0041,AIMAX,0.005,0.0,12467500,,,—,,,,
2026-10-05,表格,6998,BINTAI,0.075,-6.25,12320500,4.65,55.79,多头,0.074,0.072,,
2026-10-05,表格,8893,MKLAND,0.18,9.09,11822700,7.61,74.87,多头,0.158,0.147,,
2026-10-05,表格,5184,CYPARK,0.815,2.52,11269700,0.94,63.96,多头,0.747,0.7,,
2026-10-05,表格,0193,KINERGY,0.395,-1.25,11208700,0.99,38.38,空头,0.406,0.411,,
2026-10-05,表格,7155,SKPRES,0.385,2.67,11064200,1.32,75.23,多头,0.342,0.316,,
2026-10-05,表格,6742,YTLPOWR,5.54,-2.46,10948300,0.78,47.7,空头,5.668,5.247,,
2026-10-05,表格,2429,TANCO,0.15,-3.23,10794200,0.53,30.36,空头,0.172,0.208,,
2026-10-05,表格,0181,AEMULUS,0.455,4.6,10547500,1.78,62.72,多头,0.412,0.407,,
2026-10-05,表格,0183,SALUTE,0.11,0.0,10364000,0.95,46.13,空头,0.115,0.109,,
2026-10-05,表格,1295,PBBANK,4.71,1.07,10246400,0.6,37.14,空头,4.785,4.923,,
2026-10-05,表格,0178,SEDANIA,0.11,15.79,10233600,3.12,60.65,空头,0.101,0.098,,
2026-10-05,表格,1155,MAYBANK,10.0,-0.2,10105400,0.86,39.78,空头,10.103,10.26,,
2026-10-05,表格,0186,PTRANS,0.175,-5.41,10004200,1.24,35.92,空头,0.191,0.197,,
2026-10-05,表格,0262,SUNVIEW,0.4,1.27,9970700,0.88,66.31,多头,0.38,0.373,,
2026-10-05,表格,4324,HENGYUAN,3.46,-4.95,9079500,0.76,51.54,空头,3.592,2.58,,
2026-10-05,表格,0225,SCGBHD,2.9,2.47,8900300,0.95,61.07,多头,2.733,2.557,,
2026-10-05,表格,1643,LANDMRK,0.035,-46.15,8810400,61.02,11.37,空头,0.064,0.07,,
2026-10-05,表格,0223,SAMAIDEN,3.19,12.32,8803400,2.63,77.38,空头,2.514,1.921,,
2026-10-05,表格,5311,CEB,0.3,0.0,8742400,1.4,68.88,多头,0.284,0.272,,
2026-10-05,表格,0043,MTRONIC,0.01,100.0,8701700,15.98,56.66,多头,0.007,0.007,,
2026-10-05,表格,0128,FRONTKN,5.18,2.37,8366700,1.85,60.63,多头,5.007,5.05,,
2026-10-05,表格,0233,PEKAT,2.92,3.18,8326400,2.92,77.74,多头,2.499,2.057,,
2026-10-05,表格,0259,SNS,0.51,-0.97,8136400,1.32,46.0,空头,0.52,0.531,,
2026-10-05,表格,5148,UEMS,0.495,-1.0,8028000,1.22,25.43,空头,0.54,0.579,,
2026-10-05,表格,5292,UWC,7.88,4.1,7856300,2.1,73.64,多头,6.877,6.621,,
2026-10-05,表格,0219,RL,0.305,-1.61,7802300,1.08,50.55,空头,0.306,0.298,,
2026-10-05,表格,7154,NEXGBINA,0.025,0.0,7715000,6.28,47.97,空头,0.026,0.026,,
2026-10-05,表格,8869,PMETAL,7.18,0.14,7698000,1.09,30.43,空头,7.523,7.779,,
2026-10-05,表格,0240,CORAZA,1.36,15.25,7538800,2.81,76.26,多头,1.124,1.126,,
2026-10-05,表格,0127,JHM,0.565,-0.88,7419900,1.66,64.63,多头,0.525,0.48,,
2026-10-05,表格,1066,RHBBANK,7.46,0.4,7381800,0.77,26.51,空头,7.779,8.18,,
2026-10-05,表格,5168,HARTA,1.08,3.85,7352900,0.65,53.09,空头,1.068,1.028,,
2026-10-05,表格,3336,IJM,2.73,-2.85,7191000,0.53,46.65,空头,2.789,2.674,,
2026-10-05,表格,9008,OMESTI,0.075,0.0,7178000,1.48,47.39,空头,0.076,0.078,,
2026-10-05,表格,0373,VERDANT,0.275,5.77,7122600,2.08,69.5,空头,0.24,0.214,,
2026-10-05,表格,6399,ASTRO,0.06,0.0,7106500,2.99,52.22,空头,0.058,0.06,,
2026-10-05,表格,0120,VIS,0.57,8.57,7065500,2.37,82.68,多头,0.448,0.422,,
2026-10-05,表格,7018,CME,0.005,-66.67,7048900,5.28,44.6,空头,0.009,0.007,,
2026-10-05,表格,5243,VELESTO,0.215,-2.27,6838700,0.32,38.04,空头,0.229,0.245,,
2026-10-05,表格,7233,DUFU,3.27,6.86,6756400,2.41,70.67,多头,2.865,2.745,,
2026-10-05,表格,5286,MI,5.41,3.84,6754000,2.03,43.92,空头,5.597,5.736,,
2026-10-05,表格,0328,3REN,0.385,2.67,6741900,5.0,50.56,空头,0.382,0.39,,
2026-10-05,表格,7139,NICE,0.08,-5.88,6655000,3.33,37.17,空头,0.084,0.088,,
2026-10-05,表格,0468,UNIPAC,0.26,-1.89,6642200,0.51,25.13,多头,,,,
2026-10-05,表格,0208,GREATEC,2.65,3.11,6639400,1.25,59.5,多头,2.572,2.553,,
2026-10-05,表格,5216,NEXG,0.29,-3.33,6498000,0.39,51.31,多头,0.289,0.278,,
2026-10-05,表格,5347,TENAGA,13.0,0.31,6443000,0.76,41.6,多头,13.096,13.669,,
2026-10-05,表格,0248,YEWLEE,0.615,1.65,6307800,0.6,53.69,多头,0.608,0.608,,
2026-10-05,表格,0471,PIONEER,0.315,3.28,6169200,0.55,,多头,,,,
2026-10-05,表格,0050,SYSTECH,0.19,8.57,6145300,1.21,67.62,多头,0.165,0.165,,
2026-10-05,表格,9393,ITRONIC,0.03,0.0,6106800,5.59,46.66,空头,0.031,0.031,,
2026-10-05,表格,0104,GENETEC,0.335,1.52,6087900,1.08,56.19,多头,0.322,0.338,,
2026-10-05,表格,5285,SDG,6.02,-1.31,5923500,0.42,34.37,空头,6.221,6.44,,
2026-10-05,表格,0196,QES,0.61,-0.81,5767900,1.89,59.45,多头,0.578,0.577,,
2026-10-05,表格,0024,JAG,0.365,0.0,5748700,0.86,48.24,空头,0.366,0.367,,
2026-10-05,表格,7153,KOSSAN,1.18,2.61,5718600,0.63,55.18,空头,1.156,1.11,,
2026-10-05,表格,0340,NORTHERN,1.24,1.64,5676600,0.81,75.78,多头,1.015,0.787,,
2026-10-05,表格,0146,JFTECH,0.74,7.25,5620100,5.63,63.3,多头,0.68,0.679,,
2026-10-05,表格,1961,IOICORP,4.6,-1.92,5577100,0.59,40.47,空头,4.713,4.612,,
2026-10-05,表格,0097,VITROX,10.76,2.87,5570800,1.68,76.72,多头,9.823,9.298,,
2026-10-05,表格,9113,ICONIC,0.1,5.26,5562200,1.06,67.18,空头,0.087,0.072,,
2026-10-05,表格,5357,SKYECHIP,3.01,2.38,5556200,1.98,52.27,空头,2.978,3.035,,
2026-10-05,表格,0469,GTA,0.275,1.85,5462800,0.34,18.18,空头,,,,
2026-10-05,表格,0399,AMS,0.485,7.78,5368400,3.01,61.65,多头,0.452,0.459,,
2026-10-05,表格,8664,SPSETIA,0.725,0.69,5367400,1.01,30.77,空头,0.771,0.831,,
2026-10-05,表格,0167,MCLEAN,0.81,4.52,5271600,2.06,61.41,多头,0.765,0.744,,
2026-10-05,表格,5246,WPRTS,6.9,2.22,5147700,1.21,59.12,多头,6.771,6.843,,
2026-10-05,表格,0321,SDCG,0.8,0.63,5127400,0.83,68.36,多头,0.775,0.759,,
2026-10-05,表格,7160,PENTA,5.44,5.22,5110000,2.13,56.62,多头,5.247,5.29,,
2026-10-05,表格,5326,99SMART,3.12,1.96,4951700,1.28,35.75,空头,3.222,3.426,,
2026-10-05,表格,5296,MRDIY,1.26,-0.79,4930000,0.47,35.34,空头,1.306,1.409,,
2026-10-05,表格,0455,BUSCAP,0.66,8.2,4852100,2.21,73.4,多头,0.531,0.433,,
2026-10-05,表格,5218,VANTNRG,0.325,-2.99,4841900,1.26,41.28,空头,0.337,0.334,,
2026-10-05,表格,6971,KOBAY,2.16,-6.09,4814500,6.7,41.08,空头,2.273,2.327,,
2026-10-05,表格,0470,BFIELD,0.475,-1.04,4790300,0.32,,多头,,,,
2026-10-05,表格,0345,SUNLOGY,0.46,2.22,4762200,0.52,54.3,空头,0.451,0.419,,
2026-10-05,表格,0176,KRONO,0.135,3.85,4732700,0.9,49.15,空头,0.137,0.129,,
2026-10-05,表格,7277,DIALOG,1.85,0.0,4725900,0.68,33.69,空头,1.945,1.964,,
2026-10-05,表格,1651,MRCB,0.29,0.0,4639400,0.69,41.47,空头,0.294,0.31,,
2026-10-05,表格,1023,CIMB,7.73,1.05,4611100,0.38,48.13,空头,7.773,7.753,,
2026-10-05,表格,5102,GCB,1.28,-1.54,4610900,0.38,42.38,空头,1.343,1.302,,
2026-10-05,表格,0459,SUM,0.775,2.65,4528300,0.71,67.87,多头,0.711,0.641,,
2026-10-05,表格,7082,M&A,0.155,-13.89,4522800,5.68,31.67,空头,0.183,0.189,,
2026-10-05,表格,0303,ALPHA,0.275,3.77,4473800,2.26,69.31,多头,0.25,0.256,,
2026-10-05,表格,5183,PCHEM,4.13,-1.9,4470600,0.57,38.43,空头,4.425,4.489,,
2026-10-05,表格,5302,ATECH,0.77,0.0,4463700,3.21,51.94,多头,0.764,0.757,,
2026-10-05,表格,0045,SSB8,0.64,0.0,4452300,1.21,56.18,多头,0.627,0.593,,
2026-10-05,表格,0372,CHEEDING,0.64,3.23,4412400,1.27,57.64,多头,0.611,0.609,,
2026-10-05,表格,0151,KGB,9.12,5.68,4378200,1.76,61.16,多头,8.706,8.629,,
2026-10-05,表格,0473,EVOCOM,0.11,-4.35,4264800,0.17,,空头,,,,
2026-10-05,表格,5288,SIMEPROP,1.24,0.0,4228700,0.72,45.4,多头,1.254,1.294,,
2026-10-05,表格,0453,EIPOWER,1.02,2.0,4214800,0.5,64.81,空头,0.95,0.796,,
2026-10-05,表格,0380,AQUAWALK,0.13,0.0,4107900,0.98,35.71,空头,0.141,0.149,,
2026-10-05,表格,0078,GDEX,0.13,0.0,3970200,3.79,47.54,多头,0.131,0.131,,
2026-10-05,表格,5356,STRATUS,3.15,-1.87,3950100,1.03,61.79,多头,2.954,2.763,,
2026-10-05,表格,5878,KPJ,2.59,0.0,3915800,0.52,40.18,多头,2.654,2.823,,
2026-10-05,表格,5306,FFB,1.81,-2.16,3760800,1.33,25.67,空头,1.928,2.047,,
2026-10-05,表格,5210,ARMADA,0.33,0.0,3751000,0.54,31.85,空头,0.344,0.348,,
2026-10-05,表格,0192,INTA,0.41,1.23,3657100,1.5,57.25,空头,0.401,0.384,,
2026-10-05,表格,4863,TM,7.9,0.89,3625000,1.0,51.97,多头,7.88,7.83,,
2026-10-05,表格,0318,ELRIDGE,0.925,2.21,3589000,0.68,62.72,多头,0.898,0.856,,
2026-10-05,表格,4383,JTIASA,0.955,1.06,3571400,0.93,38.04,空头,0.982,1.035,,
2026-10-05,表格,5283,EWICAP,0.14,0.0,3480000,1.66,22.95,空头,0.172,0.182,,
2026-10-05,表格,5195,CENSOF,0.235,9.3,3471100,3.81,69.46,多头,0.211,0.202,,
2026-10-05,表格,5327,MEGAFB,2.62,-2.6,3423000,0.89,63.19,多头,2.557,2.213,,
2026-10-05,表格,0217,PWRWELL,1.2,1.69,3385600,0.84,65.7,多头,1.136,1.043,,
2026-10-05,表格,4197,SIME,2.49,0.0,3351700,0.22,57.63,空头,2.453,2.323,,
2026-10-05,表格,5351,EMPIRE,0.83,1.22,3334800,1.88,32.64,多头,0.862,0.934,,
2026-10-05,表格,0358,ICTZONE,0.23,-2.13,3310900,1.12,40.87,空头,0.25,0.253,,
2026-10-05,表格,7081,PHARMA,1.03,3.0,3281400,1.5,33.41,空头,1.08,1.136,,
2026-10-05,表格,0272,TTVHB,0.255,4.08,3260000,1.13,53.38,多头,0.246,0.252,,
2026-10-05,表格,7174,CAB,0.635,4.1,3218600,3.16,87.91,多头,0.553,0.533,,
2026-10-05,表格,5259,AVANGAAD,0.295,0.0,3184700,1.39,49.23,多头,0.295,0.296,,
2026-10-05,表格,0466,SRKKAI,0.55,4.76,3168600,3.41,58.09,多头,0.525,0.532,,
2026-10-05,表格,5352,MTTSL,1.11,0.0,3150700,0.47,42.97,空头,1.152,1.157,,
2026-10-05,表格,0367,ENPRO,0.28,0.0,3136900,0.41,57.33,空头,0.266,0.227,,
2026-10-05,表格,4847,EPICON,0.19,-2.56,3065700,3.42,42.98,空头,0.196,0.207,,
2026-10-05,表格,0353,WESTRVR,0.445,5.95,3020700,1.1,69.84,多头,0.394,0.355,,
2026-10-05,表格,0325,NE,1.16,0.0,3005700,1.99,60.29,多头,1.106,1.073,,
2026-10-05,表格,5337,ECOSHOP,1.47,1.38,2930700,0.58,50.96,空头,1.468,1.47,,
2026-10-05,表格,7943,GREENTEC,0.25,0.0,2927900,6.41,85.2,多头,0.215,0.197,,
2026-10-05,表格,0375,THMY,2.19,2.82,2899300,1.54,65.3,多头,2.014,1.921,,
2026-10-05,表格,5260,OWG,0.2,14.29,2842400,29.27,64.07,多头,0.182,0.188,,
2026-10-05,表格,8907,EG,1.73,0.0,2842300,0.55,45.54,空头,1.753,1.786,,
2026-10-05,表格,0291,CHB,2.57,4.47,2786800,1.78,72.68,多头,2.305,2.083,,
2026-10-05,表格,3395,BJCORP,0.25,0.0,2786500,1.28,51.92,多头,0.25,0.25,,
2026-10-05,表格,5330,TMK,2.66,-3.27,2758700,2.2,34.62,空头,2.903,2.841,,
2026-10-05,表格,0393,TEAMSTR,0.225,0.0,2751900,1.46,41.64,空头,0.235,0.241,,
2026-10-05,表格,6947,CDB,2.51,-0.4,2724300,0.84,29.36,空头,2.619,2.755,,
2026-10-05,表格,0390,ISF,0.83,1.22,2631000,0.85,58.33,空头,0.811,0.741,,
2026-10-05,表格,5249,IOIPG,3.36,-1.18,2625300,0.44,32.14,空头,3.532,3.679,,
2026-10-05,表格,5212,PAVREIT,1.53,-0.65,2621900,0.61,39.08,空头,1.566,1.632,,
2026-10-05,表格,5301,CTOS,0.575,4.55,2608800,0.47,36.35,空头,0.61,0.651,,
2026-10-05,表格,9822,SAM,4.13,6.44,2575000,3.39,49.48,空头,4.095,4.266,,
2026-10-05,表格,0391,AMBEST,1.34,-2.19,2501300,0.92,51.82,空头,1.352,1.2,,
2026-10-05,表格,7293,YINSON,2.07,-1.9,2482200,0.94,50.96,多头,2.072,2.025,,
2026-10-05,表格,0245,MNHLDG,3.99,5.0,2481200,0.79,61.5,空头,3.819,3.497,,
2026-10-05,表格,6888,AXIATA,1.64,0.0,2411000,0.36,38.36,空头,1.695,1.811,,
2026-10-05,表格,5211,SUNWAY,4.3,0.0,2350400,0.46,26.72,空头,4.574,4.905,,
2026-10-05,表格,5225,IHH,7.76,-0.51,2348900,0.56,43.34,多头,7.853,8.036,,
2026-10-05,表格,8583,MAHSING,0.965,-0.52,2344200,0.58,28.95,空头,1.018,1.076,,
2026-10-05,表格,5199,HIBISCS,2.14,-0.47,2302600,0.39,46.24,空头,2.195,2.114,,
2026-10-05,表格,0271,WELLS,0.5,-19.35,2283700,2.25,8.08,空头,0.616,0.633,,
2026-10-05,表格,3182,GENTING,1.86,0.0,2212600,0.5,35.09,空头,1.926,2.049,,
2026-10-05,表格,9059,TSH,1.21,0.0,2145500,0.81,30.34,空头,1.334,1.317,,
2026-10-05,表格,1015,AMBANK,6.5,1.72,2142400,0.53,37.95,多头,6.608,6.869,,
2026-10-05,表格,0357,OHM,0.375,5.63,2136800,3.75,42.04,空头,0.389,0.404,,
2026-10-05,表格,0268,L&PBHD,0.21,-2.33,2131700,0.78,65.79,多头,0.197,0.164,,
2026-10-05,表格,5176,SUNREIT,2.03,-0.49,2130400,0.72,42.72,空头,2.054,2.092,,
2026-10-05,表格,1171,MBSB,0.54,-2.7,2113200,0.57,35.62,空头,0.561,0.588,,
2026-10-05,表格,0277,CLOUDPT,0.505,0.0,2106500,1.35,60.43,多头,0.48,0.474,,
2026-10-05,表格,5072,HIAPTEK,0.25,0.0,2096800,1.76,39.92,空头,0.255,0.258,,
2026-10-05,表格,6139,TAKAFUL,2.9,0.35,2089700,1.59,28.25,空头,3.009,3.124,,
2026-10-05,表格,5271,PECCA,1.37,-2.14,2046500,1.06,53.59,空头,1.368,1.332,,
2026-10-05,表格,3662,MFLOUR,0.605,-0.82,2019500,0.89,37.19,空头,0.626,0.637,,
2026-10-05,表格,5264,MALAKOF,0.755,-2.58,2009900,0.46,36.27,空头,0.793,0.806,,
2026-10-05,表格,0368,OXB,0.48,1.05,1915200,0.54,61.85,多头,0.449,0.442,,
2026-10-05,表格,7200,TEKSENG,0.26,-1.89,1882300,2.03,50.77,空头,0.262,0.245,,
2026-10-05,表格,9679,WCT,0.365,0.0,1861000,0.47,43.38,空头,0.371,0.387,,
2026-10-05,表格,7179,LAGENDA,1.51,-0.66,1829900,2.5,40.47,空头,1.56,1.516,,
2026-10-05,表格,4634,POS,0.25,0.0,1814300,1.45,47.67,空头,0.253,0.251,,
2026-10-05,表格,0172,OCK,0.475,1.06,1800100,0.56,61.26,空头,0.458,0.415,,
2026-10-05,表格,0388,SEMICO,0.61,-0.81,1767300,0.58,52.45,多头,0.611,0.595,,
2026-10-05,表格,0366,ICENTS,0.85,4.29,1741900,0.91,57.38,空头,0.828,0.751,,
2026-10-05,表格,0198,GDB,0.415,-1.19,1675800,1.46,39.02,空头,0.426,0.445,,
2026-10-05,表格,7228,T7GLOBAL,0.25,-3.85,1653100,3.37,40.63,空头,0.267,0.267,,
2026-10-05,表格,5323,JPG,1.75,-1.13,1627900,0.23,34.62,空头,1.855,1.946,,
2026-10-05,表格,0258,AGMO,0.295,9.26,1571600,3.88,57.79,多头,0.275,0.305,,
2026-10-05,表格,2852,CMSB,0.94,-1.57,1563100,0.95,33.44,空头,0.979,1.002,,
2026-10-05,表格,1287,EXSIMHB,0.5,0.0,1560600,2.39,58.28,空头,0.497,0.471,,
2026-10-05,表格,5162,VSTECS,1.69,1.81,1558500,1.03,56.04,多头,1.636,1.68,,
2026-10-05,表格,7579,AWC,0.675,3.05,1553400,0.76,72.33,多头,0.603,0.513,,
2026-10-05,表格,0292,JTGROUP,1.35,-2.88,1534300,0.52,77.02,多头,1.167,0.957,,
2026-10-05,表格,0398,GDGROUP,0.385,1.32,1488800,1.6,58.64,多头,0.378,0.38,,
2026-10-05,表格,5315,SKYWLD,0.385,1.32,1472000,2.76,43.99,空头,0.389,0.397,,
2026-10-05,表格,0395,OGX,0.43,-1.15,1444200,0.58,46.58,多头,0.436,0.449,,
2026-10-05,表格,0090,ELSOFT,0.29,1.75,1427200,3.04,62.48,多头,0.265,0.266,,
2026-10-05,表格,0239,ECOMATE,0.87,0.0,1420300,0.45,59.71,空头,0.863,0.857,,
2026-10-05,表格,0370,XPB,0.21,-2.33,1406600,0.35,54.1,多头,0.208,0.184,,
2026-10-05,表格,0037,RGB,0.21,0.0,1367400,1.7,61.58,多头,0.205,0.205,,
2026-10-05,表格,0293,KJTS,1.02,0.0,1348300,0.92,49.83,多头,1.023,1.024,,
2026-10-05,表格,5005,UNISEM,4.27,1.18,1284300,0.5,46.92,空头,4.336,4.385,,
2026-10-05,表格,8206,ECOWLD,1.84,-0.54,1275800,0.74,31.38,空头,1.934,2.003,,
2026-10-05,表格,5284,LCTITAN,0.33,-1.49,1271500,0.56,47.63,空头,0.335,0.33,,
2026-10-05,表格,0337,SET,0.23,4.55,1259300,0.74,45.26,空头,0.235,0.243,,
2026-10-05,表格,6012,MAXIS,3.52,0.28,1257000,0.69,45.69,空头,3.551,3.603,,
2026-10-05,表格,0098,AUMAS,0.335,-1.47,1256800,0.92,38.02,空头,0.352,0.362,,
2026-10-05,表格,0338,KOPI,0.9,0.56,1251300,0.43,39.05,多头,0.918,0.968,,
2026-10-05,表格,4219,BPROP,0.25,0.0,1234700,,,—,,,,
2026-10-05,表格,7052,PADINI,1.03,0.98,1215700,0.53,35.86,空头,1.061,1.222,,
2026-10-05,表格,0278,EDELTEQ,0.345,0.0,1212300,1.03,53.77,多头,0.336,0.344,,
2026-10-05,表格,0273,VLB,0.975,-0.51,1211300,0.62,62.17,多头,0.917,0.832,,
2026-10-05,表格,0369,JSSOLAR,0.25,2.04,1205800,0.79,63.6,多头,0.226,0.204,,
2026-10-05,表格,5142,WASCO,0.71,1.43,1187700,0.93,42.06,空头,0.73,0.719,,
2026-10-05,表格,5346,HOCKSOON,0.245,-2.0,1180200,3.46,23.54,空头,0.274,0.297,,
2026-10-05,表格,6633,LHI,0.75,3.45,1170400,0.65,55.27,多头,0.733,0.75,,
2026-10-05,表格,0285,MERSEC,0.265,-1.85,1168000,1.18,29.67,空头,0.275,0.276,,
2026-10-05,表格,3794,MCEMENT,5.54,0.36,1165900,0.59,42.76,多头,5.605,6.011,,
2026-10-05,表格,0220,OVH,0.245,0.0,1117800,2.1,51.1,多头,0.243,0.246,,
2026-10-05,表格,5180,CLMT,0.565,1.8,1106800,0.27,38.43,空头,0.578,0.585,,
2026-10-05,表格,4715,GENM,1.47,0.0,1106300,0.49,31.03,空头,1.528,1.643,,
2026-10-05,表格,0392,KEEMING,2.67,4.71,1100200,1.6,61.64,多头,2.53,2.362,,
2026-10-05,表格,5280,KIPREIT,0.865,1.17,1097700,1.94,60.01,多头,0.854,0.849,,
2026-10-05,表格,5236,MATRIX,1.08,-1.82,1079000,0.9,36.04,空头,1.125,1.168,,
2026-10-05,表格,5322,FEYTECH,0.24,6.67,1069500,1.59,57.53,多头,0.231,0.234,,
2026-10-05,表格,7095,PIE,1.71,-1.72,1066000,1.05,51.3,空头,1.707,1.64,,
2026-10-05,表格,0376,IAB,1.21,-2.42,1064200,0.67,40.19,空头,1.266,1.324,,
2026-10-05,表格,7077,KPPROP,0.265,-1.85,1037100,8.63,38.99,空头,0.274,0.278,,
2026-10-05,表格,5205,SENDAI,0.245,-3.92,1029500,0.45,42.29,空头,0.259,0.265,,
2026-10-05,表格,0148,SUNZEN,0.225,-2.17,1026300,6.85,50.57,多头,0.225,0.225,,
2026-10-05,表格,7225,PA,0.21,0.0,1008600,0.2,47.06,多头,0.214,0.213,,
2026-10-05,表格,9792,SEG,0.63,-0.79,995900,0.74,44.84,多头,0.634,0.63,,
2026-10-05,表格,0168,BMGREEN,1.59,1.27,980100,1.08,44.64,空头,1.622,1.696,,
2026-10-05,表格,0263,BETA,0.65,-2.26,926600,1.75,37.59,空头,0.685,0.713,,
2026-10-05,表格,0359,HKB,0.675,0.0,924600,0.71,64.66,多头,0.638,0.608,,
2026-10-05,表格,0265,INFOM,1.83,1.67,908400,1.52,82.7,多头,1.662,1.571,,
2026-10-05,表格,4243,WTK,0.91,-1.09,904500,0.42,31.57,空头,0.995,1.019,,
2026-10-05,表格,5272,RANHILL,3.32,1.22,876700,0.39,68.72,多头,3.078,2.651,,
2026-10-05,表格,5202,MSM,0.67,7.2,875400,2.24,58.58,空头,0.642,0.654,,
2026-10-05,表格,5263,SUNCON,7.61,0.53,860100,0.23,48.21,多头,7.65,7.818,,
2026-10-05,表格,7241,NGGB,0.765,0.0,859700,0.29,69.95,多头,0.725,0.714,,
2026-10-05,表格,3565,WCEHB,0.695,0.0,832900,1.54,45.63,空头,0.702,0.694,,
2026-10-05,表格,5053,OSK,1.74,-0.57,829400,0.58,27.76,空头,1.851,1.945,,
2026-10-05,表格,5248,BAUTO,0.93,1.09,817600,0.36,50.08,空头,0.927,0.942,,
2026-10-05,表格,1562,SPTOTO,1.3,3.17,816700,1.64,57.45,多头,1.27,1.293,,
2026-10-05,表格,5139,AEONCR,4.84,-0.41,793900,1.56,19.84,空头,5.232,5.501,,
2026-10-05,表格,0351,LSH,1.66,0.61,779600,1.57,64.08,多头,1.61,1.601,,
2026-10-05,表格,5141,DAYANG,1.44,0.0,763500,0.33,41.12,多头,1.466,1.505,,
2026-10-05,表格,7252,TEOSENG,0.85,4.29,751600,2.03,66.7,多头,0.815,0.841,,
2026-10-05,表格,7035,CCK,0.86,1.18,710500,1.34,26.67,空头,0.895,0.978,,
2026-10-05,表格,5325,WELLCHIP,1.11,-0.89,698500,1.09,38.97,空头,1.155,1.128,,
2026-10-05,表格,5227,IGBREIT,2.79,-0.71,694400,0.19,52.72,空头,2.775,2.761,,
2026-10-05,表格,5012,TAANN,5.75,0.88,677500,2.03,40.28,空头,5.914,5.909,,
2026-10-05,表格,0311,GOHUB,1.2,1.69,645800,2.74,62.42,多头,1.162,1.156,,
2026-10-05,表格,7161,KERJAYA,3.47,-1.42,642900,0.21,58.83,多头,3.414,3.004,,
2026-10-05,表格,3816,MISC,7.7,2.26,623300,0.37,45.44,空头,7.785,7.936,,
2026-10-05,表格,7854,TIMWELL,2.27,0.89,609300,0.97,73.0,多头,2.183,2.031,,
2026-10-05,表格,7084,QL,3.92,0.77,587500,0.3,49.61,空头,3.931,3.93,,
2026-10-05,表格,3417,E&O,0.77,0.0,573600,0.4,49.64,多头,0.772,0.767,,
2026-10-05,表格,5209,GASMSIA,5.03,3.71,546500,0.66,53.48,空头,4.967,5.028,,
2026-10-05,表格,0222,OPTIMAX,0.505,0.0,545700,3.36,42.25,多头,0.511,0.518,,
2026-10-05,表格,1818,BURSA,8.03,0.25,531500,0.32,35.29,空头,8.203,8.39,,
2026-10-05,表格,5340,UMSINT,9.4,4.1,519400,1.62,74.92,多头,8.58,8.232,,
2026-10-02,信号,0351,LSH,1.65,2.48,1382200,3.03,62.18,多头,1.605,1.6,🎯 SAR 转多,现价1.65高于50日均线1.6，SAR转多信号获均线支撑；RSI 62.18偏强但未超买，信号可靠性中等偏上。
2026-10-02,表格,0138,ZETRIX,0.115,-30.3,1055816800,2.23,17.7,空头,0.234,0.448,,
2026-10-02,表格,4723,JAKS,0.18,0.0,95018400,1.63,64.32,多头,0.16,0.124,,
2026-10-02,表格,5161,JCY,0.66,18.92,78394600,5.01,71.98,多头,0.547,0.494,,
2026-10-02,表格,6963,VS,0.29,7.41,66789700,1.85,70.55,多头,0.245,0.234,,
2026-10-02,表格,0007,PUC,0.045,28.57,66460000,8.68,67.34,多头,0.035,0.033,,
2026-10-02,表格,4456,DNEX,0.515,4.04,57368300,2.34,65.29,多头,0.476,0.473,,
2026-10-02,表格,7215,NIHSIN,0.37,-1.33,40241100,0.93,68.93,多头,0.34,0.209,,
2026-10-02,表格,0095,MAG,0.155,-3.13,38769400,1.47,46.33,多头,0.156,0.158,,
2026-10-02,表格,7113,TOPGLOV,0.76,3.4,38384400,0.85,57.38,空头,0.739,0.69,,
2026-10-02,表格,0131,DFX,0.135,8.0,29883400,11.67,79.41,多头,0.096,0.088,,
2026-10-02,表格,3174,L&G,0.185,-7.5,28048100,1.26,44.98,空头,0.195,0.18,,
2026-10-02,表格,7080,PERMAJU,0.01,0.0,27058000,14.65,58.68,空头,0.008,0.008,,
2026-10-02,表格,0475,0475.KL,0.23,12.2,25706900,0.36,,空头,,,,
2026-10-02,表格,7079,TWL,0.025,0.0,25514600,1.29,51.85,空头,0.025,0.024,,
2026-10-02,表格,5078,M&G,0.3,-1.64,23140900,1.18,48.42,空头,0.303,0.292,,
2026-10-02,表格,0083,NOTION,0.705,9.3,21903700,2.18,65.47,多头,0.642,0.587,,
2026-10-02,表格,7192,GIIB,0.605,0.0,21724300,0.83,74.1,多头,0.565,0.496,,
2026-10-02,表格,2429,TANCO,0.155,0.0,21670600,1.03,32.21,空头,0.174,0.21,,
2026-10-02,表格,5238,AAGB,0.505,-0.98,21645300,0.57,26.97,空头,0.593,0.804,,
2026-10-02,表格,0041,AIMAX,0.005,0.0,21345200,,,—,,,,
2026-10-02,表格,6742,YTLPOWR,5.68,-0.7,20371200,1.47,53.45,空头,5.682,5.219,,
2026-10-02,表格,5398,GAMUDA,5.1,-0.39,20310500,0.82,69.14,多头,4.862,4.581,,
2026-10-02,表格,0175,HHRG,0.165,0.0,18931000,0.47,54.4,多头,0.159,0.148,,
2026-10-02,表格,8052,CGB,0.87,0.0,18238700,0.96,51.28,多头,0.868,0.87,,
2026-10-02,表格,5184,CYPARK,0.795,-1.24,17758400,1.56,61.48,多头,0.74,0.697,,
2026-10-02,表格,0034,MMAG,0.025,25.0,17603900,6.06,51.01,多头,0.024,0.026,,
2026-10-02,表格,7106,SUPERMX,0.42,5.0,16628600,0.77,62.22,空头,0.388,0.331,,
2026-10-02,表格,0270,NATGATE,1.83,3.39,15649500,0.69,60.45,空头,1.753,1.575,,
2026-10-02,表格,7121,XL,0.81,0.0,15562900,1.06,50.19,空头,0.81,0.807,,
2026-10-02,表格,0215,SLVEST,4.17,-0.71,15346900,2.14,67.91,多头,3.791,3.324,,
2026-10-02,表格,5151,HEXTAR,0.775,0.0,14887100,1.09,50.58,多头,0.774,0.774,,
2026-10-02,表格,0050,SYSTECH,0.205,17.14,14758000,2.9,72.59,多头,0.166,0.165,,
2026-10-02,表格,5099,CAPITALA,0.235,-2.08,14623800,0.5,30.7,多头,0.264,0.317,,
2026-10-02,表格,9377,FSBM,0.095,0.0,13119800,0.54,34.07,空头,0.121,0.156,,
2026-10-02,表格,0453,EIPOWER,1.0,-5.66,12979900,1.58,62.88,空头,0.943,0.789,,
2026-10-02,表格,8664,SPSETIA,0.72,-0.69,12881400,2.69,28.63,空头,0.776,0.834,,
2026-10-02,表格,0262,SUNVIEW,0.395,2.6,12560600,1.14,63.81,多头,0.378,0.372,,
2026-10-02,表格,5243,VELESTO,0.22,2.33,12406700,0.59,40.51,空头,0.231,0.246,,
2026-10-02,表格,0459,SUM,0.755,-3.82,11696000,1.97,65.02,多头,0.704,0.635,,
2026-10-02,表格,0163,CAREPLS,0.08,0.0,10918100,1.18,49.23,空头,0.081,0.077,,
2026-10-02,表格,5148,UEMS,0.5,-0.99,10906300,1.73,26.56,空头,0.545,0.581,,
2026-10-02,表格,0104,GENETEC,0.33,1.54,10883600,2.02,53.89,多头,0.32,0.337,,
2026-10-02,表格,0457,PENTECH,0.355,0.0,10877000,1.44,62.52,多头,0.336,0.317,,
2026-10-02,表格,0193,KINERGY,0.4,0.0,10847600,0.96,42.45,空头,0.407,0.411,,
2026-10-02,表格,0051,CUSCAPI,0.05,0.0,10795000,0.45,35.15,空头,0.056,0.074,,
2026-10-02,表格,0105,ASIAPLY,0.095,0.0,10678800,7.37,53.98,多头,0.094,0.088,,
2026-10-02,表格,1066,RHBBANK,7.43,-0.54,10438800,1.06,24.04,空头,7.813,8.197,,
2026-10-02,表格,0225,SCGBHD,2.83,-2.41,10369800,1.13,58.21,多头,2.715,2.544,,
2026-10-02,表格,8877,EKOVEST,0.175,-2.78,10235000,2.38,41.44,空头,0.179,0.187,,
2026-10-02,表格,5311,CEB,0.3,0.0,10173900,1.66,68.89,多头,0.282,0.272,,
2026-10-02,表格,1295,PBBANK,4.66,-0.21,10050000,0.57,28.62,空头,4.792,4.929,,
2026-10-02,表格,0166,INARI,2.58,2.79,9953300,0.56,52.46,空头,2.568,2.462,,
2026-10-02,表格,5102,GCB,1.3,0.78,9831900,0.81,44.54,空头,1.35,1.3,,
2026-10-02,表格,0186,PTRANS,0.185,0.0,9721300,1.21,42.14,空头,0.193,0.197,,
2026-10-02,表格,4677,YTL,2.24,-0.88,9682400,0.63,47.65,空头,2.276,2.207,,
2026-10-02,表格,0082,GPACKET,0.02,33.33,9640800,27.27,67.31,多头,0.016,0.019,,
2026-10-02,表格,0127,JHM,0.57,6.54,9474300,2.31,66.45,多头,0.521,0.476,,
2026-10-02,表格,5555,SUNMED,2.06,-0.48,9463100,0.52,43.4,空头,2.108,2.071,,
2026-10-02,表格,1023,CIMB,7.65,-0.52,9275400,0.75,43.68,空头,7.778,7.748,,
2026-10-02,表格,7204,D&O,0.565,6.6,9257200,0.61,66.33,多头,0.501,0.419,,
2026-10-02,表格,0251,SFPTECH,0.275,5.77,9164900,0.9,50.12,多头,0.268,0.308,,
2026-10-02,表格,0145,TFP,0.045,0.0,9080200,1.94,30.84,空头,0.059,0.07,,
2026-10-02,表格,0339,CBHB,1.09,0.93,8868800,0.73,72.24,空头,1.031,0.876,,
2026-10-02,表格,0468,UNIPAC,0.265,3.92,8812600,0.66,,多头,,,,
2026-10-02,表格,0248,YEWLEE,0.605,-0.82,8611000,0.8,48.71,多头,0.607,0.607,,
2026-10-02,表格,0259,SNS,0.515,1.98,8473500,1.36,47.67,空头,0.521,0.532,,
2026-10-02,表格,0275,OPPSTAR,0.7,5.26,8292700,1.22,54.09,多头,0.681,0.668,,
2026-10-02,表格,5253,ECONBHD,0.115,0.0,8255000,2.5,37.56,多头,0.119,0.125,,
2026-10-02,表格,0024,JAG,0.365,0.0,8201100,1.25,48.24,空头,0.367,0.367,,
2026-10-02,表格,5168,HARTA,1.04,0.97,8117000,0.73,46.27,空头,1.067,1.027,,
2026-10-02,表格,0473,Evocom Berhad,0.115,4.55,7992400,0.27,,空头,,,,
2026-10-02,表格,5301,CTOS,0.55,-2.65,7980400,1.5,25.83,空头,0.614,0.653,,
2026-10-02,表格,0196,QES,0.615,4.24,7967500,2.87,61.03,多头,0.575,0.576,,
2026-10-02,表格,8869,PMETAL,7.17,0.14,7950900,1.13,29.81,空头,7.559,7.792,,
2026-10-02,表格,0181,AEMULUS,0.435,6.1,7899600,1.39,58.54,多头,0.408,0.405,,
2026-10-02,表格,5347,TENAGA,12.96,0.47,7744200,0.92,39.78,多头,13.106,13.691,,
2026-10-02,表格,4324,HENGYUAN,3.64,0.0,7683500,0.65,55.71,空头,3.605,2.541,,
2026-10-02,表格,0321,SDCG,0.795,0.63,7648000,1.23,66.41,多头,0.773,0.757,,
2026-10-02,表格,0097,VITROX,10.46,4.6,7334200,2.27,73.02,多头,9.724,9.243,,
2026-10-02,表格,5292,UWC,7.57,6.62,7307500,2.03,69.86,多头,6.771,6.586,,
2026-10-02,表格,1155,MAYBANK,10.02,0.7,7095800,0.57,40.9,空头,10.114,10.269,,
2026-10-02,表格,3336,IJM,2.81,0.0,6988400,0.47,54.93,多头,2.795,2.666,,
2026-10-02,表格,7155,SKPRES,0.375,4.17,6925300,0.85,72.66,多头,0.338,0.314,,
2026-10-02,表格,7020,ASTEEL,0.095,5.56,6837200,2.54,55.0,多头,0.09,0.082,,
2026-10-02,表格,9008,OMESTI,0.075,0.0,6834400,1.38,47.39,空头,0.076,0.078,,
2026-10-02,表格,5286,MI,5.21,-0.95,6627100,2.08,37.41,空头,5.617,5.738,,
2026-10-02,表格,0236,RAMSSOL,0.755,0.0,6616300,1.01,40.99,空头,0.768,0.771,,
2026-10-02,表格,0455,BUSCAP,0.61,12.96,6375600,3.36,68.88,多头,0.517,0.425,,
2026-10-02,表格,5356,STRATUS,3.21,5.25,6321600,1.78,65.6,多头,2.934,2.742,,
2026-10-02,表格,4197,SIME,2.49,2.89,6136300,0.4,57.61,空头,2.449,2.313,,
2026-10-02,表格,0219,RL,0.31,1.64,6080100,0.83,56.5,空头,0.306,0.297,,
2026-10-02,表格,5216,NEXG,0.3,-3.23,5892000,0.35,54.88,多头,0.289,0.278,,
2026-10-02,表格,0078,GDEX,0.13,0.0,5744200,6.47,47.54,空头,0.131,0.131,,
2026-10-02,表格,0340,NORTHERN,1.22,7.02,5707100,0.85,74.93,多头,0.991,0.776,,
2026-10-02,表格,0120,VIS,0.525,0.96,5479200,1.94,78.16,多头,0.436,0.418,,
2026-10-02,表格,5285,SDG,6.1,0.83,5478100,0.38,38.07,空头,6.242,6.451,,
2026-10-02,表格,5337,ECOSHOP,1.45,0.0,5432500,1.05,43.47,空头,1.468,1.47,,
2026-10-02,表格,7233,DUFU,3.06,8.51,5415100,2.03,64.16,多头,2.823,2.727,,
2026-10-02,表格,0380,AQUAWALK,0.13,-3.7,5351800,1.36,35.71,空头,0.142,0.15,,
2026-10-02,表格,0345,SUNLOGY,0.45,-2.17,5199200,0.54,51.77,空头,0.45,0.417,,
2026-10-02,表格,5352,MTTSL,1.11,1.83,5187500,0.76,42.97,空头,1.157,1.154,,
2026-10-02,表格,7174,CAB,0.61,7.02,5176500,6.75,84.87,多头,0.545,0.531,,
2026-10-02,表格,0470,BFIELD,0.48,1.05,5171300,0.33,,多头,,,,
2026-10-02,表格,7153,KOSSAN,1.15,0.88,5097300,0.55,50.71,空头,1.154,1.108,,
2026-10-02,表格,0245,MNHLDG,3.8,-3.06,5074700,1.68,53.57,空头,3.801,3.477,,
2026-10-02,表格,5878,KPJ,2.59,-0.38,4983500,0.61,40.16,多头,2.661,2.833,,
2026-10-02,表格,5246,WPRTS,6.75,0.0,4951300,1.2,49.06,多头,6.757,6.836,,
2026-10-02,表格,0390,ISF,0.82,1.86,4825800,1.5,56.34,空头,0.809,0.737,,
2026-10-02,表格,5180,CLMT,0.555,-1.77,4680000,1.18,28.18,空头,0.579,0.585,,
2026-10-02,表格,0233,PEKAT,2.83,1.43,4653900,1.71,75.6,多头,2.455,2.035,,
2026-10-02,表格,0090,ELSOFT,0.285,7.55,4607800,17.77,60.73,多头,0.262,0.264,,
2026-10-02,表格,0176,KRONO,0.13,-7.14,4559600,0.84,45.75,空头,0.137,0.129,,
2026-10-02,表格,5326,99SMART,3.06,0.66,4541500,1.23,27.81,空头,3.232,3.439,,
2026-10-02,表格,0277,CLOUDPT,0.505,2.02,4436900,3.13,60.44,多头,0.477,0.472,,
2026-10-02,表格,5249,IOIPG,3.4,0.0,4430500,0.77,34.32,空头,3.55,3.684,,
2026-10-02,表格,5183,PCHEM,4.21,1.94,4422200,0.56,40.61,空头,4.456,4.502,,
2026-10-02,表格,0240,CORAZA,1.18,9.26,4291800,1.68,62.6,多头,1.099,1.121,,
2026-10-02,表格,6888,AXIATA,1.64,1.23,4246400,0.64,38.36,空头,1.7,1.818,,
2026-10-02,表格,1961,IOICORP,4.69,0.43,4181800,0.44,48.31,空头,4.725,4.607,,
2026-10-02,表格,5288,SIMEPROP,1.24,3.33,4150500,0.71,45.4,空头,1.256,1.296,,
2026-10-02,表格,0223,SAMAIDEN,2.84,-0.7,4097800,1.24,71.11,空头,2.443,1.887,,
2026-10-02,表格,5210,ARMADA,0.33,0.0,4093300,0.58,31.89,空头,0.346,0.348,,
2026-10-02,表格,0373,VERDANT,0.26,4.0,4093200,1.27,64.91,空头,0.236,0.213,,
2026-10-02,表格,1651,MRCB,0.29,1.75,4017000,0.57,41.48,空头,0.295,0.31,,
2026-10-02,表格,5296,MRDIY,1.27,1.6,3959800,0.35,36.83,空头,1.31,1.416,,
2026-10-02,表格,3182,GENTING,1.86,-2.11,3918500,0.91,35.1,空头,1.932,2.055,,
2026-10-02,表格,7277,DIALOG,1.85,-1.6,3834900,0.55,33.7,空头,1.956,1.967,,
2026-10-02,表格,0239,ECOMATE,0.87,0.0,3710500,1.21,59.72,空头,0.862,0.857,,
2026-10-02,表格,0471,PIONEER,0.305,5.17,3680100,0.31,,多头,,,,
2026-10-02,表格,0388,SEMICO,0.615,0.0,3678500,1.19,60.46,多头,0.612,0.594,,
2026-10-02,表格,5211,SUNWAY,4.3,-1.15,3657300,0.72,26.72,空头,4.603,4.923,,
2026-10-02,表格,0100,ESCERAM,0.18,-2.7,3654700,4.01,49.08,空头,0.181,0.181,,
2026-10-02,表格,9679,WCT,0.365,2.82,3563900,0.86,43.39,空头,0.372,0.388,,
2026-10-02,表格,0128,FRONTKN,5.06,1.2,3484100,0.76,54.45,多头,4.989,5.045,,
2026-10-02,表格,5195,CENSOF,0.215,4.88,3472700,4.5,57.92,多头,0.208,0.201,,
2026-10-02,表格,0208,GREATEC,2.57,0.78,3436500,0.62,50.96,多头,2.564,2.548,,
2026-10-02,表格,5317,CPETECH,1.29,4.88,3421600,0.87,56.1,空头,1.249,1.161,,
2026-10-02,表格,9059,TSH,1.21,-3.2,3328300,1.19,30.34,空头,1.347,1.317,,
2026-10-02,表格,5283,EWICAP,0.14,-12.5,3280000,1.7,22.95,空头,0.176,0.183,,
2026-10-02,表格,5357,SKYECHIP,2.94,1.73,3246400,1.15,45.41,空头,2.975,3.034,,
2026-10-02,表格,0209,AIMFLEX,0.11,4.76,3212100,0.41,40.15,空头,0.118,0.124,,
2026-10-02,表格,5264,MALAKOF,0.775,0.0,3166400,0.66,41.4,空头,0.797,0.806,,
2026-10-02,表格,0111,K1,0.155,-6.06,3090500,0.89,53.89,多头,0.153,0.142,,
2026-10-02,表格,5225,IHH,7.8,1.3,3003900,0.72,45.07,多头,7.862,8.048,,
2026-10-02,表格,6139,TAKAFUL,2.89,0.0,3000500,2.45,26.07,空头,3.02,3.13,,
2026-10-02,表格,0353,WESTRVR,0.42,0.0,2988800,1.13,64.5,多头,0.389,0.352,,
2026-10-02,表格,5236,MATRIX,1.1,3.77,2970100,2.67,39.73,空头,1.129,1.171,,
2026-10-02,表格,0167,MCLEAN,0.775,1.97,2886100,1.11,54.53,多头,0.761,0.742,,
2026-10-02,表格,0337,SET,0.22,-2.22,2868900,1.75,36.57,空头,0.236,0.243,,
2026-10-02,表格,5199,HIBISCS,2.15,0.47,2791300,0.47,46.98,空头,2.201,2.112,,
2026-10-02,表格,8583,MAHSING,0.97,0.0,2697900,0.64,29.84,空头,1.024,1.076,,
2026-10-02,表格,1015,AMBANK,6.39,0.0,2626300,0.62,26.41,空头,6.62,6.868,,
2026-10-02,表格,3662,MFLOUR,0.61,0.0,2610100,1.11,39.14,多头,0.628,0.637,,
2026-10-02,表格,0310,UUE,0.73,-0.68,2608400,0.4,61.0,多头,0.699,0.627,,
2026-10-02,表格,0372,CHEEDING,0.62,-1.59,2606400,0.77,53.24,多头,0.607,0.609,,
2026-10-02,表格,4863,TM,7.83,-0.25,2549800,0.71,48.15,多头,7.878,7.822,,
2026-10-02,表格,8907,EG,1.73,1.76,2529200,0.47,45.54,空头,1.755,1.79,,
2026-10-02,表格,5053,OSK,1.75,0.57,2528200,1.84,28.65,空头,1.863,1.949,,
2026-10-02,表格,6633,LHI,0.725,-0.68,2450500,1.41,45.61,空头,0.731,0.75,,
2026-10-02,表格,5176,SUNREIT,2.04,0.49,2440800,0.83,44.61,空头,2.056,2.096,,
2026-10-02,表格,0336,WINSTAR,0.645,0.0,2403500,2.18,50.97,空头,0.648,0.618,,
2026-10-02,表格,0359,HKB,0.675,2.27,2386100,1.97,64.66,多头,0.634,0.606,,
2026-10-02,表格,0303,ALPHA,0.265,3.92,2377700,1.18,64.31,多头,0.247,0.255,,
2026-10-02,表格,5212,PAVREIT,1.54,1.32,2364800,0.56,40.76,空头,1.57,1.636,,
2026-10-02,表格,0192,INTA,0.405,0.0,2348900,0.98,54.95,多头,0.4,0.383,,
2026-10-02,表格,5218,VANTNRG,0.335,0.0,2330700,0.59,48.01,多头,0.338,0.334,,
2026-10-02,表格,0296,HEGROUP,1.1,2.8,2306100,0.48,74.51,空头,1.009,0.841,,
2026-10-02,表格,5309,ITMAX,4.61,0.44,2294900,1.07,59.71,多头,4.495,4.488,,
2026-10-02,表格,5327,MEGAFB,2.69,-2.18,2244000,0.52,72.27,多头,2.551,2.198,,
2026-10-02,表格,0469,GTA,0.27,0.0,2242200,0.13,16.24,空头,,,,
2026-10-02,表格,0367,ENPRO,0.28,16.67,2227200,0.28,57.33,空头,0.264,0.225,,
2026-10-02,表格,0172,OCK,0.47,1.08,2226600,0.69,59.64,空头,0.456,0.413,,
2026-10-02,表格,0112,MIKROMB,0.645,1.57,2199300,0.69,62.66,空头,0.636,0.601,,
2026-10-02,表格,5162,VSTECS,1.66,3.75,2195400,1.51,52.55,多头,1.63,1.681,,
2026-10-02,表格,0298,WENTEL,0.26,1.96,2190400,1.51,43.3,多头,0.266,0.278,,
2026-10-02,表格,0246,CNERGEN,0.91,0.55,2168900,1.2,53.88,多头,0.908,0.807,,
2026-10-02,表格,5271,PECCA,1.4,0.72,2138400,1.08,68.18,空头,1.368,1.331,,
2026-10-02,表格,0368,OXB,0.475,2.15,2129400,0.59,60.56,多头,0.446,0.44,,
2026-10-02,表格,3557,ECOFIRS,0.325,-1.52,2108700,0.92,43.8,多头,0.334,0.34,,
2026-10-02,表格,6012,MAXIS,3.51,1.45,2086800,1.08,44.57,空头,3.554,3.603,,
2026-10-02,表格,0318,ELRIDGE,0.905,-0.55,2063000,0.4,57.03,多头,0.895,0.855,,
2026-10-02,表格,5789,LBS,0.38,-1.3,2056600,1.36,35.48,空头,0.387,0.397,,
2026-10-02,表格,7081,PHARMA,1.0,-0.99,2016900,0.93,22.29,空头,1.086,1.139,,
2026-10-02,表格,5306,FFB,1.85,-0.54,2004700,0.66,29.36,空头,1.941,2.055,,
2026-10-02,表格,3069,MFCB,3.0,-0.33,2000000,1.71,55.58,空头,2.961,2.911,,
2026-10-02,表格,4715,GENM,1.47,-1.34,1902500,0.85,31.03,空头,1.534,1.649,,
2026-10-02,表格,0396,ADNEX,0.44,1.15,1897100,5.1,61.13,多头,0.421,0.416,,
2026-10-02,表格,7579,AWC,0.655,-2.24,1842500,0.93,69.58,多头,0.596,0.509,,
2026-10-02,表格,0450,MFGROUP,0.26,0.0,1833800,2.17,45.51,空头,0.261,0.265,,
2026-10-02,表格,0348,CLITE,0.235,2.17,1812700,1.19,62.95,空头,0.222,0.193,,
2026-10-02,表格,9075,THETA,0.64,1.59,1810600,1.65,48.13,空头,0.645,0.66,,
2026-10-02,表格,5141,DAYANG,1.44,-0.69,1802700,0.78,41.13,多头,1.468,1.51,,
2026-10-02,表格,0272,TTVHB,0.245,2.08,1800500,0.61,48.99,多头,0.245,0.251,,
2026-10-02,表格,6947,CDB,2.52,0.4,1789100,0.53,30.2,空头,2.63,2.761,,
2026-10-02,表格,0291,CHB,2.46,3.36,1787200,1.13,68.06,多头,2.277,2.069,,
2026-10-02,表格,0391,AMBEST,1.37,0.0,1693300,0.59,55.72,空头,1.354,1.19,,
2026-10-02,表格,1171,MBSB,0.555,0.91,1689500,0.42,42.05,空头,0.563,0.59,,
2026-10-02,表格,0268,L&PBHD,0.215,2.38,1682100,0.63,70.81,多头,0.195,0.162,,
2026-10-02,表格,5106,AXREIT,1.83,1.1,1654200,1.11,51.73,多头,1.814,1.839,,
2026-10-02,表格,8206,ECOWLD,1.85,-3.14,1637800,0.93,32.4,空头,1.944,2.008,,
2026-10-02,表格,3794,MCEMENT,5.52,0.73,1635600,0.85,41.68,多头,5.612,6.023,,
2026-10-02,表格,5401,TROP,1.21,0.0,1611000,1.48,57.0,多头,1.181,1.195,,
2026-10-02,表格,5328,LWSABAH,1.66,-1.19,1608300,1.35,47.0,空头,1.693,1.628,,
2026-10-02,表格,0273,VLB,0.98,3.16,1605900,0.6,63.11,多头,0.911,0.827,,
2026-10-02,表格,7241,NGGB,0.765,2.68,1592000,0.51,69.95,多头,0.72,0.713,,
2026-10-02,表格,0369,JSSOLAR,0.245,4.26,1581500,1.08,61.96,多头,0.224,0.203,,
2026-10-02,表格,0217,PWRWELL,1.18,0.0,1547500,0.38,63.17,多头,1.13,1.035,,
2026-10-02,表格,0265,INFOM,1.8,1.69,1490100,2.84,80.92,多头,1.644,1.563,,
2026-10-02,表格,5323,JPG,1.77,0.0,1453800,0.2,36.3,空头,1.866,1.95,,
2026-10-02,表格,0285,MERSEC,0.27,0.0,1440500,1.51,36.39,空头,0.276,0.276,,
2026-10-02,表格,0456,MMCS,0.34,0.0,1408600,0.98,31.63,空头,0.356,0.389,,
2026-10-02,表格,5072,HIAPTEK,0.25,-1.96,1403100,1.18,39.93,多头,0.256,0.259,,
2026-10-02,表格,4634,POS,0.25,2.04,1402600,1.16,47.68,空头,0.253,0.251,,
2026-10-02,表格,0338,KOPI,0.895,-0.56,1398900,0.45,36.67,多头,0.92,0.968,,
2026-10-02,表格,0375,THMY,2.13,-2.29,1396600,0.69,62.19,多头,1.995,1.913,,
2026-10-02,表格,8524,TALIWRK,0.255,2.0,1389700,0.52,48.77,多头,0.254,0.266,,
2026-10-02,表格,5005,UNISEM,4.22,0.48,1375200,0.52,44.83,空头,4.343,4.393,,
2026-10-02,表格,0045,SSB8,0.64,0.0,1351500,0.36,56.18,多头,0.626,0.59,,
2026-10-02,表格,1589,IWCITY,0.205,0.0,1349800,1.39,39.24,空头,0.211,0.223,,
2026-10-02,表格,5302,ATECH,0.77,2.67,1349600,0.96,51.94,多头,0.763,0.757,,
2026-10-02,表格,7084,QL,3.89,0.0,1327200,0.69,47.25,空头,3.932,3.932,,
2026-10-02,表格,5259,AVANGAAD,0.295,0.0,1320900,0.58,49.23,多头,0.295,0.296,,
2026-10-02,表格,5343,GENERGY,0.345,-4.17,1314500,2.86,39.82,空头,0.36,0.363,,
2026-10-02,表格,3565,WCEHB,0.695,-0.71,1302300,2.6,45.63,空头,0.703,0.694,,
2026-10-02,表格,3816,MISC,7.53,-1.95,1274900,0.73,37.79,空头,7.794,7.941,,
2026-10-02,表格,4383,JTIASA,0.945,-1.05,1258200,0.31,34.19,空头,0.985,1.037,,
2026-10-02,表格,0146,JFTECH,0.69,3.76,1248000,1.22,54.25,多头,0.674,0.677,,
2026-10-02,表格,0393,TEAMSTR,0.225,12.5,1242100,0.5,41.64,空头,0.236,0.241,,
2026-10-02,表格,5121,HEKTAR,0.49,0.0,1241300,1.73,45.2,空头,0.501,0.48,,
2026-10-02,表格,0267,ECA,0.325,-1.52,1241100,0.34,37.76,空头,0.371,0.373,,
2026-10-02,表格,7225,PA,0.21,-2.33,1197500,0.23,47.07,多头,0.214,0.213,,
2026-10-02,表格,7179,LAGENDA,1.52,0.66,1193000,1.57,42.12,空头,1.566,1.513,,
2026-10-02,表格,5330,TMK,2.75,-4.51,1171800,0.9,38.91,空头,2.928,2.836,,
2026-10-02,表格,5284,LCTITAN,0.335,0.0,1155000,0.51,50.13,空头,0.335,0.33,,
2026-10-02,表格,0032,REDTONE,0.35,1.45,1148200,0.56,52.92,空头,0.349,0.323,,
2026-10-02,表格,7249,SKYGATE,0.84,7.69,1137700,1.1,47.84,空头,0.86,0.806,,
2026-10-02,表格,0398,GDGROUP,0.38,1.33,1097100,1.21,52.9,多头,0.378,0.38,,
2026-10-02,表格,5916,MSC,1.63,-1.81,1094700,0.75,33.52,空头,1.725,1.839,,
2026-10-02,表格,5318,DXN,0.465,1.09,1089800,0.43,53.28,空头,0.463,0.461,,
2026-10-02,表格,5227,IGBREIT,2.81,2.93,1059600,0.29,55.73,空头,2.774,2.759,,
2026-10-02,表格,7228,T7GLOBAL,0.26,-1.89,1055200,2.38,45.38,空头,0.268,0.267,,
2026-10-02,表格,0293,KJTS,1.02,5.15,1052500,0.65,49.82,多头,1.023,1.021,,
2026-10-02,表格,0292,JTGROUP,1.39,0.72,1047700,0.35,84.19,多头,1.147,0.943,,
2026-10-02,表格,0271,WELLS,0.62,-0.8,1045100,1.03,36.04,空头,0.629,0.636,,
2026-10-02,表格,8613,ENRA,0.725,-26.02,1043500,151.89,15.73,空头,0.931,0.885,,
2026-10-02,表格,5263,SUNCON,7.57,0.26,1039100,0.27,47.11,多头,7.654,7.82,,
2026-10-02,表格,0325,NE,1.16,3.57,1011600,0.67,60.3,多头,1.1,1.071,,
2026-10-02,表格,7293,YINSON,2.11,1.44,1007300,0.37,55.58,多头,2.073,2.02,,
2026-10-02,表格,7160,PENTA,5.17,2.17,990600,0.4,47.72,空头,5.227,5.282,,
2026-10-02,表格,0376,IAB,1.24,2.48,976500,0.59,43.64,空头,1.272,1.328,,
2026-10-02,表格,9466,KKB,1.25,4.17,943200,26.42,69.13,多头,1.135,1.09,,
2026-10-02,表格,4243,WTK,0.92,-1.08,935400,0.42,32.76,空头,1.004,1.02,,
2026-10-02,表格,7252,TEOSENG,0.815,0.62,870300,2.62,49.86,多头,0.811,0.842,,
2026-10-02,表格,7052,PADINI,1.02,0.0,840900,0.35,32.97,空头,1.064,1.231,,
2026-10-02,表格,5139,AEONCR,4.86,-0.61,839700,1.75,20.35,空头,5.273,5.518,,
2026-10-02,表格,6599,AEON,0.93,0.54,837300,0.87,25.91,空头,0.964,1.001,,
2026-10-02,表格,9792,SEG,0.635,0.0,805000,0.58,52.66,多头,0.634,0.629,,
2026-10-02,表格,5272,RANHILL,3.28,1.23,803800,0.34,67.37,多头,3.052,2.625,,
2026-10-02,表格,0249,LGMS,0.505,0.0,797800,1.94,54.24,空头,0.5,0.499,,
2026-10-02,表格,6114,MKH,1.99,0.0,782900,1.22,65.82,空头,1.989,1.983,,
2026-10-02,表格,3417,E&O,0.77,0.65,775200,0.52,49.64,多头,0.772,0.766,,
2026-10-02,表格,7163,PJBUMI,4.05,-0.49,768800,1.14,60.37,多头,4.01,3.885,,
2026-10-02,表格,7231,WELLCAL,1.12,-0.88,751100,2.71,52.53,多头,1.117,1.113,,
2026-10-02,表格,7161,KERJAYA,3.52,-0.56,738900,0.22,62.45,多头,3.408,2.983,,
2026-10-02,表格,2852,CMSB,0.955,0.0,727800,0.42,37.27,空头,0.983,1.004,,
2026-10-02,表格,0366,ICENTS,0.815,0.0,713700,0.35,51.06,空头,0.826,0.747,,
2026-10-02,表格,9172,FPI,1.05,0.96,712800,1.95,38.74,空头,1.085,1.12,,
2026-10-02,表格,7854,TIMWELL,2.25,1.81,708500,1.1,70.92,多头,2.174,2.023,,
2026-10-02,表格,5248,BAUTO,0.92,0.55,699400,0.3,44.78,空头,0.926,0.943,,
2026-10-02,表格,1619,DRBHCOM,0.89,-0.56,679200,1.19,28.97,空头,0.941,0.96,,
2026-10-02,表格,5308,SENFONG,0.7,1.45,664700,2.64,54.51,多头,0.694,0.685,,
2026-10-02,表格,6971,KOBAY,2.3,3.6,631300,0.87,50.61,空头,2.285,2.329,,
2026-10-02,表格,7095,PIE,1.74,6.1,631000,0.62,54.05,空头,1.707,1.635,,
2026-10-02,表格,5126,SOP,5.62,1.26,618700,1.07,45.55,空头,5.764,5.544,,
2026-10-02,表格,0151,KGB,8.63,0.7,606500,0.23,49.59,多头,8.663,8.606,,
2026-10-02,表格,7100,UCHITEC,2.49,0.0,589300,1.92,36.38,空头,2.571,2.66,,
2026-10-02,表格,7197,GESHEN,1.14,1.79,587100,1.23,40.62,空头,1.158,1.261,,
2026-10-02,表格,7035,CCK,0.85,0.0,574600,0.97,20.01,空头,0.898,0.983,,
2026-10-02,表格,4758,ANCOMNY,0.855,1.18,565500,0.69,44.2,空头,0.863,0.866,,
2026-10-02,表格,7198,DPS,0.51,0.0,557100,1.33,37.68,空头,0.518,0.526,,
2026-10-02,表格,0360,SAG,0.625,-1.57,525700,3.77,39.06,多头,0.639,0.654,,
2026-10-02,表格,5209,GASMSIA,4.85,1.04,523100,0.65,39.49,空头,4.961,5.03,,
2026-10-02,表格,7235,SUPERLN,0.845,-3.98,519800,2.29,46.57,空头,0.869,0.82,,
2026-10-02,表格,0326,SORENTO,0.655,-2.96,518700,1.0,49.89,多头,0.657,0.648,,
2026-10-02,表格,5351,EMPIRE,0.82,-1.2,511400,0.29,27.66,空头,0.866,0.937,,
2026-10-02,表格,0168,BMGREEN,1.57,1.95,506400,0.54,42.06,空头,1.625,1.701,,
2026-10-02,表格,0466,SRKKAI,0.525,1.94,500900,0.52,49.36,多头,0.522,0.532,,
2026-10-01,信号,1287,EXSIMHB,0.505,1.0,1734400,2.79,61.7,多头,0.497,0.468,🎯 SAR 转多,现价0.505高于50日均线0.468，SAR转多信号获均线支撑；RSI 61.7偏强但未超买，信号可靠性中等偏正面。
2026-10-01,表格,0138,ZETRIX,0.165,3.13,176333100,0.35,21.74,空头,0.246,0.46,,
2026-10-01,表格,6963,VS,0.27,-3.57,159845400,5.5,65.1,多头,0.24,0.234,,
2026-10-01,表格,4723,JAKS,0.185,-9.76,131649900,2.48,67.26,多头,0.159,0.122,,
2026-10-01,表格,0475,0475.KL,0.205,0.0,68710700,,,—,,,,
2026-10-01,表格,4456,DNEX,0.495,2.06,57784200,2.48,59.67,多头,0.472,0.472,,
2026-10-01,表格,5398,GAMUDA,5.09,-1.74,44702100,1.97,68.51,多头,4.834,4.564,,
2026-10-01,表格,0095,MAG,0.16,3.23,42590500,1.71,61.24,多头,0.156,0.158,,
2026-10-01,表格,0175,HHRG,0.165,3.13,37783300,0.97,54.39,多头,0.158,0.148,,
2026-10-01,表格,0131,DFX,0.12,33.33,34501600,43.52,74.43,多头,0.092,0.087,,
2026-10-01,表格,2429,TANCO,0.16,-3.03,31576000,1.41,34.07,空头,0.176,0.212,,
2026-10-01,表格,7192,GIIB,0.61,1.67,27803100,1.09,75.05,多头,0.561,0.496,,
2026-10-01,表格,6399,ASTRO,0.06,9.09,25325800,21.0,51.74,多头,0.058,0.06,,
2026-10-01,表格,0473,Evocom Berhad,0.11,-4.35,24783300,0.79,,空头,,,,
2026-10-01,表格,5555,SUNMED,2.07,-0.48,24283800,1.4,44.66,空头,2.113,2.069,,
2026-10-01,表格,0145,TFP,0.04,-27.27,21618600,5.57,28.04,空头,0.06,0.071,,
2026-10-01,表格,7155,SKPRES,0.365,2.82,21298300,2.86,69.59,多头,0.334,0.313,,
2026-10-01,表格,0345,SUNLOGY,0.46,3.37,20668400,2.22,54.57,空头,0.45,0.415,,
2026-10-01,表格,5078,M&G,0.305,0.0,20366800,1.03,53.62,空头,0.303,0.292,,
2026-10-01,表格,7215,NIHSIN,0.38,-2.56,18551600,0.41,73.36,多头,0.337,0.203,,
2026-10-01,表格,8052,CGB,0.865,0.0,17258100,0.91,46.8,多头,0.868,0.87,,
2026-10-01,表格,5161,JCY,0.55,-2.65,17174200,1.13,56.14,多头,0.534,0.489,,
2026-10-01,表格,5151,HEXTAR,0.77,0.0,16253700,1.21,48.12,多头,0.773,0.774,,
2026-10-01,表格,1155,MAYBANK,9.96,-0.3,15270100,1.25,35.4,空头,10.125,10.279,,
2026-10-01,表格,3174,L&G,0.2,-0.99,14902700,0.68,56.72,空头,0.196,0.18,,
2026-10-01,表格,0270,NATGATE,1.78,1.14,14825200,0.65,56.77,空头,1.745,1.562,,
2026-10-01,表格,7121,XL,0.81,0.0,14784700,1.01,50.2,空头,0.81,0.807,,
2026-10-01,表格,0248,YEWLEE,0.605,0.83,14761700,1.43,48.77,多头,0.607,0.607,,
2026-10-01,表格,8664,SPSETIA,0.72,-2.7,13870900,3.16,28.68,空头,0.781,0.838,,
2026-10-01,表格,5238,AAGB,0.51,-2.86,13783500,0.36,27.4,空头,0.603,0.815,,
2026-10-01,表格,1651,MRCB,0.28,-3.45,13488400,1.91,31.94,空头,0.295,0.31,,
2026-10-01,表格,0262,SUNVIEW,0.385,1.32,13462100,1.24,57.98,多头,0.377,0.372,,
2026-10-01,表格,1295,PBBANK,4.67,-0.64,12343200,0.71,29.36,空头,4.806,4.937,,
2026-10-01,表格,0215,SLVEST,4.2,-3.67,11638300,1.76,69.3,多头,3.751,3.302,,
2026-10-01,表格,3336,IJM,2.8,-3.78,11452100,0.77,53.9,多头,2.792,2.657,,
2026-10-01,表格,5148,UEMS,0.505,-1.94,11417300,1.75,27.68,空头,0.549,0.584,,
2026-10-01,表格,5216,NEXG,0.305,5.17,10445800,0.63,57.31,多头,0.288,0.278,,
2026-10-01,表格,7184,G3,0.01,0.0,10395100,6.93,45.65,空头,0.013,0.013,,
2026-10-01,表格,6742,YTLPOWR,5.74,-2.21,10323200,0.72,56.06,多头,5.684,5.189,,
2026-10-01,表格,5184,CYPARK,0.805,1.9,10108900,0.92,63.51,多头,0.734,0.694,,
2026-10-01,表格,0050,SYSTECH,0.19,8.57,9875600,1.94,67.62,多头,0.165,0.165,,
2026-10-01,表格,5205,SENDAI,0.255,-8.93,9768500,5.29,47.13,空头,0.261,0.267,,
2026-10-01,表格,0166,INARI,2.49,-0.4,9649300,0.53,45.17,空头,2.564,2.455,,
2026-10-01,表格,1171,MBSB,0.545,-3.54,9591300,2.63,36.61,空头,0.563,0.591,,
2026-10-01,表格,4197,SIME,2.43,-1.22,9099200,0.58,51.23,空头,2.446,2.303,,
2026-10-01,表格,7204,D&O,0.535,-3.6,8995700,0.6,62.55,多头,0.495,0.414,,
2026-10-01,表格,0024,JAG,0.37,1.37,8924400,1.42,52.61,空头,0.367,0.367,,
2026-10-01,表格,5296,MRDIY,1.26,-1.56,8896000,0.78,32.73,空头,1.316,1.423,,
2026-10-01,表格,4677,YTL,2.25,-1.32,8773900,0.54,48.47,多头,2.279,2.2,,
2026-10-01,表格,0225,SCGBHD,2.89,-1.37,8753200,0.96,61.87,多头,2.702,2.534,,
2026-10-01,表格,4324,HENGYUAN,3.62,1.69,8698300,0.7,55.37,空头,3.6,2.499,,
2026-10-01,表格,0041,AIMAX,0.005,0.0,8673200,,,—,,,,
2026-10-01,表格,5183,PCHEM,4.13,-1.2,8569600,1.07,37.32,空头,4.482,4.511,,
2026-10-01,表格,5301,CTOS,0.57,0.0,8215100,1.64,29.38,空头,0.621,0.655,,
2026-10-01,表格,5243,VELESTO,0.22,0.0,8177500,0.34,39.02,空头,0.232,0.246,,
2026-10-01,表格,6888,AXIATA,1.61,-3.01,8139800,1.25,34.31,空头,1.706,1.824,,
2026-10-01,表格,0363,PMCK,0.185,-2.63,7993900,8.04,36.75,空头,0.194,0.2,,
2026-10-01,表格,0368,OXB,0.46,0.0,7962500,2.4,56.57,多头,0.442,0.438,,
2026-10-01,表格,5210,ARMADA,0.33,0.0,7832900,1.05,31.89,空头,0.348,0.349,,
2026-10-01,表格,8907,EG,1.7,-1.73,7783400,1.46,41.1,空头,1.758,1.793,,
2026-10-01,表格,0217,PWRWELL,1.18,-0.84,7771100,2.04,63.17,多头,1.124,1.028,,
2026-10-01,表格,0181,AEMULUS,0.415,-2.35,7721900,1.37,53.82,多头,0.405,0.404,,
2026-10-01,表格,5099,CAPITALA,0.24,-2.04,7576300,0.26,32.11,多头,0.267,0.32,,
2026-10-01,表格,0457,PENTECH,0.35,-1.41,7465300,0.98,59.88,多头,0.334,0.315,,
2026-10-01,表格,5292,UWC,7.05,-0.28,7315800,2.14,61.01,多头,6.682,6.555,,
2026-10-01,表格,0186,PTRANS,0.19,0.0,7171600,0.91,45.53,空头,0.194,0.197,,
2026-10-01,表格,0340,NORTHERN,1.15,-7.26,6754100,1.06,72.45,多头,0.968,0.766,,
2026-10-01,表格,7113,TOPGLOV,0.735,-0.68,6752400,0.15,51.99,空头,0.736,0.688,,
2026-10-01,表格,1066,RHBBANK,7.47,-0.4,6707900,0.64,25.08,空头,7.853,8.214,,
2026-10-01,表格,5246,WPRTS,6.75,0.9,6661900,1.52,49.04,多头,6.758,6.83,,
2026-10-01,表格,1023,CIMB,7.73,-0.77,6533100,0.52,47.31,空头,7.795,7.746,,
2026-10-01,表格,0236,RAMSSOL,0.75,-1.32,6492400,1.0,38.75,空头,0.769,0.771,,
2026-10-01,表格,8869,PMETAL,7.2,-3.36,6477400,0.92,30.15,空头,7.604,7.81,,
2026-10-01,表格,0353,WESTRVR,0.42,-5.62,6440300,2.77,64.5,多头,0.385,0.349,,
2026-10-01,表格,5352,MTTSL,1.08,-2.7,6409800,0.92,38.71,空头,1.161,1.15,,
2026-10-01,表格,0127,JHM,0.53,0.0,6269800,1.59,57.67,多头,0.515,0.472,,
2026-10-01,表格,0104,GENETEC,0.325,3.17,6265100,1.12,51.5,多头,0.319,0.337,,
2026-10-01,表格,5347,TENAGA,12.94,-0.15,6234800,0.75,38.11,多头,13.125,13.717,,
2026-10-01,表格,5285,SDG,6.02,-2.9,6157100,0.4,32.75,空头,6.255,6.46,,
2026-10-01,表格,5102,GCB,1.27,-2.31,6150800,0.5,41.33,空头,1.354,1.297,,
2026-10-01,表格,7013,HUBLINE,0.03,0.0,5849900,4.35,45.42,空头,0.032,0.032,,
2026-10-01,表格,5337,ECOSHOP,1.45,-1.36,5829000,1.18,43.48,多头,1.469,1.471,,
2026-10-01,表格,0373,VERDANT,0.25,-5.66,5807400,1.95,61.3,多头,0.234,0.211,,
2026-10-01,表格,0111,K1,0.165,-2.94,5772400,1.8,62.21,多头,0.152,0.141,,
2026-10-01,表格,8877,EKOVEST,0.18,0.0,5750900,1.37,48.79,多头,0.179,0.187,,
2026-10-01,表格,0083,NOTION,0.645,0.78,5691700,0.57,55.14,多头,0.636,0.582,,
2026-10-01,表格,5351,EMPIRE,0.83,0.0,5607500,3.74,29.7,空头,0.871,0.94,,
2026-10-01,表格,0339,CBHB,1.07,-1.83,5341000,0.44,67.86,空头,1.024,0.868,,
2026-10-01,表格,0397,5ER,0.195,0.0,5311900,4.87,32.5,空头,0.203,0.213,,
2026-10-01,表格,0376,IAB,1.21,-6.2,5278900,3.55,38.75,空头,1.275,1.332,,
2026-10-01,表格,5259,AVANGAAD,0.295,0.0,5161100,2.52,49.25,多头,0.295,0.296,,
2026-10-01,表格,5356,STRATUS,3.06,0.66,5070800,1.41,59.82,多头,2.905,2.719,,
2026-10-01,表格,7217,EMETALL,0.44,0.0,4839400,22.75,57.18,空头,0.44,0.434,,
2026-10-01,表格,0453,EIPOWER,1.05,-2.78,4716000,0.57,72.21,多头,0.936,0.783,,
2026-10-01,表格,5326,99SMART,3.04,-3.49,4671700,1.32,24.94,空头,3.251,3.452,,
2026-10-01,表格,1961,IOICORP,4.66,-1.06,4592400,0.48,45.29,空头,4.728,4.601,,
2026-10-01,表格,0318,ELRIDGE,0.905,-1.63,4553800,0.91,57.18,多头,0.893,0.854,,
2026-10-01,表格,0471,PIONEER,0.29,3.57,4512500,0.36,,多头,,,,
2026-10-01,表格,5288,SIMEPROP,1.23,-0.81,4483900,0.78,41.37,空头,1.26,1.298,,
2026-10-01,表格,5286,MI,5.27,1.35,4349700,1.32,38.75,空头,5.661,5.744,,
2026-10-01,表格,0275,OPPSTAR,0.665,0.0,4338700,0.6,47.36,多头,0.679,0.666,,
2026-10-01,表格,0310,UUE,0.735,0.0,4332200,0.68,62.32,多头,0.696,0.624,,
2026-10-01,表格,0470,BFIELD,0.475,0.0,4325700,0.26,,多头,,,,
2026-10-01,表格,0259,SNS,0.51,0.0,4288000,0.64,45.42,空头,0.522,0.532,,
2026-10-01,表格,0120,VIS,0.515,1.98,4272600,1.55,76.96,多头,0.426,0.415,,
2026-10-01,表格,0223,SAMAIDEN,2.84,-5.96,4203700,1.33,71.18,多头,2.399,1.86,,
2026-10-01,表格,0193,KINERGY,0.4,0.0,4177500,0.38,42.45,空头,0.407,0.411,,
2026-10-01,表格,0321,SDCG,0.79,0.0,4124400,0.66,64.37,多头,0.77,0.756,,
2026-10-01,表格,0459,SUM,0.785,1.95,4043900,0.67,74.2,多头,0.699,0.631,,
2026-10-01,表格,5311,CEB,0.3,1.69,4024600,0.62,68.88,多头,0.28,0.272,,
2026-10-01,表格,5327,MEGAFB,2.76,0.36,3984000,0.94,81.99,多头,2.537,2.18,,
2026-10-01,表格,0388,SEMICO,0.615,-0.81,3960800,1.31,60.47,多头,0.611,0.592,,
2026-10-01,表格,0172,OCK,0.465,-4.12,3927400,1.29,58.02,空头,0.455,0.411,,
2026-10-01,表格,0176,KRONO,0.14,12.0,3902900,0.68,52.23,空头,0.138,0.129,,
2026-10-01,表格,7225,PA,0.21,-2.33,3768000,0.68,47.32,多头,0.214,0.213,,
2026-10-01,表格,5878,KPJ,2.61,-2.97,3761000,0.45,41.61,多头,2.669,2.844,,
2026-10-01,表格,5225,IHH,7.7,-1.66,3730400,0.92,39.45,多头,7.869,8.057,,
2026-10-01,表格,0251,SFPTECH,0.255,2.0,3692900,0.33,40.14,多头,0.267,0.31,,
2026-10-01,表格,7106,SUPERMX,0.395,0.0,3669900,0.16,56.49,空头,0.384,0.327,,
2026-10-01,表格,9679,WCT,0.36,-1.37,3645400,0.86,38.3,空头,0.373,0.389,,
2026-10-01,表格,0367,ENPRO,0.245,-3.92,3578200,0.42,46.68,空头,0.263,0.224,,
2026-10-01,表格,0390,ISF,0.805,-3.59,3569200,1.13,53.21,多头,0.808,0.733,,
2026-10-01,表格,0372,CHEEDING,0.63,-2.33,3472700,1.05,55.93,多头,0.606,0.609,,
2026-10-01,表格,5657,PARKSON,0.175,6.06,3445400,2.42,48.55,空头,0.175,0.178,,
2026-10-01,表格,5168,HARTA,1.03,0.0,3419100,0.3,44.39,空头,1.069,1.026,,
2026-10-01,表格,0196,QES,0.585,3.54,3387100,1.17,54.39,多头,0.57,0.575,,
2026-10-01,表格,0277,CLOUDPT,0.495,3.13,3317500,2.56,57.63,多头,0.475,0.471,,
2026-10-01,表格,3662,MFLOUR,0.61,0.0,3311500,1.37,39.13,空头,0.63,0.636,,
2026-10-01,表格,0239,ECOMATE,0.865,0.58,3206000,1.07,55.77,空头,0.861,0.856,,
2026-10-01,表格,0393,TEAMSTR,0.205,-8.89,3180400,1.26,18.11,空头,0.238,0.242,,
2026-10-01,表格,0219,RL,0.305,1.67,3127100,0.41,51.15,空头,0.306,0.296,,
2026-10-01,表格,7277,DIALOG,1.89,-2.58,3030300,0.42,37.79,空头,1.968,1.97,,
2026-10-01,表格,0358,ICTZONE,0.235,-4.08,3005500,0.96,41.86,空头,0.254,0.253,,
2026-10-01,表格,0208,GREATEC,2.56,0.39,2961300,0.51,49.62,多头,2.565,2.546,,
2026-10-01,表格,0469,GTA,0.27,0.0,2955700,0.17,16.24,空头,,,,
2026-10-01,表格,0296,HEGROUP,1.06,-0.93,2954900,0.6,68.86,多头,0.999,0.83,,
2026-10-01,表格,0097,VITROX,10.0,0.91,2941200,0.86,65.12,多头,9.647,9.19,,
2026-10-01,表格,0292,JTGROUP,1.37,-1.44,2772400,0.93,82.15,多头,1.121,0.929,,
2026-10-01,表格,6633,LHI,0.72,-0.69,2756700,1.64,43.63,空头,0.731,0.75,,
2026-10-01,表格,7943,GREENTEC,0.24,-5.88,2751900,8.79,74.69,多头,0.206,0.194,,
2026-10-01,表格,0245,MNHLDG,3.91,-0.76,2743800,0.91,60.28,多头,3.8,3.459,,
2026-10-01,表格,0192,INTA,0.41,-3.53,2634100,1.17,57.63,多头,0.4,0.383,,
2026-10-01,表格,5323,JPG,1.77,-3.8,2593500,0.34,36.32,空头,1.876,1.955,,
2026-10-01,表格,5357,SKYECHIP,2.89,0.0,2562500,0.87,39.66,空头,2.978,3.036,,
2026-10-01,表格,1015,AMBANK,6.39,0.16,2552800,0.57,26.41,空头,6.644,6.87,,
2026-10-01,表格,5199,HIBISCS,2.15,1.42,2541300,0.37,46.92,空头,2.207,2.111,,
2026-10-01,表格,5211,SUNWAY,4.35,-1.58,2512600,0.5,28.36,空头,4.634,4.941,,
2026-10-01,表格,0456,MMCS,0.34,0.0,2508600,1.89,31.63,空头,0.357,0.391,,
2026-10-01,表格,0098,AUMAS,0.335,-2.9,2485900,1.85,36.79,空头,0.355,0.362,,
2026-10-01,表格,1589,IWCITY,0.205,0.0,2485000,2.83,39.23,空头,0.212,0.223,,
2026-10-01,表格,0233,PEKAT,2.79,-3.79,2471000,0.95,74.59,多头,2.415,2.015,,
2026-10-01,表格,7153,KOSSAN,1.14,1.79,2470800,0.27,49.15,空头,1.154,1.105,,
2026-10-01,表格,0337,SET,0.23,-2.13,2460800,1.48,42.62,空头,0.238,0.244,,
2026-10-01,表格,0056,NCT,0.565,1.8,2439900,1.09,51.15,空头,0.563,0.562,,
2026-10-01,表格,0338,KOPI,0.895,-1.1,2414500,0.76,36.74,多头,0.922,0.968,,
2026-10-01,表格,7233,DUFU,2.82,-0.35,2360500,0.78,53.11,多头,2.798,2.714,,
2026-10-01,表格,0045,SSB8,0.645,-0.77,2332300,0.6,57.65,多头,0.625,0.588,,
2026-10-01,表格,4863,TM,7.87,-1.75,2331300,0.64,50.19,多头,7.884,7.817,,
2026-10-01,表格,6139,TAKAFUL,2.89,-1.7,2234700,1.83,26.06,空头,3.034,3.136,,
2026-10-01,表格,0391,AMBEST,1.38,0.73,2234400,0.7,56.65,空头,1.353,1.18,,
2026-10-01,表格,8524,TALIWRK,0.245,-3.92,2193600,0.8,42.92,多头,0.253,0.267,,
2026-10-01,表格,5176,SUNREIT,2.04,-0.49,2153300,0.74,43.98,多头,2.059,2.098,,
2026-10-01,表格,5053,OSK,1.74,-3.33,2106600,1.61,26.45,空头,1.875,1.952,,
2026-10-01,表格,5249,IOIPG,3.41,-1.45,2073700,0.36,34.83,空头,3.566,3.689,,
2026-10-01,表格,6947,CDB,2.51,-2.33,2026600,0.6,28.28,空头,2.642,2.768,,
2026-10-01,表格,0167,MCLEAN,0.76,-1.3,2009500,0.76,51.06,多头,0.759,0.742,,
2026-10-01,表格,5271,PECCA,1.39,0.0,1914800,0.96,65.21,空头,1.365,1.329,,
2026-10-01,表格,5306,FFB,1.86,-2.62,1911000,0.61,30.37,空头,1.95,2.063,,
2026-10-01,表格,0359,HKB,0.655,4.8,1899100,1.65,60.05,多头,0.629,0.605,,
2026-10-01,表格,5317,CPETECH,1.24,-1.59,1885700,0.47,51.51,空头,1.246,1.155,,
2026-10-01,表格,0398,GDGROUP,0.38,0.0,1862000,2.28,53.25,多头,0.378,0.38,,
2026-10-01,表格,3794,MCEMENT,5.49,0.73,1827600,0.96,40.06,多头,5.623,6.033,,
2026-10-01,表格,0399,AMS,0.445,-2.2,1825200,0.98,47.98,多头,0.449,0.459,,
2026-10-01,表格,5005,UNISEM,4.19,0.24,1795100,0.68,43.61,空头,4.355,4.4,,
2026-10-01,表格,0351,LSH,1.61,0.63,1789200,4.87,52.77,空头,1.6,1.6,,
2026-10-01,表格,5218,VANTNRG,0.335,0.0,1722800,0.36,48.05,多头,0.339,0.334,,
2026-10-01,表格,0396,ADNEX,0.435,2.35,1702100,3.93,59.08,多头,0.419,0.415,,
2026-10-01,表格,4383,JTIASA,0.955,-1.04,1693700,0.39,36.3,空头,0.989,1.04,,
2026-10-01,表格,0240,CORAZA,1.07,0.94,1693300,0.66,44.6,多头,1.09,1.119,,
2026-10-01,表格,0455,BUSCAP,0.535,1.9,1663800,0.89,59.26,多头,0.507,0.418,,
2026-10-01,表格,5789,LBS,0.385,0.0,1663200,1.15,41.44,空头,0.388,0.398,,
2026-10-01,表格,0328,3REN,0.36,-1.37,1630200,1.18,36.77,空头,0.382,0.391,,
2026-10-01,表格,0293,KJTS,0.995,-4.33,1627500,1.03,45.47,多头,1.026,1.018,,
2026-10-01,表格,5248,BAUTO,0.915,1.1,1624400,0.72,41.94,空头,0.927,0.945,,
2026-10-01,表格,4243,WTK,0.92,0.0,1619300,0.68,31.66,空头,1.012,1.019,,
2026-10-01,表格,5330,TMK,2.85,0.71,1609300,1.24,44.28,空头,2.944,2.828,,
2026-10-01,表格,0395,OGX,0.44,-2.22,1608100,0.52,50.27,多头,0.437,0.451,,
2026-10-01,表格,5322,FEYTECH,0.22,-4.35,1600500,2.41,41.23,多头,0.23,0.233,,
2026-10-01,表格,9059,TSH,1.25,0.0,1600200,0.54,33.9,空头,1.361,1.318,,
2026-10-01,表格,8583,MAHSING,0.965,-1.03,1565400,0.34,29.06,空头,1.029,1.075,,
2026-10-01,表格,0151,KGB,8.51,-1.39,1525200,0.53,46.3,多头,8.66,8.594,,
2026-10-01,表格,6012,MAXIS,3.46,-2.81,1507000,0.77,38.68,空头,3.559,3.604,,
2026-10-01,表格,3557,ECOFIRS,0.33,-2.94,1505100,0.62,46.36,多头,0.335,0.341,,
2026-10-01,表格,0206,NADIBHD,0.3,0.0,1500000,5.26,38.77,空头,0.307,0.318,,
2026-10-01,表格,5106,AXREIT,1.84,1.66,1498900,1.06,52.9,多头,1.815,1.841,,
2026-10-01,表格,3182,GENTING,1.9,0.53,1492700,0.33,39.51,空头,1.94,2.061,,
2026-10-01,表格,0468,UNIPAC,0.26,1.96,1489500,0.1,,多头,,,,
2026-10-01,表格,9792,SEG,0.635,0.0,1460000,1.04,52.65,多头,0.634,0.629,,
2026-10-01,表格,7293,YINSON,2.09,-0.95,1434400,0.5,53.71,多头,2.07,2.011,,
2026-10-01,表格,3417,E&O,0.77,0.0,1424800,0.98,49.44,多头,0.773,0.765,,
2026-10-01,表格,0065,EFORCE,0.205,-4.65,1421400,0.17,54.0,多头,0.201,0.175,,
2026-10-01,表格,0298,WENTEL,0.255,-1.92,1386300,0.88,38.92,空头,0.267,0.278,,
2026-10-01,表格,7579,AWC,0.67,-2.19,1363200,0.71,74.77,多头,0.59,0.505,,
2026-10-01,表格,4634,POS,0.245,0.0,1358100,1.14,43.89,空头,0.253,0.251,,
2026-10-01,表格,5309,ITMAX,4.59,-0.22,1351400,0.61,58.47,多头,4.483,4.488,,
2026-10-01,表格,5180,CLMT,0.56,-0.88,1348600,0.34,30.73,空头,0.581,0.586,,
2026-10-01,表格,3395,BJCORP,0.25,0.0,1341400,0.64,51.92,多头,0.25,0.25,,
2026-10-01,表格,6181,MALTON,0.22,0.0,1340800,1.69,41.82,空头,0.226,0.228,,
2026-10-01,表格,0357,OHM,0.37,-3.9,1308800,2.56,34.85,空头,0.394,0.407,,
2026-10-01,表格,0032,REDTONE,0.345,4.55,1301800,0.65,50.42,空头,0.349,0.322,,
2026-10-01,表格,0366,ICENTS,0.815,-2.98,1265000,0.56,51.07,空头,0.827,0.744,,
2026-10-01,表格,7243,MAGMA,0.275,-3.51,1214600,2.17,22.92,空头,0.288,0.286,,
2026-10-01,表格,5212,PAVREIT,1.53,-1.29,1203300,0.29,37.06,空头,1.574,1.639,,
2026-10-01,表格,0450,MFGROUP,0.26,0.0,1181400,1.39,45.51,空头,0.261,0.265,,
2026-10-01,表格,0370,XPB,0.21,-6.67,1171200,0.3,54.83,多头,0.207,0.182,,
2026-10-01,表格,5284,LCTITAN,0.335,3.08,1167000,0.45,50.15,空头,0.335,0.33,,
2026-10-01,表格,5401,TROP,1.2,3.45,1163600,1.11,54.96,多头,1.177,1.196,,
2026-10-01,表格,5318,DXN,0.465,1.09,1162100,0.41,52.83,空头,0.463,0.461,,
2026-10-01,表格,6599,AEON,0.925,-1.6,1138400,1.23,21.85,空头,0.968,1.004,,
2026-10-01,表格,0272,TTVHB,0.24,2.13,1118000,0.37,46.65,空头,0.245,0.252,,
2026-10-01,表格,7498,RALCO,1.01,4.12,1116000,1.9,59.84,多头,0.985,0.976,,
2026-10-01,表格,0108,N2N,0.31,0.0,1115300,1.77,46.99,空头,0.313,0.315,,
2026-10-01,表格,7081,PHARMA,1.01,-2.88,1064800,0.49,23.5,空头,1.095,1.142,,
2026-10-01,表格,1619,DRBHCOM,0.895,-3.24,1054000,1.95,29.96,空头,0.946,0.961,,
2026-10-01,表格,5315,SKYWLD,0.38,-1.3,1043600,2.0,38.13,空头,0.391,0.397,,
2026-10-01,表格,0273,VLB,0.955,5.52,1037200,0.37,60.28,多头,0.905,0.821,,
2026-10-01,表格,5236,MATRIX,1.07,-1.83,1016500,0.89,27.01,空头,1.133,1.174,,
2026-10-01,表格,3565,WCEHB,0.7,-1.41,1011300,1.97,48.37,空头,0.704,0.693,,
2026-10-01,表格,5109,YTLREIT,0.975,-0.51,1009800,1.53,27.89,空头,0.994,1.005,,
2026-10-01,表格,0271,WELLS,0.625,0.0,1001000,0.98,41.61,空头,0.63,0.636,,
2026-10-01,表格,7052,PADINI,1.02,0.99,1000700,0.41,32.96,空头,1.069,1.24,,
2026-10-01,表格,5123,SENTRAL,0.64,-0.78,991500,1.37,33.82,空头,0.658,0.677,,
2026-10-01,表格,6114,MKH,1.99,0.0,979900,1.51,65.76,空头,1.989,1.982,,
2026-10-01,表格,7161,KERJAYA,3.52,-4.86,958200,0.28,62.55,多头,3.394,2.96,,
2026-10-01,表格,0246,CNERGEN,0.905,-0.55,937700,0.52,53.05,多头,0.907,0.801,,
2026-10-01,表格,0265,INFOM,1.76,2.92,930600,1.85,78.17,多头,1.626,1.555,,
2026-10-01,表格,2852,CMSB,0.95,-0.52,913500,0.49,36.08,空头,0.985,1.006,,
2026-10-01,表格,5139,AEONCR,4.89,-2.59,909600,2.05,21.08,空头,5.316,5.532,,
2026-10-01,表格,0128,FRONTKN,5.02,0.8,896500,0.18,52.03,多头,4.984,5.044,,
2026-10-01,表格,5041,PBA,2.07,-3.27,894100,1.83,38.73,空头,2.167,2.147,,
2026-10-01,表格,7160,PENTA,5.06,-0.39,864100,0.35,43.32,空头,5.233,5.279,,
2026-10-01,表格,7095,PIE,1.64,-1.2,851600,0.84,44.95,空头,1.704,1.629,,
2026-10-01,表格,0112,MIKROMB,0.635,-0.78,840900,0.25,56.5,空头,0.635,0.598,,
2026-10-01,表格,4715,GENM,1.49,1.36,828200,0.35,33.68,空头,1.54,1.655,,
2026-10-01,表格,7197,GESHEN,1.13,2.73,825500,1.9,37.83,空头,1.161,1.267,,
2026-10-01,表格,0291,CHB,2.37,0.42,825100,0.52,63.39,多头,2.257,2.057,,
2026-10-01,表格,5263,SUNCON,7.49,-3.23,818200,0.21,45.31,多头,7.657,7.818,,
2026-10-01,表格,0375,THMY,2.17,-2.25,818000,0.37,65.91,多头,1.98,1.906,,
2026-10-01,表格,3816,MISC,7.65,0.13,811600,0.46,41.29,空头,7.819,7.948,,
2026-10-01,表格,5227,IGBREIT,2.74,-3.18,806000,0.22,45.19,空头,2.771,2.756,,
2026-10-01,表格,5141,DAYANG,1.45,-0.68,786600,0.31,43.0,多头,1.471,1.515,,
2026-10-01,表格,0168,BMGREEN,1.54,-3.14,784200,0.85,38.05,空头,1.631,1.706,,
2026-10-01,表格,7231,WELLCAL,1.12,-0.88,783200,3.19,52.95,多头,1.116,1.113,,
2026-10-01,表格,5012,TAANN,5.82,0.34,753600,1.42,42.2,空头,5.956,5.906,,
2026-10-01,表格,5031,TIMECOM,5.79,-0.17,725700,0.44,44.48,空头,5.869,5.914,,
2026-10-01,表格,7252,TEOSENG,0.81,1.25,699800,2.28,46.25,多头,0.811,0.842,,
2026-10-01,表格,3379,INSAS,0.885,-1.67,687900,1.28,41.82,空头,0.894,0.899,,
2026-10-01,表格,9075,THETA,0.625,-0.79,665700,0.61,44.65,空头,0.645,0.659,,
2026-10-01,表格,7249,SKYGATE,0.78,-4.29,663700,0.62,35.49,空头,0.862,0.804,,
2026-10-01,表格,0325,NE,1.12,0.9,663300,0.43,55.13,多头,1.094,1.068,,
2026-10-01,表格,5162,VSTECS,1.6,-1.23,661100,0.41,44.34,多头,1.627,1.683,,
2026-10-01,表格,5916,MSC,1.66,-1.19,652400,0.43,36.44,空头,1.735,1.845,,
2026-10-01,表格,3069,MFCB,3.01,1.01,643500,0.56,56.74,空头,2.957,2.909,,
2026-10-01,表格,5208,EITA,0.795,2.58,638700,3.84,78.13,多头,0.705,0.627,,
2026-10-01,表格,5272,RANHILL,3.27,-1.8,624500,0.25,67.98,多头,3.031,2.6,,
2026-10-01,表格,7163,PJBUMI,4.03,-1.95,621100,0.93,57.49,多头,4.002,3.877,,
2026-10-01,表格,5073,NAIM,0.62,-0.8,617900,0.44,49.82,多头,0.626,0.611,,
2026-10-01,表格,5280,KIPREIT,0.86,1.18,591400,0.95,57.65,多头,0.853,0.848,,
2026-10-01,表格,0308,KTI,0.515,-0.96,584800,2.05,44.4,空头,0.52,0.529,,
2026-10-01,表格,7179,LAGENDA,1.52,0.66,577900,0.75,41.96,空头,1.571,1.51,,
2026-10-01,表格,7004,MCEHLDG,1.42,-3.4,576600,6.36,18.5,空头,1.514,1.521,,
2026-10-01,表格,1818,BURSA,8.04,-0.37,572900,0.3,34.81,空头,8.245,8.408,,
2026-10-01,表格,0326,SORENTO,0.675,0.0,550100,1.08,57.84,多头,0.658,0.648,,
2026-10-01,表格,5135,SWKPLNT,4.11,-1.91,526000,2.15,28.85,空头,4.445,4.467,,
2026-10-01,表格,0263,BETA,0.665,-2.92,512600,0.93,41.43,空头,0.691,0.712,,
2026-10-01,表格,0146,JFTECH,0.665,0.0,512400,0.46,48.34,多头,0.672,0.676,,
2026-10-01,表格,5185,AFFIN,2.0,0.0,502600,0.69,33.84,空头,2.034,2.107,,
